date,bikes_hired,Baseline,A,B,C,D,E
2014-01-01,4327,23779.60572414,25659.13799547,24027.58012823,23649.37387371,18802.60128572,17734.64468669
2014-01-02,15820,23981.84302521,25938.05875648,25136.44835144,23961.48746273,23015.97414623,23103.07542974
2014-01-03,11636,23981.84302521,24415.52470939,24347.75961329,22333.25867199,16719.91856799,17206.12117920
2014-01-04,6918,22970.65651987,21166.02844135,20161.95987453,19118.85440100,17709.85004337,17577.44586659
2014-01-05,9145,20746.04620813,16758.44847082,15540.88873011,20125.10151367,19218.34634680,15884.77412820
2014-01-06,13066,26509.80928855,26136.23505107,25359.17122543,22611.58098341,16487.37463911,17390.84343765
2014-01-07,17420,25498.62278321,27412.03734482,27226.57801204,23550.47165654,17644.46064370,18490.45424635
2014-01-08,19770,24386.31762734,26265.15742540,24759.89143145,23336.27036973,24188.99007187,25190.05700486
2014-01-09,19143,23880.72437467,25837.05551815,25781.45261170,26366.66648965,24329.95171623,22785.73801757
2014-01-10,18840,21352.75811133,21789.44051303,20649.58274459,22310.97082849,23676.62090371,22807.30328764
2014-01-11,15723,21251.63946079,19448.97338989,19116.54793692,18534.05480615,19685.96266904,20724.82869228
2014-01-12,11975,19027.02914905,15041.39341936,13647.67789636,16528.05838818,14902.11776592,14391.50253830
2014-01-13,17721,22465.06326720,22096.10551822,21062.48082275,20122.62598833,19055.55906667,19927.43811000
2014-01-14,20740,20038.21565439,21957.86247546,21887.28893931,20330.50402173,22312.09104237,23748.46759774
2014-01-15,19243,24184.08032627,26063.15094876,23526.68895154,22722.34578266,20878.04127931,21462.03177840
2014-01-16,18861,24184.08032627,26140.06523312,24875.90991909,22467.01239927,23585.48161949,24700.50113163
2014-01-17,17434,22465.06326720,22900.47613457,21447.13989106,19764.38699644,19452.80773307,20258.35091767
2014-01-18,15333,23375.13112200,21570.04139464,20508.86759398,18384.75856971,18742.90488679,19792.02842211
2014-01-19,16083,21858.35136400,17869.48409236,16903.64514068,16056.47284377,18056.34472412,19417.50145181
2014-01-20,21218,18319.19859531,17954.97274704,16340.95321615,18590.39761829,20757.45607237,20410.49699707
2014-01-21,21756,18015.84264371,19937.79770903,18295.66704572,20212.47887845,18952.95574134,20474.02971102
2014-01-22,21072,22161.70731560,24043.08618233,22337.16393037,22280.83272616,20876.81109685,21337.82033190
2014-01-23,20020,20442.69025652,22402.94541523,21974.84525620,21797.69172773,20354.43203624,21326.56579817
2014-01-24,19272,19835.97835332,20274.39193821,19747.34613470,20221.64912862,20510.78626310,21257.08332044
2014-01-25,14581,22768.41921880,20964.02196471,19675.62785074,21180.56711343,15495.63812077,15462.03190862
2014-01-26,7033,20442.69025652,16455.43875586,16466.61711072,18192.22494606,15850.91942281,13640.87231639
2014-01-27,18285,19633.74105225,19268.01484522,19582.85412274,20857.51699347,19055.03780961,18370.63744822
2014-01-28,19939,21251.63946079,23169.90133532,22302.25576956,22485.91018951,23939.58943159,23616.02248812
2014-01-29,10585,20543.80890706,22427.03436919,21615.66075667,18904.40519081,16547.75201459,19163.76376271
2014-01-30,17052,20240.45295546,22200.93893858,20519.60020825,19012.11376128,17685.72260549,20271.30727964
2014-01-31,13859,20644.92755759,21082.41784478,19351.13442142,19965.57233278,16899.66189635,17782.66740546
2014-02-01,13981,22465.06326720,20661.01224975,21227.11255947,19577.03040912,15004.28999586,15761.50956048
2014-02-02,15924,22262.82596613,18273.49704564,19309.49303649,18446.30253666,16080.77456246,16642.19449661
2014-02-03,20370,20948.28350919,20581.05694340,20119.87283686,19389.48458900,18606.21486860,20883.27840426
2014-02-04,21217,21757.23271346,23674.91752693,24305.32766115,23321.34388107,21534.43710970,22538.62197524
2014-02-05,29418,23071.77517040,24952.11532722,25353.27124553,23698.84691167,16907.08506301,18203.38151408
2014-02-06,25395,22970.65651987,24928.02637326,24339.82896082,23269.95994685,18068.32328579,17926.62319925
2014-02-07,19857,22667.30056827,23102.48261121,22700.52805897,21559.55616167,17830.00610839,19136.11029637
2014-02-08,10928,23172.89382094,21368.03491800,21879.61886652,18984.46093815,13814.40988162,16497.47133677
2014-02-09,11657,21959.47001453,17970.48733068,20376.52123313,17467.94149236,12927.39148078,14540.18470305
2014-02-10,19278,20644.92755759,20278.04722843,19168.33223315,19446.49787182,19644.23906041,20430.77339267
2014-02-11,18514,19937.09700385,21856.85923714,22451.55044756,21606.23180296,16517.70192957,16724.91056934
2014-02-12,18000,21049.40215973,22932.05056079,23820.58952829,23620.47051357,18339.52467154,17908.20505979
2014-02-13,20954,20543.80890706,22503.94865355,24902.70777256,23180.82513182,21588.31988271,22034.78984040
2014-02-14,12794,21656.11406293,22092.45022800,21580.93766029,26465.05072943,17408.39235182,12912.06001816
2014-02-15,11208,23880.72437467,22075.05758625,24227.72296587,21227.64008781,12416.81549552,14339.40723040
2014-02-16,18484,20847.16485866,16859.45170914,18206.33730242,18948.18197477,18561.23223408,19875.21142432
2014-02-17,19013,22465.06326720,22096.10551822,20961.55238273,22922.52736700,22127.82252534,22914.76817486
2014-02-18,19484,23375.13112200,25290.96934007,23573.46129859,23039.13751633,23849.00418739,25240.31301713
2014-02-19,21556,22667.30056827,24548.10237394,22907.05197371,23969.43865463,24692.11473687,26780.88072408
2014-02-20,19396,25094.14818108,27049.09437801,25449.54898583,24577.65000218,25008.46158044,25347.98477968
2014-02-21,21269,21656.11406293,22092.45022800,23337.09251660,23698.07008621,21295.11828939,21995.76882857
2014-02-22,20033,22768.41921880,20964.02196471,22239.21022719,22834.24113222,22896.04930923,24134.41423856
2014-02-23,13680,25296.38548215,21303.59419528,21295.63744828,19614.79888858,17578.59750992,19701.94268507
2014-02-24,21469,25599.74143375,25227.20590618,25572.77399083,25979.40856517,26074.78969894,27267.41666899
2014-02-25,20713,24184.08032627,26098.99524664,26164.73140983,25607.93227589,24111.65700008,25250.74649997
2014-02-26,23938,22262.82596613,24144.08942065,25103.54094270,26515.66084139,25034.43880278,25930.52568378
2014-02-27,20629,22363.94461667,24322.00694333,24838.84462582,25510.38270040,23667.87934110,24416.13657369
2014-02-28,13781,19937.09700385,20375.39517653,18779.37086638,17211.38852479,16193.19109089,20787.18551354
2014-03-01,18823,19937.09700385,18135.93129171,17772.10170266,19035.13649736,18891.65617862,20871.14606745
2014-03-02,11727,21858.35136400,17869.48409236,17448.65871677,18146.58429136,16786.95009643,18450.32995520
2014-03-03,18150,21049.40215973,20682.06018172,19575.79701662,20246.59040275,20178.74123538,21686.48291217
2014-03-04,23069,20948.28350919,22866.89162035,22824.27039010,24651.17729008,26230.14484426,28012.97874323
2014-03-05,25102,22262.82596613,24144.08942065,25386.14057475,29023.62878634,29619.85956924,29413.81929030
2014-03-06,24696,24184.08032627,26140.06523312,26167.79395132,28818.74284104,26717.80365140,27749.75920305
2014-03-07,24385,25296.38548215,25728.56680757,25732.57722355,29075.75361107,28765.27379821,25812.09819930
2014-03-08,25556,25903.09738535,24095.12235267,25356.69092303,26866.99945885,23337.72833507,23861.58118176
2014-03-09,33955,27824.35174549,23828.67515332,26426.06040938,29283.99153610,26911.97236556,26263.47064615
2014-03-10,24347,24082.96167574,23712.15733136,24125.52380486,25289.13514602,24213.43822199,26450.01166994
2014-03-11,23871,23274.01247147,25189.96610175,24783.66482296,25948.59212894,25204.70704778,26178.08633698
2014-03-12,27173,23678.48707361,25558.13475715,24995.55539655,30695.50027334,29774.74473909,29021.21072138
2014-03-13,27552,23981.84302521,25938.05875648,25318.11954347,30485.91131128,29915.41970588,29197.94138270
2014-03-14,28134,23577.36842307,24011.51175610,23960.48051782,30909.28470075,26584.73970443,24897.54390531
2014-03-15,29664,26914.28389069,25105.15473589,27364.45159386,28569.56715425,26662.30663677,27190.67021773
2014-03-16,34421,27622.11444442,23626.66867667,24829.51554541,26618.62945306,25952.19827557,27006.45935920
2014-03-17,26465,25599.74143375,25227.20590618,25269.98867078,25691.66915999,26370.06574689,28134.37009281
2014-03-18,25502,25599.74143375,27513.04058314,28317.54292008,27541.40420323,24668.93431734,27149.22030592
2014-03-19,26719,25903.09738535,27780.20600022,29154.25206594,29230.09622074,27115.67792668,28535.90854334
2014-03-20,23718,25599.74143375,27554.11056962,26927.79298932,28627.76923049,22680.27348456,26330.26807657
2014-03-21,23821,24082.96167574,24516.52794771,26064.48084943,25297.05911587,23339.54670953,25885.70273664
2014-03-22,19091,22566.18191773,20762.01548807,22580.49141155,22075.37505172,21333.45526348,22453.50701064
2014-03-23,17463,20341.57160599,16354.43551754,16728.09329892,19656.00783051,20337.26441684,20721.41087872
2014-03-24,24055,20341.57160599,19975.03751347,21264.83051797,24480.18869886,23448.16812195,26119.52989522
2014-03-25,19421,22465.06326720,24381.94019518,25240.43360025,25272.19813459,23484.33278553,24496.82002971
2014-03-26,20493,19330.38510065,21214.99550933,20251.96659025,21964.45041255,22428.35490927,24403.34020852
2014-03-27,23462,20644.92755759,22604.95189187,22178.57764793,24753.03659446,22565.49854973,25171.35531152
2014-03-28,24198,22465.06326720,22900.47613457,22294.93878720,25896.36308562,23527.17805028,25431.35998267
2014-03-29,29511,26610.92793909,24802.14502092,25787.15466204,29090.23142111,24963.10861775,26782.81331167
2014-03-30,26605,28026.58904656,24030.68162996,25216.79464087,27347.66459211,26610.71414960,25762.21840906
2014-03-31,26715,27925.47039603,27550.28038757,26886.22640757,26717.82797938,27798.71558060,29335.70649383
2014-04-01,29782,27824.35174549,29735.11182621,29266.71519691,32427.63185847,32828.69890029,35529.72436353
2014-04-02,28876,27723.23309496,29598.26429001,28525.18965510,30473.21635659,28286.09636065,29908.31019289
2014-04-03,28245,28532.18229923,30483.20448094,28731.32845324,29506.54325042,28815.52250679,32131.35864948
2014-04-04,27401,27419.87714336,27849.63481232,26014.68404042,24587.49047720,25118.47044202,32226.11081780
2014-04-05,25648,27116.52119176,25307.16121253,23975.13152097,25973.19316477,25735.16679038,28418.77279874
2014-04-06,16387,29442.25015403,25444.72696646,21939.65607817,19728.32451898,20065.23649714,24869.78955647
2014-04-07,18883,28633.30094976,28257.30305582,24813.66483415,22565.33411670,23191.82740899,24625.08340405
2014-04-08,26654,24588.55492841,26503.00819992,28388.90811361,28224.05352527,26330.59732547,29406.67985906
2014-04-09,29621,25700.86008428,27578.19952358,28546.80591414,32152.93066589,32240.34175927,34656.96628029
2014-04-10,29229,26509.80928855,28463.13971451,29782.41480046,31136.12321172,33357.80301208,36103.67118934
2014-04-11,28435,26914.28389069,27344.61862071,28735.06314165,28373.69300007,30387.33381493,33802.66536522
2014-04-12,25706,25599.74143375,23792.11263771,23900.50811923,23918.05972240,22501.38426944,27189.79382985
2014-04-13,31404,26509.80928855,22515.63305514,24294.37234298,24905.54494097,25332.01153633,30014.22580259
2014-04-14,28742,25498.62278321,25126.20266786,27873.00466739,28329.82171718,27812.10855549,32528.85877597
2014-04-15,30031,22667.30056827,24583.94667182,26514.00745617,29394.25484381,30348.74729363,34617.07058317
2014-04-16,30934,23678.48707361,25558.13475715,26993.93850890,29977.17645237,29330.87703017,33987.01382231
2014-04-17,27676,26307.57198748,28261.13323787,29639.23947273,32605.18953718,30767.74260633,31816.53297387
2014-04-18,22152,23779.60572414,24213.51823275,26344.26721394,25184.15966562,26340.04916435,32931.17887727
2014-04-19,21424,23779.60572414,21974.05434792,24166.22814601,24834.74110714,24863.28986217,29432.84079781
2014-04-20,7188,25700.86008428,21707.60714857,18433.02077518,18448.06925754,14531.31306837,17876.87851971
2014-04-21,20532,28127.70769709,27752.28686422,26262.34559116,30256.60221521,27637.55705033,29249.44478887
2014-04-22,22689,27318.75849282,29230.09563460,27061.78642528,27957.85131555,27073.17850543,33278.10193636
2014-04-23,27102,27723.23309496,29598.26429001,28505.00396710,29680.07967646,29375.30898243,33693.55328775
2014-04-24,29119,27925.47039603,29877.18505101,28180.68834205,29100.78563823,31103.47440816,34368.33821989
2014-04-25,20400,26509.80928855,26940.60566742,22998.57672526,23609.81502055,22101.66386051,26020.54970778
2014-04-26,25195,26408.69063802,24600.13854428,23040.02558187,23546.54440284,23418.80098128,25318.77388049
2014-04-27,21284,26408.69063802,22414.62981682,20982.98175456,20536.01424259,21628.84751199,27977.37350546
2014-04-28,29474,27622.11444442,27247.27067261,25288.74378775,27361.48880337,27196.41573465,31642.20849712
2014-04-29,46333,27015.40254122,28927.08591964,25989.13169355,25985.76350112,27780.19073466,35962.32331867
2014-04-30,49025,28026.58904656,29901.27400497,29194.13062676,32808.00333106,32565.78754374,37316.20166190
2014-05-01,16644,26408.69063802,28362.13647619,24835.98348375,25007.91847479,25683.61665360,29456.00270656
2014-05-02,26510,24588.55492841,25021.54413932,23263.35899619,21103.48463555,22803.76202961,31398.35222908
2014-05-03,31534,22667.30056827,20863.01872639,23247.55687152,25335.44879066,27998.91016381,33659.57644620
2014-05-04,33030,24993.02953055,21000.58448032,22423.22270893,25458.50230677,25965.93183627,29801.55290491
2014-05-05,33748,27520.99579389,27146.26743429,28214.73079241,30041.24181868,28559.57491254,33572.95690404
2014-05-06,32323,29543.36880457,31452.16687767,31826.05373478,31016.10525875,29460.45523163,36536.17554808
2014-05-07,28802,28228.82634763,30103.28048161,30709.93273872,29550.51330480,28085.54282325,35400.20273628
2014-05-08,19398,27925.47039603,29877.18505101,27413.63219792,26671.28728578,25510.71869979,26511.54441838
2014-05-09,30131,28936.65690136,29364.68338714,30207.18779487,28539.31851018,24672.72373015,32398.59667475
2014-05-10,19373,28228.82634763,26418.19683406,25640.67325159,26668.50842471,23023.08787932,26823.43881612
2014-05-11,17645,26307.57198748,22313.62657850,22334.48509495,20558.17253173,18685.25358813,25782.43895337
2014-05-12,26149,26712.04658962,26338.24152772,26067.54581725,26634.24505625,27991.11489429,33077.89604583
2014-05-13,25351,26105.33468642,28018.05677475,26566.07684302,27563.21673206,30176.35439177,35193.00488505
2014-05-14,34122,27116.52119176,28992.24486008,28983.83394409,31198.27730897,32580.15304890,38339.92578502
2014-05-15,35148,27824.35174549,29776.18181269,29370.70617841,32679.94287547,33837.82672933,39441.37903049
2014-05-16,36268,29846.72475617,30273.71253203,31184.54062168,33759.64163008,35902.01754826,41041.71147684
2014-05-17,38147,31869.09776684,30054.31341363,29953.79831888,31890.76591622,33086.81347876,37502.11234692
2014-05-18,43663,32172.45371845,28171.81440114,28141.79601516,29338.52095687,26723.07743790,33708.38022169
2014-05-19,37088,32981.40292272,32600.44230364,32827.33509702,34533.89717221,31983.74528450,37585.82756843
2014-05-20,33626,32273.57236898,34179.25431235,33425.85680696,33186.22920804,34364.67679892,37366.65697591
2014-05-21,34437,29745.60610563,31618.32905643,30643.25632444,30404.84644401,32026.66671432,33971.27527424
2014-05-22,30819,29947.84340670,31897.24981744,30157.45519536,29275.77399899,28779.60564842,33572.80701123
2014-05-23,30556,29341.13150350,29768.69634042,29787.03937019,28512.23193626,29912.84879891,37984.78458512
2014-05-24,18723,27520.99579389,25711.17416581,23393.49759226,23564.06170954,23510.45999996,29699.31254966
2014-05-25,33401,28936.65690136,24939.71077485,25305.97719552,24655.68431355,25543.28231460,33811.23578015
2014-05-26,12049,28431.06364869,28055.29657918,26285.34454671,27890.16063057,29272.02290091,30694.03897169
2014-05-27,14446,28127.70769709,30038.12154117,25837.96150386,22945.09695771,20994.91225159,25768.09554603
2014-05-28,21978,28228.82634763,30103.28048161,26067.22449791,25071.28353971,24096.74479089,29875.39371816
2014-05-29,29229,29947.84340670,31897.24981744,28845.38547513,28439.37787628,29336.03650019,39071.69662919
2014-05-30,31331,28532.18229923,28960.67043385,27660.04008304,25881.59680268,27176.97229085,35007.19716315
2014-05-31,35040,28431.06364869,26620.20331071,26449.97628343,27486.38816956,29826.81410893,37342.57089321
2014-06-01,36655,30857.91126151,26858.77230296,26353.26464482,27222.19502520,27711.31514656,34263.01336180
2014-06-02,33481,30453.43665937,30075.36134561,27676.72644792,27771.55657315,28590.21419494,36519.04043513
2014-06-03,29332,30048.96205724,31957.18306928,29206.60307356,30350.36445836,31988.13414576,36068.62314520
2014-06-04,25905,27824.35174549,29699.26752833,27960.92814685,26501.31969440,28378.29347900,33285.19967738
2014-06-05,34617,29037.77555190,30988.22067254,31965.72731304,33469.07566520,32140.08917017,39157.90860401
2014-06-06,37440,30453.43665937,30879.73196196,32118.70880493,34190.66214748,34454.29792202,40830.69439920
2014-06-07,29919,33284.75887432,31468.35875013,29987.11258876,30257.63041516,29674.28062269,31551.07864565
2014-06-08,44415,33284.75887432,29282.85002267,29161.39572967,30779.08192744,32904.02621928,38797.40161972
2014-06-09,34305,34093.70807859,33711.47792518,31424.65225111,35150.25158039,36586.72754116,35552.70478794
2014-06-10,40128,33588.11482592,35492.29641053,35779.58744140,34715.32426738,34020.31880964,43273.88054475
2014-06-11,39582,31767.97911631,33638.39382286,33911.90720997,35134.75455157,36106.34154134,44528.47377886
2014-06-12,39928,33183.64022378,35129.35344372,35375.18519942,36456.19384418,39664.44902802,47299.59167909
2014-06-13,40036,33891.47077752,34313.84206488,34350.83249616,35398.64362325,37220.39834898,43783.63105769
2014-06-14,32758,31565.74181524,29751.30369867,27770.93074695,26424.93288252,28096.49460657,35362.27145580
2014-06-15,28944,30048.96205724,26050.74639639,25578.70645390,23719.12359530,27126.98522499,32981.61504848
2014-06-16,31592,29341.13150350,28964.32572407,27444.36856555,26575.72119480,28385.54904047,36015.26471324
2014-06-17,37658,30655.67396044,32563.20249921,33794.38078545,33461.99922863,33626.68395632,42085.35131565
2014-06-18,35431,30857.91126151,32729.36467797,31218.77090287,31483.82994381,34019.61915608,40843.84614020
2014-06-19,36113,29341.13150350,31291.23038751,29041.61582008,31942.58713979,32296.22967718,39005.89045115
2014-06-20,36924,30655.67396044,31081.73843860,31393.89954850,33761.84730567,35692.95253823,40302.18350626
2014-06-21,42463,32981.40292272,31165.34903517,32245.09637761,33885.69078455,34173.79287330,40356.70815112
2014-06-22,41596,32273.57236898,28272.81763946,28284.03358703,29433.89767427,30383.81246025,37973.43587337
2014-06-23,35206,33082.52157325,32701.44554196,31818.98845269,34129.92149640,35596.08860396,42206.10746500
2014-06-24,38066,32273.57236898,34179.25431235,32436.75809479,35440.25454290,35237.58709628,40791.89416002
2014-06-25,39623,29947.84340670,31820.33553308,32603.14357247,33324.83532803,35001.11259534,43382.77626746
2014-06-26,35438,30048.96205724,31998.25305576,32419.19000761,32267.90968737,34222.42182988,42199.04109557
2014-06-27,35912,32273.57236898,32697.79025174,31590.57483411,33426.87175199,31615.24920324,34443.39471812
2014-06-28,20199,30048.96205724,28236.25512385,25839.22404889,25884.04061497,25693.04351842,29234.85451997
2014-06-29,26714,29341.13150350,25343.72372814,23472.83061059,22873.43353874,24524.71826891,33660.83268265
2014-06-30,32193,30251.19935830,29873.35486896,29491.56285654,29984.84671684,30778.76329782,36875.44444890
2014-07-01,39495,31060.14856257,32967.21545249,33999.98868888,34663.61070400,35403.73891405,43679.55275523
2014-07-02,40878,31767.97911631,33638.39382286,34234.87821803,37309.04277188,38603.92731979,44283.85507702
2014-07-03,43116,35408.25053553,37351.42468679,39796.29581285,39562.29378383,38261.08331938,46109.54655051
2014-07-04,38316,35509.36918606,35929.89387803,37817.58923834,39922.61873851,37729.28985401,42950.20850946
2014-07-05,27332,33183.64022378,31367.35551181,29098.00456076,27839.26851674,29043.11980002,36067.75849734
2014-07-06,31117,32172.45371845,28171.81440114,27839.01069511,27746.54041639,27941.13785655,31553.01417468
2014-07-07,36191,31161.26721311,30782.38401386,31316.71457949,33812.12040181,33958.44600216,36373.45957927
2014-07-08,35107,31060.14856257,32967.21545249,32708.10465665,33510.16407514,34355.73355779,38670.92557196
2014-07-09,38844,32172.45371845,34042.40677615,34803.82850552,35169.75398129,30841.67006317,34884.62513918
2014-07-10,32108,30251.19935830,32200.25953240,30563.98222298,27763.04194646,27127.73623957,32477.76001970
2014-07-11,27618,30352.31800884,30778.72872364,26869.49216817,25852.85924349,23157.48251168,27634.47841652
2014-07-12,38331,32779.16562165,30963.34255853,27782.18381714,30264.05439690,27811.86940966,34925.99525677
2014-07-13,33227,34397.06403019,30393.88564421,28061.49820381,28582.12391053,25731.88407099,25643.68656347
2014-07-14,38450,33082.52157325,32701.44554196,34059.59982108,36077.87212428,36319.22696546,41765.33858901
2014-07-15,40888,35206.01323446,37108.34822367,37086.47556720,36622.08362850,37195.12721985,44667.97297843
2014-07-16,42341,35610.48783660,37476.51687907,36995.58082074,39178.07433410,39404.93868540,45272.68638429
2014-07-17,42404,36621.67434193,38563.46354665,37667.86595466,37823.21098778,38733.57635849,46320.06276450
2014-07-18,40543,38441.81005154,38858.98778935,37521.81314988,40459.12538303,34922.03522615,38377.90592772
2014-07-19,37061,37835.09814834,36013.50447460,34591.27709074,35276.61151365,31173.44657248,26299.82391725
2014-07-20,34379,36116.08108926,32110.94069567,29429.88114947,29684.31847192,29837.18307511,32525.58204460
2014-07-21,38499,35913.84378820,35529.53621496,33561.02909675,34932.58285834,35552.51454060,41013.40829062
2014-07-22,42928,35206.01323446,37108.34822367,35814.77722298,38041.80932347,38523.22916293,44316.23631336
2014-07-23,42486,36419.43704087,38284.54278564,37770.13901166,40072.66349341,38339.85922012,43974.68892171
2014-07-24,42412,36722.79299247,38664.46678497,39142.35893476,39919.45335478,38647.59445243,45335.31602440
2014-07-25,31881,36014.96243873,36434.91006963,35420.18114516,38114.74480995,37333.48740960,40024.11717869
2014-07-26,43788,37531.74219674,35710.49475963,35779.41941540,36698.68441336,36869.85658163,42163.53381038
2014-07-27,39917,36217.19973980,32211.94393399,32599.97192187,30580.44366376,31056.30718529,35146.35575624
2014-07-28,36203,33082.52157325,32701.44554196,31919.91689271,30430.66193174,29685.36199909,28146.46044533
2014-07-29,42308,35408.25053553,37310.35470031,37815.03584702,38284.60172037,40341.29796733,45093.10513740
2014-07-30,43044,34801.53863232,36668.49097250,38279.96280618,38888.52071574,40133.36582679,45903.35781322
2014-07-31,41970,34902.65728286,36846.40849518,37127.09621714,38218.04398865,37466.85803427,42130.77062603
2014-08-01,40009,34498.18268072,34919.86149481,34517.94453528,34950.69170334,35085.29495835,40643.41005517
2014-08-02,38046,34295.94537966,32478.39113335,31207.63142746,31944.98224691,31002.87762675,34594.12738756
2014-08-03,41944,33183.64022378,29181.84678435,31401.06934221,31789.36066624,31945.47836727,37553.64382651
2014-08-04,39856,33689.23347645,33307.46497189,35074.51075635,35876.98897195,37359.85136862,41262.53456702
2014-08-05,40716,34093.70807859,35997.31260213,36813.74630882,36183.49165236,36773.97121188,41985.49686233
2014-08-06,38665,35307.13188499,37173.50716411,36346.82553708,37143.85448008,35716.53043808,38045.84017320
2014-08-07,42491,35104.89458393,37048.41497183,36462.84402472,37384.78369589,37201.70279995,41287.41486064
2014-08-08,34234,34801.53863232,35222.87120978,32078.28955440,32112.40400923,31020.55778582,32646.87315017
2014-08-09,47454,33385.87752485,31569.36198845,31623.09107290,32198.34695199,26873.33273981,27873.53985775
2014-08-10,23980,32779.16562165,28777.83383106,27218.88090209,27406.51502275,21843.04668275,22636.77470097
2014-08-11,31725,31666.86046578,31287.40020546,32391.24482292,32655.32213050,30448.74689382,35203.88594358
2014-08-12,34827,31161.26721311,33068.21869081,34303.71176478,33580.96101533,31904.14729427,38110.43195173
2014-08-13,37856,32172.45371845,34042.40677615,35086.42813757,35862.23050300,34859.60172621,39214.99044355
2014-08-14,27185,30959.02991204,32907.28220065,32064.28742618,33108.39461565,34515.87805025,36791.45334853
2014-08-15,32510,30959.02991204,31384.74815356,30952.62767997,31033.68241747,30351.12151770,35454.22136945
2014-08-16,47245,31161.26721311,29347.29074538,30512.43329204,30357.86795690,28326.24113859,33430.57452754
2014-08-17,39952,31767.97911631,27767.80144785,29591.41452802,27888.08965756,26436.55723697,29369.06979949
2014-08-18,30784,30048.96205724,29671.34839232,30721.01431305,31445.52498521,32190.27203143,36415.65604741
2014-08-19,35332,28532.18229923,30442.13449446,32603.91800843,32135.04511388,32592.99830807,35144.17265077
2014-08-20,36817,28431.06364869,30305.28695826,32669.81998676,33017.20825632,34377.56027087,39177.26936218
2014-08-21,33236,28431.06364869,30382.20124262,32061.02921797,32758.41107123,31346.07927614,36620.96935981
2014-08-22,34047,30150.08070777,30576.72224699,31651.62471330,31683.86595713,32809.89732956,36665.37300084
2014-08-23,29999,28532.18229923,26721.20654903,28792.45384768,29352.14495153,30236.26348642,34338.81913370
2014-08-24,30962,28835.53825083,24838.70753653,26839.15172794,27589.96433301,28524.13533245,31867.60135110
2014-08-25,6175,30048.96205724,29671.34839232,26582.94827233,25266.53398617,22701.43710673,21558.99507990
2014-08-26,18448,30756.79261097,32664.20573753,29616.88112457,26722.09336878,23432.67505049,25776.53829465
2014-08-27,32286,30655.67396044,32527.35820133,31883.02309529,32440.23262649,32481.84744837,36256.05485124
2014-08-28,31842,33689.23347645,35634.36963533,33583.34774635,33621.04198001,33084.74477756,37599.03015848
2014-08-29,32439,32273.57236898,32697.79025174,31731.87465013,30944.45837783,27889.79274726,33858.73018253
2014-08-30,30832,32475.80967005,30660.33284356,30423.69567805,28153.70706282,28877.35692332,31837.73462064
2014-08-31,33312,31869.09776684,27868.80468617,28482.13944367,29561.93607219,30279.46615648,32881.85374711
2014-09-01,27455,30756.79261097,30378.37106057,27497.86852343,29014.05310188,29762.93163769,34933.67731332
2014-09-02,36836,31970.21641738,33876.24459739,32312.83069922,32253.12535521,33211.41025214,41289.92546484
2014-09-03,36523,32374.69101951,34244.41325279,32423.79283280,33773.20443849,32828.56882002,41169.70860284
2014-09-04,35448,32576.92832058,34523.33401379,32462.81959182,32795.46379510,32515.90373767,41109.52831362
2014-09-05,35013,31970.21641738,32394.78053678,30134.39203031,30565.61862591,30962.91659696,36890.34765537
2014-09-06,33434,32172.45371845,30357.32312860,28503.24205017,28490.80192057,29269.75432820,34149.39332504
2014-09-07,34248,30959.02991204,26959.77554128,25728.44607256,28377.23311847,28789.01580009,33875.59733414
2014-09-08,36983,30352.31800884,29974.35810729,30400.85657254,34008.01687100,33964.44247337,39311.17862190
2014-09-09,37674,30453.43665937,32361.19602256,32702.47812156,34683.26762258,34763.59999359,40434.47610534
2014-09-10,37091,29846.72475617,31719.33229475,31613.10710445,33917.20380858,33715.61636529,39760.18241738
2014-09-11,35303,30048.96205724,31998.25305576,31793.43367950,31832.20248542,30153.20504308,37309.39362185
2014-09-12,37144,31565.74181524,31990.76758349,30514.16907898,33340.81324604,33341.89982583,39208.97294220
2014-09-13,34174,30959.02991204,29145.28426874,27624.00439584,30044.99402458,28375.59764625,34772.91386065
2014-09-14,31770,31464.62316471,27464.79173289,26116.66292387,26907.43253677,24826.90906457,32198.95365883
2014-09-15,36629,31363.50451418,30984.39049050,28977.05028278,31324.35606658,31314.61717423,36600.68828793
2014-09-16,37535,32678.04697111,34583.26726563,31895.49554209,35005.50434596,33356.89083196,38902.32990357
2014-09-17,38583,32678.04697111,34547.42296775,31821.03546024,31482.30593986,30989.24730179,39341.30050783
2014-09-18,38442,34194.82672912,36139.38582693,33648.59358960,37009.40914243,35585.07134413,36264.26512639
2014-09-19,36841,34093.70807859,34515.84854153,30921.14104726,32747.84146037,32483.22351304,36701.32103502
2014-09-20,31031,31767.97911631,29953.31017531,25612.93764228,23324.67476976,24475.96706065,34290.50299306
2014-09-21,33334,29442.25015403,25444.72696646,24220.63882257,22874.44060908,23453.98290733,31630.76246898
2014-09-22,35178,28127.70769709,27752.28686422,28240.54301550,31017.74691749,29855.17092273,34476.66639392
2014-09-23,36460,28532.18229923,30442.13449446,30767.02040011,32733.29888423,30522.51317063,33964.55531122
2014-09-24,32680,29138.89420243,31012.30962651,31021.15786141,31091.96260871,30252.18199703,35573.20462801
2014-09-25,35367,28734.41960030,30685.21095758,30428.80175723,34165.40481838,33452.57693087,36101.85344344
2014-09-26,35474,32576.92832058,33000.79996671,32057.65892573,31632.83663843,32575.51205427,37258.70237561
2014-09-27,35087,31970.21641738,30155.31665196,29631.76506667,30090.66846620,32626.22627393,37076.92079090
2014-09-28,37873,33385.87752485,29383.85326099,27204.32174917,28224.13028651,28399.08885033,32803.39888825
2014-09-29,31701,30959.02991204,30580.37753721,26692.31651499,27174.04645498,28151.50681507,33723.33016545
2014-09-30,37373,32071.33506791,33977.24783571,31849.49763099,33887.03029617,33238.42839116,38084.24963376
2014-10-01,32733,32273.57236898,34143.41001447,32685.26902100,32117.25476440,32951.71258749,38556.36654519
2014-10-02,36992,31970.21641738,33917.31458386,31932.36516864,32072.65567676,33601.32660045,38808.05124122
2014-10-03,37909,31767.97911631,32192.77406014,30051.77376660,32212.40134748,31976.92928376,36512.04683892
2014-10-04,18967,29037.77555190,27226.22274064,24497.59108218,27507.69461707,25336.86832569,27174.92683322
2014-10-05,33082,24993.02953055,21000.58448032,21999.32326086,25485.17856682,28621.09253258,31800.18506815
2014-10-06,24330,26712.04658962,26338.24152772,25381.23242513,23431.01991588,23950.46622750,27431.48648883
2014-10-07,31465,26408.69063802,28321.06648971,28224.11652685,28683.25399885,25788.93006528,30021.10952293
2014-10-08,23573,27723.23309496,29598.26429001,28121.47589503,30095.15550011,27326.31842684,29493.73911742
2014-10-09,26642,28835.53825083,30786.21419590,30591.22501711,30260.51735231,25831.37585348,31328.96310168
2014-10-10,32510,28329.94499816,28758.66395721,27193.89374726,28859.58858516,29380.31871268,33643.74338890
2014-10-11,30498,27925.47039603,26115.18711910,24426.71870383,25486.48495111,27324.47430665,31536.36107500
2014-10-12,23063,26004.21603588,22010.61686353,19687.34669894,21410.42004041,19827.75037680,22213.70692598
2014-10-13,13299,28936.65690136,28560.31277079,24695.36397367,23474.29675358,15800.85308098,18190.08509045
2014-10-14,28518,29138.89420243,31048.15392439,27199.78015858,26079.53387245,27134.34718282,33458.20341868
2014-10-15,25424,28329.94499816,30204.28371993,26915.96114991,25321.21023082,26185.64914288,31884.70464674
2014-10-16,31541,30048.96205724,31998.25305576,29209.66561505,28486.03360051,28798.74367065,33174.16378199
2014-10-17,32770,31262.38586364,31687.75786853,28714.82957912,29169.02847330,29115.04150690,33367.58317786
2014-10-18,28951,33284.75887432,31468.35875013,28634.67149253,27094.20091568,28133.85624772,33578.07949342
2014-10-19,30480,32374.69101951,28373.82087778,26427.88804656,24325.32943450,22402.20616626,26763.99630088
2014-10-20,31642,29341.13150350,28964.32572407,27868.26801362,26672.18732468,27899.88444430,32345.54646425
2014-10-21,24681,27318.75849282,29230.09563460,30109.82531382,28264.27038609,24745.82820002,29767.43940278
2014-10-22,30642,25397.50413268,27275.18980861,28766.03521463,28179.10114223,26773.01567213,30325.68040887
2014-10-23,31277,28734.41960030,30685.21095758,29702.11698910,28952.34264017,30212.51653905,32901.45144139
2014-10-24,29144,30352.31800884,30778.72872364,27374.13436825,25615.93731430,28203.39968461,32183.25221854
2014-10-25,30053,26509.80928855,24701.14178260,23848.39085786,24835.45505557,24668.94562186,28554.52696235
2014-10-26,26514,28228.82634763,24232.68810660,24411.24263243,22035.27326818,22444.84816428,25292.79301809
2014-10-27,33716,29947.84340670,29570.34515400,28176.67986876,29275.98291072,29537.84203199,32401.13388175
2014-10-28,35320,29543.36880457,31452.16687767,29141.35723031,29094.68505813,29031.27337621,34210.38070641
2014-10-29,23281,28431.06364869,30305.28695826,26896.71321775,26294.19206665,27516.55035405,31976.30880953
2014-10-30,32503,30554.55530990,32503.26924737,28487.66962616,28580.85417126,28343.46001429,33826.37107326
2014-10-31,36478,31464.62316471,31889.76434517,29887.47499502,32407.77288388,33160.98732599,34063.60242156
2014-11-01,31912,30048.96205724,28236.25512385,27050.36532911,25713.98204912,25647.86544900,30067.24609855
2014-11-02,15887,29240.01285297,25242.72048982,22947.06496665,20409.27715364,19578.85964416,23987.13998752
2014-11-03,22347,24487.43627788,24116.17028465,22050.14896389,20613.00587078,20365.59326408,23452.77516469
2014-11-04,23525,23476.24977254,25391.97257839,24805.72602266,27279.28134936,30202.44561564,31484.22022100
2014-11-05,27970,22566.18191773,24447.09913562,23330.01366593,24096.59696352,23719.97775400,26819.63609359
2014-11-06,28274,22465.06326720,24423.01018165,24395.69724559,26228.30023689,24619.64233370,27962.94239487
2014-11-07,26779,26408.69063802,26839.60242910,25621.77840987,24044.51408924,20496.97044549,24166.87240000
2014-11-08,17473,26105.33468642,24297.12882932,22794.98405828,23159.17076105,21609.18487916,25725.78552095
2014-11-09,24099,24993.02953055,21000.58448032,18870.54162032,18550.60315001,18482.11208763,22683.65753780
2014-11-10,28303,24993.02953055,24621.18647625,23165.05058332,23440.13423003,24211.27457944,27761.21417103
2014-11-11,28993,26712.04658962,28624.07620467,27237.83108223,25010.62062889,24965.21595246,30105.12740853
2014-11-12,24878,26914.28389069,28790.23838343,27952.48834421,25089.01162620,27288.22950858,31959.99889988
2014-11-13,27839,26307.57198748,28261.13323787,25703.03031205,23522.56466175,23339.40703824,28414.78380292
2014-11-14,21442,26307.57198748,26738.59919078,23965.61423773,23232.51963418,20254.47207644,22843.85664623
2014-11-15,22842,24386.31762734,22580.07377785,19145.61836822,19422.11039751,21226.22845187,25234.44571924
2014-11-16,17849,24588.55492841,20596.57152703,16949.15023659,15447.91118675,16112.81103740,21529.15305036
2014-11-17,21398,23981.84302521,23611.15409304,21258.21835251,20717.70079965,21659.91104572,25094.52760484
2014-11-18,26094,24790.79222948,26705.01467657,24212.34620858,23039.43718108,23677.81337613,29365.80231933
2014-11-19,28807,24184.08032627,26063.15094876,23990.95977562,23365.80964561,24102.98113814,29361.91287928
2014-11-20,29068,22768.41921880,24726.01989662,22480.87015280,23754.07902169,24174.84996490,27772.12204350
2014-11-21,24070,23678.48707361,24112.51499443,22084.14928935,19527.55540856,18297.63065858,24389.76110127
2014-11-22,18347,27318.75849282,25509.16768917,21373.05328021,19886.10025936,18641.16486425,24616.02808457
2014-11-23,6030,24386.31762734,20394.56505039,16967.46041289,19299.02239353,13274.69001557,13215.52325813
2014-11-24,25884,19633.74105225,19268.01484522,17705.58513841,21332.33670832,23810.85741430,26067.74986130
2014-11-25,24359,21049.40215973,22967.89485868,21048.86760164,21713.24160018,22182.95927332,25893.50057231
2014-11-26,23096,24184.08032627,26063.15094876,22658.70436739,19833.09880915,18624.17554926,24698.90068208
2014-11-27,26765,25700.86008428,27655.11380794,23921.06323265,21224.94357953,22174.82248690,29070.72674884
2014-11-28,26782,26408.69063802,26839.60242910,23562.83823351,20726.53461605,19827.35106014,26974.89608419
2014-11-29,24337,25397.50413268,23590.10616107,21254.30747907,20157.04318876,19693.82444896,25093.85166495
2014-11-30,19998,23981.84302521,19990.55209710,17024.26645351,16957.47513254,15576.27483005,20274.05109393
2014-12-01,24983,22060.58866506,21692.09256493,20311.85934323,18769.53687853,17632.46708167,19302.05734890
2014-12-02,21614,22262.82596613,24179.93371853,22210.70488803,19653.65222122,18265.97180939,20500.70542261
2014-12-03,25376,21656.11406293,23538.06999072,23139.90267127,21499.97197787,22456.92780697,23275.96247960
2014-12-04,19993,19431.50375119,21392.91303201,20189.12715340,18883.98502205,17681.10755756,19469.73830834
2014-12-05,22939,19633.74105225,20072.38546157,18938.04310287,18118.20897674,18644.47046868,20209.43203214
2014-12-06,17431,17510.24939104,15711.85357200,16114.55483401,17140.02000543,18981.97452561,19283.20554681
2014-12-07,12789,21554.99541240,17566.47437739,17385.28838522,18749.47361800,19572.92660128,17355.23038918
2014-12-08,23519,19128.14779958,18762.99865361,19396.49415147,19194.17397022,19988.49743126,20231.10816385
2014-12-09,23925,19633.74105225,21553.84952218,20611.83957169,26033.91229548,21226.99372255,18205.03733565
2014-12-10,25028,22970.65651987,24851.11208890,26301.06082584,27501.95253005,24373.09650522,22240.57322882
2014-12-11,23028,22060.58866506,24018.99722837,24856.21704627,24193.90227329,20857.80485014,20664.14842018
2014-12-12,20436,22363.94461667,22799.47289625,22314.18671936,23036.97826744,18540.00822096,16789.01888584
2014-12-13,18255,17409.13074051,15610.85033368,15629.16056608,17320.09333605,20053.36040861,19677.86948032
2014-12-14,14441,20543.80890706,16556.44199418,15962.91266648,17851.74862873,17219.34370583,16051.30798618
2014-12-15,22940,21757.23271346,21389.08284997,20087.00350764,20955.33556057,21695.44988507,21365.36754817
2014-12-16,23087,19633.74105225,21553.84952218,20430.16837966,21836.23015813,22815.43693970,22924.79106073
2014-12-17,22120,26004.21603588,27881.20923854,25077.68084508,24748.65535392,24218.41723815,22830.27910464
2014-12-18,23196,28228.82634763,30180.19476597,27799.97353753,24488.56094304,24913.96680334,25340.09691053
2014-12-19,21966,24588.55492841,25021.54413932,25180.99935652,25916.83268655,23994.66030720,21636.52360174
2014-12-20,14690,21959.47001453,20155.99605814,20939.82414818,20202.33847659,20770.00848386,20337.67410977
2014-12-21,11802,23375.13112200,19384.53266718,17947.18156658,19382.05062635,17775.94767874,15845.17126747
2014-12-22,18552,27723.23309496,27348.27391093,26339.33731978,23209.48653378,22388.99552460,22286.33827632
2014-12-23,16551,26914.28389069,28826.08268132,29197.71833026,25727.01019163,25912.42721239,25517.80420592
2014-12-24,10385,23274.01247147,25154.12180387,25718.48914129,26498.66594823,25746.00299731,23323.62526531
2014-12-25,39145,20139.33430492,22099.93570026,22476.67418874,22587.66030112,23692.12906794,23398.05970742
2014-12-26,7678,18420.31724585,18860.34660171,17110.07811237,18825.66625092,15656.97678335,16019.94996285
2014-12-27,6349,18521.43589638,16721.88595521,15175.20505633,18591.03430205,11811.09033700,11120.50582189
2014-12-28,9293,17510.24939104,13526.34484454,14844.75283884,15131.75050520,16573.15927652,16419.69260242
2014-12-29,12411,16701.30018677,16338.92093390,15922.23536250,16647.35245394,16893.09767881,18325.66971585
2014-12-30,13120,17004.65613837,18927.76532582,18467.96067926,20490.97441512,20835.31265700,21021.57797461
2014-12-31,12811,18218.07994478,20103.95988780,19091.06705972,20274.67815562,19166.46581222,20228.02312099
2015-01-01,9615,23476.24977254,25433.04256487,23335.23333988,25138.96314829,18982.67511149,17891.81700867
2015-01-02,15389,23577.36842307,24011.51175610,25534.96418210,27291.95853030,23075.40702033,20237.01336275
2015-01-03,5779,19431.50375119,17630.91510010,16112.18650713,14153.35247008,10169.99671055,12805.81128047
2015-01-04,9367,15993.46963304,12011.29626972,9885.19294025,9509.86486457,9320.99858480,13302.75279116
2015-01-05,20566,21656.11406293,21288.07961165,19177.70979164,19488.41684617,20106.40044507,20601.92751905
2015-01-06,20765,21858.35136400,23775.92076525,22449.18212067,22584.51850431,23006.11528730,22295.92853343
2015-01-07,22504,21049.40215973,22932.05056079,22084.62035999,24467.64390468,22749.45426521,21233.56827251
2015-01-08,15769,23981.84302521,25938.05875648,24167.53532727,24030.74003737,20661.78558857,18917.97596354
2015-01-09,22285,27015.40254122,27445.62185903,26636.68934513,26838.31542854,22761.81359264,21092.29389005
2015-01-10,14877,24891.91088001,23085.08996946,23974.68658031,25299.71767774,21275.25568255,17762.90068201
2015-01-11,14738,20847.16485866,16859.45170914,18569.67968648,17122.35184440,15004.19493704,15439.36132283
2015-01-12,17354,25397.50413268,25025.19942954,23935.85775085,21656.86156279,17122.87847027,17370.76790822
2015-01-13,24966,23274.01247147,25189.96610175,24561.62225492,25767.80339355,25084.07442961,22707.83118908
2015-01-14,23767,20341.57160599,22225.02789255,23955.32505338,25655.63937342,23278.04341158,21339.08088182
2015-01-15,23123,23274.01247147,25231.03608823,26219.91121269,25768.65974569,19680.07854312,19168.51240609
2015-01-16,22894,19835.97835332,20274.39193821,21967.77181509,19419.14853492,18081.73511757,18895.25542434
2015-01-17,15443,17105.77478891,15307.84061871,15666.71867454,17220.31326665,18368.13715346,17903.54613853
2015-01-18,13373,17409.13074051,13425.34160622,12219.67564254,10618.10833709,12872.71953274,16046.50203974
2015-01-19,23193,16296.82558464,15934.90798061,15696.44177107,14969.80063737,16993.86497714,19124.25241697
2015-01-20,23384,15690.11368143,17614.72322764,17244.62857302,18227.75633999,18430.58764875,20011.75945889
2015-01-21,22987,17510.24939104,19396.93721955,19003.76001677,16736.72051816,15738.13976345,18869.41600606
2015-01-22,23432,16802.41883731,18766.82883566,19337.13229320,18987.47334649,19755.98575451,21446.75946564
2015-01-23,22093,16296.82558464,16739.27859696,16767.41423150,20475.49988727,17645.51577027,16947.33797338
2015-01-24,17748,20038.21565439,18236.93453003,18741.95248268,18388.48567621,17109.52396019,18452.83200368
2015-01-25,15267,19734.85970279,15748.41608761,15491.13979562,16047.02507795,16742.37029531,17588.33772874
2015-01-26,22867,22869.53786934,22500.11847150,21974.58780630,21478.78743741,21761.41490782,21533.99580708
2015-01-27,25222,20948.28350919,22866.89162035,22662.78488608,22674.01535807,24585.53010523,24826.40075519
2015-01-28,21685,21656.11406293,23538.06999072,24653.82927153,25812.11678247,22262.21880108,20028.51852246
2015-01-29,21421,17914.72399318,19877.86445719,20558.58888775,21806.55101632,19881.92536367,19823.16855057
2015-01-30,21405,17409.13074051,17850.31421850,17221.81468191,17534.51764582,17360.83087250,18993.03566677
2015-01-31,10385,17308.01208998,15509.84709536,15486.92299421,14634.91507632,13122.05094319,15415.54568457
2015-02-01,11420,18218.07994478,14233.36751279,16143.20116201,14146.58744207,13168.04146420,14441.65965555
2015-02-02,21770,15386.75772983,15025.87883572,17868.05627281,17846.61678417,19612.75270946,20249.90129681
2015-02-03,20028,16701.30018677,18624.75561086,17334.74888352,16932.46740764,17459.95462966,21406.39105494
2015-02-04,22056,17206.89343944,19093.92750458,18173.33354108,17554.04954249,16914.57015740,20083.45287646
2015-02-05,21396,17510.24939104,19473.85150391,19424.43933615,19829.26210299,19393.01149310,21386.98203281
2015-02-06,21146,17308.01208998,17749.31098018,19461.48829445,19529.93550398,17350.25705888,18274.80283808
2015-02-07,13324,18116.96129425,16317.87300193,14909.04008889,14745.04727818,16133.56871264,18482.45783378
2015-02-08,15983,19431.50375119,15445.40637264,14983.68432798,16200.65032344,15690.05291033,16343.24489673
2015-02-09,24078,19532.62240172,19167.01160690,18027.61839062,20964.29061660,21011.15759557,21135.68475378
2015-02-10,24399,19633.74105225,21553.84952218,20894.43920374,19977.57908914,22747.10018583,24846.58356693
2015-02-11,23870,19835.97835332,21720.01170094,22093.55297781,18443.74963008,19771.31016812,23507.53082092
2015-02-12,23429,18622.55454691,20584.88712544,21675.36601888,18174.23173098,19984.08609653,23383.36544182
2015-02-13,17836,21150.52081026,21587.43403639,19900.83677676,19838.54100521,17069.52376252,19011.33983441
2015-02-14,14644,22363.94461667,20560.00901142,18036.83609907,16744.03124833,15360.86809289,18518.32705927
2015-02-15,17253,21453.87676186,17465.47113907,15345.59614101,16908.39641009,16750.27185218,18400.56266875
2015-02-16,16548,21049.40215973,20682.06018172,18223.35592038,18458.31359765,17801.57243803,19902.21315094
2015-02-17,25288,19937.09700385,21856.85923714,22936.00695964,24065.33292194,24195.81653055,25375.73503348
2015-02-18,25340,20139.33430492,22023.02141590,23065.27926953,26105.96165317,24891.57951073,24402.21309673
2015-02-19,17081,21554.99541240,23513.98103676,22489.80277062,22012.33532273,19247.34091548,20899.58689412
2015-02-20,21014,20948.28350919,21385.42755975,19757.66144904,17818.44760237,19701.07317608,22259.80167892
2015-02-21,16490,18723.67319745,16923.89243185,17135.09230437,17527.38822109,18513.25570718,20215.23005941
2015-02-22,9214,18723.67319745,14738.38370439,14068.76407689,18127.20952904,14134.15782755,13508.18644915
2015-02-23,21857,21049.40215973,20682.06018172,21957.70820103,22936.32187665,20043.55763622,20607.65170544
2015-02-24,23758,21453.87676186,23371.90781196,25654.95548984,24692.35261225,21837.68036544,23158.34038805
2015-02-25,21708,22869.53786934,24750.10885058,24382.48270966,25204.63653873,26876.19493202,26638.10265438
2015-02-26,20131,23880.72437467,25837.05551815,24227.15463543,23798.80988363,22815.91766717,22752.55527934
2015-02-27,24540,19633.74105225,20072.38546157,22087.01043142,23519.17936247,24322.07250719,25073.05669586
2015-02-28,13677,22667.30056827,20863.01872639,19028.74807878,18978.59556273,16903.13228540,17274.52910472
2015-03-01,15817,23779.60572414,19788.54562046,21523.79936660,19821.49444411,14558.07631061,17119.69068335
2015-03-02,22379,19937.09700385,19571.02456018,22734.63471883,22395.51055447,17956.17021213,19795.79793206
2015-03-03,24001,20442.69025652,22361.87542875,24616.10784318,26004.80912121,24707.91694656,24859.35857730
2015-03-04,24544,20644.92755759,22528.03760751,25068.35116112,26976.85112428,25669.56169082,25619.14868111
2015-03-05,24959,21251.63946079,23210.97132180,25131.31463153,27955.03885198,27491.10515127,26968.52304740
2015-03-06,25527,23678.48707361,24112.51499443,26666.30046614,27476.82667532,25881.17917280,26023.44190904
2015-03-07,27754,25296.38548215,23489.10292274,25674.03539600,29191.89065070,25253.85200524,23887.14799799
2015-03-08,20207,24487.43627788,20495.56828871,19552.16623319,22825.32809971,21605.87050818,20383.84978358
2015-03-09,24230,22060.58866506,21692.09256493,20150.37383920,21462.63342021,19757.86976966,21463.84478533
2015-03-10,27878,22869.53786934,24785.95314846,26192.91195981,26488.73380805,26761.34498385,29348.30581203
2015-03-11,27610,22465.06326720,24346.09589729,25105.41645439,27616.69450047,24428.16241034,26079.04590009
2015-03-12,28324,23880.72437467,25837.05551815,28466.14911617,27847.74796141,25285.48113996,28181.43718166
2015-03-13,25840,22869.53786934,23304.48908785,25871.55658722,25665.95844596,23520.33648761,25211.29056824
2015-03-14,18270,20847.16485866,19044.96043660,21292.85121791,21203.27355004,18731.94082748,19765.78850724
2015-03-15,10744,21150.52081026,17162.46142411,15948.35351357,13471.08007959,12290.43251445,17487.42972117
2015-03-16,19950,21554.99541240,21187.07637333,20125.49937195,19009.37188890,18550.17033703,22683.01379394
2015-03-17,25956,22363.94461667,24280.93695685,22029.97145184,24271.31961553,21665.91219157,23428.66617861
2015-03-18,26618,21251.63946079,23134.05703744,21662.59642361,22177.10565459,20583.07335154,25350.10858253
2015-03-19,24241,21757.23271346,23715.98751341,22047.59314624,20126.53418916,19301.06543714,22967.78213804
2015-03-20,25424,22363.94461667,22799.47289625,22233.44396734,24710.06324135,23763.57138127,25804.12772708
2015-03-21,16304,21959.47001453,20155.99605814,19789.23993198,18171.14089652,17859.96532186,20189.03061187
2015-03-22,18782,19937.09700385,15950.42256425,16926.19915556,16100.83255111,18024.31191078,20858.77872651
2015-03-23,25741,21352.75811133,20985.06989668,21597.17908451,24369.65418231,23380.78480495,24775.87007278
2015-03-24,24161,21554.99541240,23472.91105028,24242.89508544,24527.93370657,25448.26844546,27142.24596300
2015-03-25,25779,20139.33430492,22023.02141590,23206.57908555,26021.20154930,26464.87464796,29082.50574846
2015-03-26,20415,22161.70731560,24120.00046669,24554.36948207,27206.03224793,23700.20118283,22846.05817341
2015-03-27,26567,22566.18191773,23001.47937289,25565.95799962,26246.51137389,26284.13399613,28191.88989550
2015-03-28,19242,25801.97873482,23994.11911435,21964.55758259,22989.45498902,19625.56758352,20068.36977753
2015-03-29,8987,25801.97873482,21808.61038689,20634.19852341,20838.92487223,15389.57014486,14995.10734678
2015-03-30,22235,23476.24977254,23106.13790143,25189.73873395,23893.50602780,21298.14259252,25607.39134041
2015-03-31,22898,25296.38548215,27210.03086817,29586.42799676,27096.33818001,20094.07194119,25368.42399209
2015-04-01,23677,22667.30056827,24548.10237394,28296.63067065,27159.35148251,23899.05160698,27619.75656123
2015-04-02,22818,22869.53786934,24827.02313494,25913.37486924,24213.66698789,23859.35622848,28196.72405553
2015-04-03,11503,23375.13112200,23809.50527946,20688.52354956,21038.48264385,21109.28693451,23486.97978162
2015-04-04,13828,23071.77517040,21267.03167967,19557.32699027,16697.19198838,17352.63088163,21412.84223106
2015-04-05,19685,22970.65651987,18980.51971389,18589.37255930,18884.62169868,22333.76682358,25066.77877866
2015-04-06,25724,22970.65651987,22601.12170983,21470.88336206,24944.66718732,24224.79472523,26307.78510394
2015-04-07,29525,24082.96167574,25997.99200832,25638.96576589,31180.05170286,31511.76178797,32153.72239842
2015-04-08,30882,25296.38548215,27174.18657029,26322.62921036,28462.07800979,27098.70255719,29093.92275888
2015-04-09,31671,24082.96167574,26039.06199480,24693.30097121,29226.52108298,27945.06491348,30077.59534173
2015-04-10,32299,25700.86008428,26132.57976085,25595.02843092,29565.77033811,26998.19442195,30140.01911128
2015-04-11,25415,25903.09738535,24095.12235267,26547.64651524,23666.65478904,21762.30803614,25668.14605060
2015-04-12,29457,25195.26683161,21202.59095696,23474.75399681,27849.24436547,23231.53279874,24399.76149164
2015-04-13,28203,24386.31762734,24015.16704632,23482.39505629,26716.61443868,27928.46826425,28988.53124329
2015-04-14,34830,29138.89420243,31048.15392439,31822.30271138,37555.61798963,34518.65644795,35200.97405960
2015-04-15,37709,31262.38586364,33133.37763125,35300.03090297,39248.73881304,37160.32353034,38201.56218217
2015-04-16,30656,25801.97873482,27756.11704626,29210.65124542,30038.83265751,29833.61647776,34370.38451991
2015-04-17,30001,24487.43627788,24920.54090100,26794.91664095,26860.83139317,27713.25439405,31023.70609034
2015-04-18,29846,23880.72437467,22075.05758625,23460.66682173,25442.48980176,24268.26267656,28908.20892316
2015-04-19,19906,22667.30056827,18677.50999893,19293.05837188,20172.42951361,22686.73054592,23905.72954736
2015-04-20,32163,24993.02953055,24621.18647625,25546.96176774,31453.19758375,30209.61406932,32317.21519880
2015-04-21,35103,25599.74143375,27513.04058314,29508.49851229,33258.01280319,31938.96034842,35415.48047653
2015-04-22,32559,24689.67357894,26568.16714036,26074.77441923,28220.91741285,27806.86947224,31183.21915542
2015-04-23,32935,24588.55492841,26544.07818640,26232.10203872,29541.63330151,31423.84069394,34364.56319497
2015-04-24,32332,26914.28389069,27344.61862071,27382.62204541,31977.75395690,27695.59972980,29369.29764244
2015-04-25,25441,28936.65690136,27125.21950231,25647.23754253,26892.09622347,25227.34077183,27250.00840506
2015-04-26,19565,23981.84302521,19990.55209710,17569.28002961,18060.54178377,18975.71329983,20106.24754048
2015-04-27,30735,22667.30056827,22298.11199486,23809.60990293,24326.61609175,26259.75946975,31819.02238160
2015-04-28,32024,23375.13112200,25290.96934007,28720.81173949,28516.68060542,27660.63071883,33693.90162368
2015-04-29,26197,23880.72437467,25760.14123379,25845.22980440,27354.66349804,25820.54029960,28078.98418546
2015-04-30,31854,23981.84302521,25938.05875648,26811.86045573,29933.59786040,29616.66425693,33173.61853482
2015-05-01,29822,22970.65651987,23405.49232618,23551.14022266,24655.09637601,25679.39701308,29757.73520800
2015-05-02,22474,23476.24977254,21671.04463296,20752.03360587,22904.83814489,23111.40519663,26471.57512636
2015-05-03,21375,29037.77555190,25040.71401317,21330.33441468,25197.88320283,22884.41975715,21851.11360785
2015-05-04,26933,29341.13150350,28964.32572407,27101.21186949,27644.16209016,28118.66325247,32386.24909095
2015-05-05,26633,29341.13150350,31250.16040103,28957.81052658,26844.79026115,21394.96668172,27542.02163102
2015-05-06,24556,27015.40254122,28891.24162176,27226.74133194,25871.98770877,21838.21233170,28120.36118339
2015-05-07,31283,27520.99579389,29473.17209772,28055.82319064,29381.27752703,30450.32234214,34394.69203608
2015-05-08,27029,26610.92793909,27041.60890575,24553.81245738,26710.46056634,27981.49271286,30948.87656353
2015-05-09,27995,28532.18229923,26721.20654903,25542.55807912,25392.69830136,25052.49094498,29260.41624206
2015-05-10,32399,28431.06364869,24434.69458325,23060.67704789,26387.71576560,26617.52755664,30679.54574174
2015-05-11,33872,31363.50451418,30984.39049050,29017.42165878,31994.49618957,31437.68766439,33751.77005106
2015-05-12,33930,28835.53825083,30745.14420942,32425.06008394,33360.76659134,31044.36657784,33719.87379113
2015-05-13,36877,26813.16524015,28689.23514511,30959.21810089,33251.27802195,33480.46829822,37106.61662763
2015-05-14,15657,23880.72437467,25837.05551815,24328.08307545,23219.28287751,20966.19792503,22238.64810714
2015-05-15,32522,26004.21603588,26435.58947582,27495.29637080,27730.23456325,28397.01768194,33160.48078330
2015-05-16,32720,29138.89420243,27327.22597896,28636.59487875,26871.72792950,26500.78472265,30719.25652952
2015-05-17,31506,26813.16524015,22818.64277010,25245.91294670,26029.63040352,26239.23245909,30713.86744471
2015-05-18,24385,26307.57198748,25934.22857443,26346.39442591,26147.15483571,23672.18853584,24143.52710881
2015-05-19,28408,24487.43627788,26402.00496160,27560.35714962,28890.40590420,27153.77910164,32526.71019931
2015-05-20,30650,25094.14818108,26972.18009365,28238.39405900,29954.01802916,30561.79194497,34789.65101484
2015-05-21,34922,27824.35174549,29776.18181269,31853.54580284,35320.07835947,35096.32678640,36142.28161754
2015-05-22,33624,29543.36880457,29970.70281707,29910.02900991,32205.84781137,33710.09935868,35616.23241938
2015-05-23,23989,29037.77555190,27226.22274064,27202.47327465,25393.39485467,26770.49907359,30319.94125552
2015-05-24,30267,28734.41960030,24737.70429821,24012.21765160,26489.30065225,26390.32480924,26606.50587368
2015-05-25,29607,27015.40254122,26641.25124268,27564.09999706,25848.03195013,27032.22099047,30262.63236391
2015-05-26,34880,28431.06364869,30341.13125614,31371.65328437,32335.65002596,32242.04042221,35407.28455137
2015-05-27,36496,28127.70769709,30002.27724329,31940.32195109,34540.57068155,33292.77026635,38305.59669585
2015-05-28,34496,29037.77555190,30988.22067254,34468.75262548,31069.67133855,29606.77344783,36553.30342732
2015-05-29,26155,25903.09738535,26334.58623750,27009.90210287,26094.81647062,23930.54126632,26849.52181516
2015-05-30,29432,26813.16524015,25004.15149757,27666.29915807,28942.13524627,29413.56660619,32811.44179877
2015-05-31,15075,27723.23309496,23727.67191500,22408.17074084,23543.35633910,21828.32562816,20070.85961113
2015-06-01,27893,26004.21603588,25631.21885947,27433.60831055,28447.27035221,24514.03964602,29174.08094376
2015-06-02,28070,30251.19935830,32159.18954592,31307.79013762,31069.68052760,26271.78788939,27864.46457120
2015-06-03,35630,30150.08070777,32022.34200972,35148.41577261,33136.94351231,31704.11131901,37480.46448962
2015-06-04,39687,29947.84340670,31897.24981744,33447.72233994,34134.87050072,33328.52982345,41310.73387109
2015-06-05,35048,33486.99617539,33909.82911160,33236.86863257,36011.30208503,33093.78604757,35699.34777518
2015-06-06,33088,28835.53825083,27024.21626399,30248.63665148,30821.47033194,28693.39000227,35265.33334312
2015-06-07,35757,28532.18229923,24535.69782157,26957.45258841,28778.23367878,29847.74931359,36303.38592309
2015-06-08,32745,27318.75849282,26944.26095764,28172.48390471,29626.54000273,28803.73454459,33637.39073703
2015-06-09,33447,26004.21603588,27917.05353642,30057.26311178,28650.01335042,26976.66465632,32102.89867766
2015-06-10,35862,28026.58904656,29901.27400497,31999.94125925,32739.43388440,30446.46403998,34537.24856997
2015-06-11,38969,30857.91126151,32806.27896233,33779.13315063,36223.17170492,33013.62946493,40200.15755432
2015-06-12,35367,33284.75887432,33707.82263496,33033.13624084,36580.57272615,34662.04932441,37984.56925998
2015-06-13,30566,30959.02991204,29145.28426874,25565.06421948,23166.94326399,22181.22335381,24487.48395454
2015-06-14,25402,29543.36880457,25545.73020478,22465.42172211,20447.90103993,21628.88635993,26864.16155648
2015-06-15,34723,28431.06364869,28055.29657918,29050.78380319,28685.20192478,30616.33492936,35541.87665561
2015-06-16,38166,29644.48745510,31553.17011599,32432.56213073,34574.25710999,36324.50480915,39488.77130064
2015-06-17,38799,33385.87752485,35254.44563600,34471.92487964,38172.23268043,37925.01100486,39628.33343137
2015-06-18,38875,31464.62316471,33412.29839226,34773.85839789,33870.77422935,34312.81971242,40826.93984769
2015-06-19,36220,29543.36880457,29970.70281707,31262.47010615,31245.72490468,32155.95448282,34168.40765710
2015-06-20,26546,30453.43665937,28640.26807713,26872.44516047,25427.49131452,25946.35109485,27386.03678907
2015-06-21,30621,31970.21641738,27969.80792449,28119.73481546,24977.69146526,24938.43042111,29541.97664434
2015-06-22,29711,29037.77555190,28661.31600911,28773.81070623,28386.92282205,29557.55181881,33147.68312207
2015-06-23,37663,29341.13150350,31250.16040103,31622.32134304,31355.86617130,32089.70464930,37179.90833876
2015-06-24,39183,32374.69101951,34244.41325279,35269.97484130,37865.84052013,37617.00024574,40455.60325998
2015-06-25,38856,33588.11482592,35533.36639701,36610.26319103,37572.21519200,39373.48963198,43418.28970793
2015-06-26,37281,34498.18268072,34919.86149481,36132.79957556,39424.06951834,39242.35353557,39205.22726585
2015-06-27,36885,33790.35212699,31973.37494174,33261.88282457,33481.60015599,33618.57834389,39764.82575497
2015-06-28,25846,32678.04697111,28676.83059274,28045.55635438,26960.14517131,27969.13990832,30301.75953188
2015-06-29,39280,33992.58942805,33610.47468686,34794.72439185,36430.22715105,36896.99864611,41893.31595316
2015-06-30,43582,35610.48783660,37512.36117695,39068.42401494,39975.30922395,38771.87659001,45529.54542538
2015-07-01,42891,40059.70846008,41920.65936521,43677.93343123,43547.36857832,40519.50403046,46455.59931166
2015-07-02,38467,36823.91164300,38765.47002329,38335.86917047,38531.79688748,38712.05134205,40120.27006474
2015-07-03,39940,34093.70807859,34515.84854153,34857.35020794,37214.34436995,36730.64379845,42408.12632833
2015-07-04,38640,37632.86084727,35811.49799795,35235.34359515,35352.19090583,32393.81300680,38062.18771519
2015-07-05,29963,32374.69101951,28373.82087778,27881.25758281,29323.66024944,28443.73745190,28922.44117359
2015-07-06,38895,32779.16562165,32398.43582700,33471.40160144,34697.16317476,33664.31301227,38842.94976812
2015-07-07,38120,33385.87752485,35290.28993388,36504.39669783,36500.61107532,33793.86106897,36486.90287243
2015-07-08,41921,31363.50451418,33234.38086958,33564.99949052,34176.50134954,33290.26768844,33578.44365126
2015-07-09,73094,30756.79261097,32705.27572401,35413.23612306,36269.86373533,36738.33841491,41094.47762292
2015-07-10,43266,33790.35212699,34212.83882656,36388.64922867,37515.74554347,35674.11119319,41967.85560016
2015-07-11,42676,35206.01323446,33387.42027824,35233.02314279,34900.60362330,33100.57164576,38561.49213771
2015-07-12,23498,33486.99617539,29484.85649931,28315.47234522,28056.20048026,26700.84172138,28063.86202721
2015-07-13,27646,33183.64022378,32802.44878028,29458.20071213,27989.48983007,27832.19694931,29047.95294878
2015-07-14,35600,33891.47077752,35795.30612549,33319.74677251,31065.21916487,33065.56887398,35028.67872211
2015-07-15,34878,34397.06403019,36264.47801922,34097.77436606,33783.59578400,35129.84702418,36712.39673386
2015-07-16,39609,33891.47077752,35836.37611197,36411.21957854,35659.37754985,35501.00237489,39191.65973017
2015-07-17,38845,34902.65728286,35323.87444810,35773.20821489,37001.67284948,33558.09267965,37336.58541797
2015-07-18,38906,32880.28427218,31064.34579685,33959.94210206,33141.88097575,32794.88420641,38941.60311152
2015-07-19,36989,34093.70807859,30090.87592924,32600.46473705,31992.18870863,29704.37808534,33133.16687376
2015-07-20,32140,33284.75887432,32903.45201861,31477.70726833,34218.93911948,33678.67443241,33088.67263240
2015-07-21,41001,35003.77593339,36906.34174703,38679.26940778,38955.00632445,36249.44008670,41728.12400784
2015-07-22,38133,33790.35212699,35658.45858929,37301.67222353,36430.51443537,35561.48086321,38481.06125918
2015-07-23,39368,31363.50451418,33311.29515394,35257.37715413,34987.32050996,35235.49933558,38715.62980208
2015-07-24,16135,30150.08070777,30576.72224699,29330.27059290,28007.52718523,24372.54680877,22269.05248061
2015-07-25,32982,30453.43665937,28640.26807713,29557.14166493,30310.04590421,28215.79094819,29450.52517728
2015-07-26,12497,29341.13150350,25343.72372814,23109.48822653,21614.98689011,21421.38812366,22399.44154604
2015-07-27,32103,32273.57236898,31893.41963539,31246.28714181,29820.44817275,27646.95727636,31650.38703360
2015-07-28,36310,31262.38586364,33169.22192914,34869.84878473,32785.75906625,30899.58609284,34989.66703409
2015-07-29,37021,29846.72475617,31719.33229475,33591.30452880,33586.84205286,33740.13240249,36607.49794574
2015-07-30,36350,29543.36880457,31493.23686415,32495.24398038,30821.10284462,33321.44575837,38586.97585805
2015-07-31,36932,30251.19935830,30677.72548531,31854.41934919,32820.86147707,31576.96379724,35307.53754267
2015-08-01,43492,31363.50451418,29549.29722203,31927.30696398,32262.47680006,31637.37339338,35830.35349910
2015-08-02,43679,32880.28427218,28878.83706939,29662.28690636,32129.67369607,31238.62469155,35213.19079397
2015-08-03,35609,35003.77593339,34620.50707007,34945.40176636,35204.38159916,32211.48755851,35057.39650445
2015-08-04,37864,33183.64022378,35088.28345724,36865.86357019,33874.16857353,31090.60280044,36358.45977731
2015-08-05,39010,32576.92832058,34446.41972943,35473.70723303,34423.12210031,33110.11931567,38194.35540419
2015-08-06,63963,34295.94537966,36240.38906526,36536.08472995,37317.51947421,37110.63603903,38860.62958613
2015-08-07,39788,33284.75887432,33707.82263496,34486.50577709,36503.76211810,38038.17318710,39590.56802859
2015-08-08,39362,33588.11482592,31771.36846510,31927.75190464,33816.62974480,32661.12954762,36239.82541093
2015-08-09,40758,35206.01323446,31201.91155078,33478.76463554,33694.78868081,33270.74624973,37989.11519186
2015-08-10,35625,35206.01323446,34822.51354671,33736.13599784,34378.24184144,34815.06409096,35164.17024172
2015-08-11,34567,32475.80967005,34381.26078899,34759.98772689,34243.12736489,36517.25515155,36565.50581699
2015-08-12,36838,32981.40292272,34850.43268272,34246.13128821,33040.97691511,33324.16940459,36926.99923762
2015-08-13,26185,33486.99617539,35432.36315869,32188.65976241,30518.70517298,27833.08742884,30966.06796783
2015-08-14,25638,34093.70807859,34515.84854153,30477.05591118,29919.60483720,29467.68327815,33561.00086818
2015-08-15,34137,32273.57236898,30458.32636692,31128.31924648,29905.29793541,29451.87126119,34587.51477695
2015-08-16,30948,30756.79261097,26757.76906464,27906.62486524,27301.85382702,30174.29973104,31672.72285023
2015-08-17,36003,31464.62316471,31085.39372882,33015.12563933,32643.06907952,34135.35528728,37954.66704562
2015-08-18,34776,30150.08070777,32058.18630760,31387.59513379,29057.86056295,30285.20906809,30895.37783040
2015-08-19,31903,32779.16562165,34648.42620607,34789.26935261,34065.51048317,34691.03719936,37500.29594497
2015-08-20,32857,33790.35212699,35735.37287365,32817.22935806,32552.77919422,33022.83088564,33697.04143738
2015-08-21,36329,36925.03029353,37343.93921453,36256.23415594,36476.96435666,37366.94303588,39657.56987407
2015-08-22,44724,37329.50489567,35508.48828299,35696.80115169,38310.01135538,36209.22714058,38337.09717591
2015-08-23,27202,35003.77593339,30999.90507414,31216.09206745,29779.85047765,28498.08282731,30591.50056197
2015-08-24,17520,29947.84340670,29570.34515400,25754.39730834,24417.81622951,21187.27696448,19473.29711892
2015-08-25,28401,30655.67396044,32563.20249921,30564.67070489,29450.46758042,28616.14302379,30981.89910399
2015-08-26,23969,32880.28427218,34749.42944440,31742.16821992,30343.70116696,25547.48099208,23080.34117306
2015-08-27,30856,30857.91126151,32806.27896233,31578.89315824,31931.99598015,30249.03414906,32641.92825020
2015-08-28,33201,30959.02991204,31384.74815356,31739.86951210,33728.29211082,32950.68302928,34642.46428463
2015-08-29,22828,32273.57236898,30458.32636692,29372.16439017,30274.62530833,32059.15351619,33788.55557471
2015-08-30,25191,32172.45371845,28171.81440114,25558.02795071,24070.49331007,26651.07705972,28903.36626230
2015-08-31,9709,30251.19935830,29873.35486896,25777.39626389,23073.87522079,23212.50194930,24938.91246258
2015-09-01,25739,30048.96205724,31957.18306928,30155.33040973,30122.36788146,31825.67117916,37684.42118473
2015-09-02,30313,28936.65690136,30810.30314986,30232.04051758,31367.64083165,34344.11869057,40310.73726944
2015-09-03,31163,27723.23309496,29675.17857437,29894.59631065,29091.06656843,31622.76921546,38040.56163931
2015-09-04,29913,28127.70769709,28556.65748057,29250.95841192,27975.48256901,30079.26134592,34812.73711369
2015-09-05,22475,27520.99579389,25711.17416581,26219.49391275,27126.62094217,27123.87315412,29104.85333611
2015-09-06,29539,28026.58904656,24030.68162996,26205.89335304,29676.21112055,31061.33241264,33140.30986495
2015-09-07,31917,28633.30094976,28257.30305582,27841.51803468,29056.93596372,31593.98159851,35401.50341397
2015-09-08,32968,28835.53825083,30745.14420942,30406.49128359,29037.35325909,33099.93093588,38369.69329308
2015-09-09,33332,30150.08070777,32022.34200972,31474.62055597,31900.34200315,33474.57708283,38244.89185801
2015-09-10,35956,30655.67396044,32604.27248569,32505.55929471,33405.35613100,32010.93536249,38812.44659076
2015-09-11,34690,30959.02991204,31384.74815356,31154.48456000,31971.86038787,30160.50515938,36524.22588506
2015-09-12,29143,32576.92832058,30761.33608188,30969.64700999,30970.66139918,29434.95603835,33771.34773187
2015-09-13,26342,28026.58904656,24030.68162996,24288.25299271,23733.99515500,26185.58330125,29583.11261184
2015-09-14,25923,28936.65690136,28560.31277079,26613.00433401,28692.52775389,24773.36066724,28201.11756379
2015-09-15,28311,28431.06364869,30341.13125614,29454.01292403,31856.68338143,32056.72183446,34336.99184631
2015-09-16,18764,28431.06364869,30305.28695826,27078.38440979,25539.87517094,21882.69240188,23404.29475940
2015-09-17,32336,29240.01285297,31190.22714919,30433.49053647,29640.20106029,28735.00375727,34692.30424639
2015-09-18,30124,29240.01285297,29667.69310210,27242.70492590,27964.12733600,30482.64341866,34592.19927600
2015-09-19,33855,28734.41960030,26923.21302567,25806.84753486,26939.77786951,28653.85931474,33090.68080521
2015-09-20,31380,29240.01285297,25242.72048982,24360.06312690,26957.84221814,26981.55194843,30396.13897098
2015-09-21,23831,28936.65690136,28560.31277079,25280.74892578,23415.23705328,22261.75330178,27487.47963762
2015-09-22,20567,26610.92793909,28523.07296635,25864.26654214,26072.20144091,27418.98248592,30216.00072837
2015-09-23,34193,28431.06364869,30305.28695826,29985.12348229,30672.22437812,31666.32236847,36956.75261016
2015-09-24,29537,29947.84340670,31897.24981744,31085.99684352,29840.62243665,29423.58987199,33946.23814214
2015-09-25,35064,27318.75849282,27748.63157399,28113.05783693,30722.21496331,33019.76176481,36137.58545925
2015-09-26,32955,27318.75849282,25509.16768917,26439.66096910,28938.00067899,30724.17175164,33360.38908345
2015-09-27,30024,27824.35174549,23828.67515332,23337.65014485,26226.97541121,27548.36209401,30707.81794578
2015-09-28,33341,28532.18229923,28156.29981750,27618.53771079,29048.66252554,30538.23748050,34113.50967425
2015-09-29,34591,29138.89420243,31048.15392439,30893.76106322,31298.01050239,31609.93896476,36913.97536603
2015-09-30,35143,28835.53825083,30709.29991154,31502.80110595,31670.95634902,30851.03311165,35945.19309541
2015-10-01,34845,28835.53825083,30786.21419590,30692.15345712,31373.33937952,30689.09490751,35084.50400988
2015-10-02,35782,28127.70769709,28556.65748057,28140.74557173,30456.23695872,30151.40837210,34210.14646574
2015-10-03,29224,27419.87714336,25610.17092749,24260.54442056,27066.16270911,27284.25070385,30138.50822224
2015-10-04,30096,27217.63984229,23222.65572339,23029.23828970,25367.75968932,24958.05902389,29170.51272169
2015-10-05,20833,30453.43665937,30075.36134561,26283.91397567,24925.03174703,23556.18075310,27413.85202285
2015-10-06,25972,31565.74181524,33472.23164410,29543.64041934,28569.39323416,26947.38215729,29031.08875426
2015-10-07,28817,29745.60610563,31618.32905643,29169.70110018,26798.29754195,27621.21560244,32309.16914110
2015-10-08,33877,26509.80928855,28463.13971451,28288.67388820,30824.53425616,34244.88096431,36508.24109212
2015-10-09,34392,26206.45333695,26637.59595246,25801.57409020,29432.44849917,31297.22974965,33648.53396671
2015-10-10,29683,27318.75849282,25509.16768917,23674.22171261,24970.99599541,26438.72351621,29450.26854904
2015-10-11,27984,26307.57198748,22313.62657850,22253.74234293,22160.34594654,21491.72868269,26432.68368334
2015-10-12,31469,25498.62278321,25126.20266786,25793.87880302,25909.14892019,25265.47209634,28969.94003696
2015-10-13,31753,24689.67357894,26604.01143825,26976.84770921,25891.49107785,26138.38072924,30939.53231077
2015-10-14,30815,24790.79222948,26669.17037869,26499.61162315,27669.07373712,28477.75914975,31542.57104291
2015-10-15,31062,25599.74143375,27554.11056962,26241.47959720,23997.16056491,25156.64883918,30650.01062720
2015-10-16,30295,26813.16524015,27243.61538239,25383.30117722,22981.37006022,22788.81962780,27093.20844345
2015-10-17,24555,26712.04658962,24903.14825924,24092.49462560,21799.81692762,23182.59867768,27141.15251644
2015-10-18,23282,27217.63984229,23222.65572339,20647.32710529,19399.69748741,22074.73361551,27353.47228049
2015-10-19,30127,27217.63984229,26843.25771932,24881.27900428,23353.97710353,26337.19739303,31043.15605787
2015-10-20,32949,25195.26683161,27109.02762985,26113.55190431,29067.66192109,29696.02322988,32558.68909128
2015-10-21,19085,26509.80928855,28386.22543015,24900.69843229,25506.20384704,23239.72995800,25552.60169330
2015-10-22,30539,27824.35174549,29776.18181269,28765.13553831,26605.75896454,27528.08726783,31836.76270358
2015-10-23,30515,25498.62278321,25930.57328421,25815.19548727,25438.10624551,26865.51592586,30352.97428040
2015-10-24,17058,27015.40254122,25206.15797421,23772.33688509,22404.99427197,24256.34961333,27648.61328003
2015-10-25,23591,22869.53786934,18879.51647557,18386.57792342,20462.47578797,23463.34799024,26053.42179064
2015-10-26,30606,26206.45333695,25833.22533611,22954.26108547,23926.50361965,22070.55741023,26809.61639884
2015-10-27,32635,28431.06364869,30341.13125614,26850.05917158,27594.23542648,27099.31615242,32158.12968532
2015-10-28,24040,28127.70769709,30002.27724329,26611.30031816,25359.82069178,24927.16228541,27966.08476109
2015-10-29,27534,28026.58904656,29978.18828933,26627.32812163,25602.87866720,26425.91856509,31020.71938593
2015-10-30,24195,29138.89420243,29566.68986378,26575.63946594,24140.57247829,24587.96637226,28500.51032668
2015-10-31,27765,26408.69063802,24600.13854428,21364.61347758,22438.74642787,22536.74083459,26759.60517271
2015-11-01,23085,24588.55492841,20596.57152703,17393.23537267,22875.49472451,23266.11932534,23882.56378366
2015-11-02,28256,25700.86008428,25328.20914450,21334.71726594,22041.60142657,21724.09257981,27219.62004249
2015-11-03,30911,26712.04658962,28624.07620467,25441.30484991,25116.59650512,25664.12869285,30313.12467060
2015-11-04,23675,27520.99579389,29396.25781336,25333.97543885,23741.41091764,23389.90908341,26993.55262819
2015-11-05,24685,29543.36880457,31493.23686415,27226.77941146,25148.63080979,23977.01378237,28348.30834849
2015-11-06,25677,30756.79261097,31182.74167692,27034.72869559,25996.22269784,27070.87068065,29544.40192796
2015-11-07,15031,30554.55530990,28741.27131546,25440.19906807,23923.22966120,21483.21648245,24231.24912703
2015-11-08,18943,28431.06364869,24434.69458325,20941.17980752,21746.37693048,20788.78832895,23733.96225211
2015-11-09,28623,28228.82634763,27853.29010254,27010.15380314,25393.29686286,22606.63108613,25537.91058870
2015-11-10,29429,30554.55530990,32462.19926089,29352.59166883,26708.76466449,25537.09829687,30218.23458453
2015-11-11,30049,29240.01285297,31113.31286483,30174.29672111,27114.21293352,27756.77841161,31946.64045572
2015-11-12,29108,28329.94499816,30281.19800429,27800.91129338,26959.98369597,27537.63944523,31073.67559538
2015-11-13,25410,25094.14818108,25526.56033092,26558.31492000,27656.25609101,23992.41773655,25091.44396134
2015-11-14,8983,25094.14818108,23287.09644610,21534.09384358,24608.03487355,20801.13576302,20088.64415421
2015-11-15,17711,30453.43665937,26454.75934967,25865.05710934,22525.57080852,19332.75738077,22856.01496411
2015-11-16,26676,27925.47039603,27550.28038757,26845.85503156,24109.05404322,21719.94517766,25344.19869458
2015-11-17,23773,28835.53825083,30745.14420942,28892.56468333,27492.28889454,16941.64940342,18670.83840891
2015-11-18,26636,27925.47039603,29800.27076665,30384.14846312,28597.16953608,21856.89115321,24974.98833303
2015-11-19,23852,25903.09738535,27857.12028458,26890.23488086,25396.98774106,23148.34789123,26065.43849536
2015-11-20,25993,22768.41921880,23203.48584953,24114.46397507,21996.56209954,24799.95506234,28222.21309223
2015-11-21,12847,18319.19859531,16519.87947857,18362.66824919,18045.63099986,14682.05849398,18430.89801327
2015-11-22,13205,17105.77478891,13122.33189125,14316.17392736,15351.37787647,17603.47039440,20822.01025852
2015-11-23,24070,18622.55454691,18257.98246201,18382.52097205,19030.39355332,19332.37833643,23329.61061596
2015-11-24,21348,23172.89382094,25088.96286343,23087.12927481,21259.03838197,20057.75733097,24413.19859321
2015-11-25,26187,22465.06326720,24346.09589729,24237.43187024,23669.49117150,25888.95045783,29047.82238755
2015-11-26,26826,22970.65651987,24928.02637326,22502.93135250,22987.53625948,24641.51015843,28913.02693690
2015-11-27,23667,25801.97873482,26233.58299917,23395.72619439,23482.54751888,22928.89045336,25602.00496300
2015-11-28,16523,21858.35136400,20054.99281982,20858.14364032,21553.46351103,18878.01214601,20771.48712374
2015-11-29,11453,26105.33468642,22111.62010185,22029.82426320,20913.97933163,13829.55983697,16692.87974493
2015-11-30,21886,25700.86008428,25328.20914450,24221.27065045,24970.20547968,19420.80936821,20596.60795680
2015-12-01,26714,26610.92793909,28523.07296635,27176.33626237,26591.40122468,24522.91905109,23122.41706082
2015-12-02,27975,27217.63984229,29093.24809840,29105.88582796,26251.91687316,26531.90517212,26703.24857456
2015-12-03,26038,27318.75849282,29271.16562108,27771.34804689,23710.49971992,22482.71981936,24545.92662284
2015-12-04,26130,25094.14818108,25526.56033092,25730.70171186,25119.95290156,23978.22436028,22944.33167396
2015-12-05,16667,27217.63984229,25408.16445085,26721.32284530,22365.65358416,17927.01034900,18685.02861862
2015-12-06,15627,28329.94499816,24333.69134492,23039.55360404,19880.28138408,16447.61342613,17121.45624023
2015-12-07,25897,27520.99579389,27146.26743429,23834.43649565,21231.43215034,22566.42043572,24302.94997664
2015-12-08,23565,26408.69063802,28321.06648971,27315.76056669,25810.49041105,24678.28268205,24138.26825830
2015-12-09,27739,23071.77517040,24952.11532722,24909.18610945,25469.95720308,25222.22123169,24234.39727588
2015-12-10,23251,26004.21603588,27958.12352290,27294.88639678,24246.06133422,23698.46444035,24381.85361808
2015-12-11,23439,23577.36842307,24011.51175610,22547.48235758,20554.36356901,22150.33265729,21961.32196006
2015-12-12,16815,24184.08032627,22378.06730121,21747.69660898,23816.85426959,20306.10034362,17134.28415358
2015-12-13,12364,22566.18191773,18576.50676061,15335.72576734,14310.99510204,13029.37597818,14514.74901333
2015-12-14,23972,23274.01247147,22904.13142479,20060.69846936,17951.37346729,19174.89825979,21757.84562218
2015-12-15,20310,25599.74143375,27513.04058314,23695.02036728,22411.15254177,21468.01055194,23013.28680871
2015-12-16,25740,28835.53825083,30709.29991154,27687.70607329,25022.31552015,23856.70595281,24289.95005338
2015-12-17,25977,28431.06364869,30382.20124262,29053.36170545,26125.13193880,26435.75431833,27112.94861408
2015-12-18,25886,27116.52119176,27546.62509735,25345.74306876,23556.94463803,24836.64440759,24965.87923318
2015-12-19,18883,29543.36880457,27731.23893224,25975.83508568,23715.59198234,23520.10877701,23462.97155543
2015-12-20,13118,27318.75849282,23323.65896171,22586.09090947,21098.22241319,20410.17218897,19543.54463579
2015-12-21,18239,24790.79222948,24419.17999961,23264.10351164,23310.09947997,19797.59413171,18779.86155731
2015-12-22,17571,28835.53825083,30745.14420942,28670.52211529,26395.36692189,22903.24068092,22900.79729694
2015-12-23,18568,25397.50413268,27275.18980861,27635.63668643,24720.66586972,22273.52770212,22982.82586719
2015-12-24,8968,25094.14818108,27049.09437801,27508.48916218,27542.97735689,23239.05726601,21097.43479002
2015-12-25,22871,24790.79222948,25223.55061596,23608.39120394,27198.26361860,25365.64409653,21371.94263310
2015-12-26,10362,29644.48745510,27832.24217056,27026.42861771,22806.46466121,20423.10200452,21219.32506866
2015-12-27,9507,28734.41960030,24737.70429821,22054.20591526,18714.52654660,14375.56882767,15413.90975103
2015-12-28,13851,25903.09738535,25530.21562115,24324.07460216,22636.94508221,22591.47273838,23462.23549077
2015-12-29,15717,26004.21603588,27917.05353642,27089.96697526,24537.82154379,26395.18150463,27156.43575709
2015-12-30,12379,26813.16524015,28689.23514511,28859.90654852,25843.00457955,23985.52505307,24433.34603035
2015-12-31,14024,24082.96167574,26039.06199480,26812.79821158,24685.94114021,22530.85248012,22457.60618315
2016-01-01,9922,20543.80890706,20981.41460646,19491.49648160,20034.64679785,17021.93171901,17537.60881830
2016-01-02,7246,24790.79222948,22984.08673114,20259.58223181,18156.37852959,15597.49888798,17007.46273888
2016-01-03,4894,23172.89382094,19182.52619053,16754.35046268,15385.62531519,12088.75321063,12529.08506058
2016-01-04,20644,22262.82596613,21894.09904158,19122.77926272,19671.34776648,21475.61393631,22151.86987135
2016-01-05,22934,23172.89382094,25088.96286343,22178.77331465,20836.15889528,23506.20790646,25373.55495247
2016-01-06,23199,21251.63946079,23134.05703744,20148.66982335,18447.12269704,19469.23107345,22621.17290816
2016-01-07,18225,22262.82596613,24221.00370501,23445.09439772,23646.13907011,17494.43590772,16425.43346738
2016-01-08,20948,20847.16485866,21284.42432143,20624.70827734,22395.28000868,23189.61550012,22049.77656381
2016-01-09,11674,23779.60572414,21974.05434792,19543.70559320,17924.45380199,14543.98878161,16439.00118430
2016-01-10,14447,21453.87676186,17465.47113907,17303.60787735,16294.24258519,16278.36286372,16375.74994435
2016-01-11,21188,21150.52081026,20783.06342004,18991.34982036,16873.48480610,16421.48783673,18475.95143539
2016-01-12,22924,20644.92755759,22563.88190539,22377.37198648,20347.71623753,20456.58008364,22030.40554226
2016-01-13,24726,19734.85970279,21619.00846262,22334.84347801,20153.67146158,22082.99477540,23643.87181491
2016-01-14,22266,18521.43589638,20483.88388712,21189.97175094,19218.20746803,17999.13140538,19219.61940634
2016-01-15,22594,17611.36804158,18052.32069514,19706.52981804,19159.77407799,19269.43283252,19677.31887556
2016-01-16,16258,16802.41883731,15004.83090375,15562.97696698,15337.57104704,17219.62662391,18613.52661207
2016-01-17,11826,17712.48669211,13728.35132118,14846.62835054,14171.00796119,14319.98115979,15068.00221157
2016-01-18,22905,17206.89343944,16843.93712551,18248.27826215,16819.08236666,17951.97181238,19211.33041025
2016-01-19,23919,14881.16447716,16806.69732107,18165.66817440,20027.09268313,21996.94659671,22086.13973251
2016-01-20,23919,16397.94423517,18285.90159801,17297.84691014,19019.02303300,20728.44421274,21774.20161080
2016-01-21,23490,17409.13074051,19372.84826559,19443.68726831,21552.44914812,21339.24415087,20886.35796706
2016-01-22,18431,21554.99541240,21991.44698968,20651.45825628,21191.63011501,19864.06365128,19140.39258346
2016-01-23,17424,22566.18191773,20762.01548807,18361.68261882,18327.00409438,17988.61173863,19831.73606600
2016-01-24,16474,26813.16524015,22818.64277010,19089.27810562,19264.57625737,19020.41583711,18868.87478166
2016-01-25,25886,26206.45333695,25833.22533611,24488.37337373,23445.39339344,22013.62731544,22848.60231748
2016-01-26,20329,24487.43627788,26402.00496160,24734.36082913,24411.71343431,20163.90119028,20389.47861718
2016-01-27,21816,27015.40254122,28891.24162176,26923.95601188,24755.80167670,22745.46155324,22666.94296208
2016-01-28,25490,21453.87676186,23412.97779844,24870.77619919,24768.21475519,24048.62712037,23814.54120430
2016-01-29,22701,26408.69063802,26839.60242910,25702.52116188,22406.88489488,20170.45551488,20859.60972156
2016-01-30,16528,22566.18191773,20762.01548807,22156.59196348,23335.38088796,19433.47705537,17562.30826491
2016-01-31,11098,23577.36842307,19586.53914382,17888.50001427,21133.81451621,19485.89485100,15816.87807577
2016-02-01,23742,27318.75849282,26944.26095764,27284.31363255,24462.63631606,19276.95501538,19706.21500236
2016-02-02,24643,23071.77517040,24987.95962510,27971.12801582,24875.16348752,20668.71746770,21989.37375502
2016-02-03,24601,19835.97835332,21720.01170094,23304.69425803,24300.42150402,23768.96406092,22433.85015177
2016-02-04,25344,23678.48707361,25635.04904151,24043.60793170,25478.41354381,26100.95687076,24418.66336878
2016-02-05,22806,25195.26683161,25627.56356925,23753.44204336,21243.83924127,21621.62503142,22857.62466929
2016-02-06,13255,25700.86008428,23893.11587603,23356.43229899,21021.04029973,17109.09300355,17759.26098667
2016-02-07,14219,22566.18191773,18576.50676061,18989.33529598,17219.21340648,13974.50904722,15937.06723057
2016-02-08,19924,23375.13112200,23005.13466311,24563.04464999,21144.97424239,10919.81148954,13640.89657605
2016-02-09,23460,20341.57160599,22260.87219043,23989.41375922,22534.19804755,20707.22620345,21125.66594932
2016-02-10,23769,20543.80890706,22427.03436919,23432.37267699,23750.57418043,25565.54390193,24762.20502406
2016-02-11,25393,18521.43589638,20483.88388712,21856.09945506,25046.54409748,27686.90934617,26084.40287664
2016-02-12,22995,18622.55454691,19062.35307836,18343.28059228,17818.15336376,18362.06964630,21665.81203692
2016-02-13,9948,18925.91049852,17125.89890850,16329.54029593,14065.94409996,12824.72807891,16076.63168649
2016-02-14,13782,18723.67319745,14738.38370439,15643.24774116,15056.58942608,13624.81331343,15540.90851602
2016-02-15,21918,17712.48669211,17348.95331711,17465.72520925,19221.52642197,19055.80346424,20145.80528578
2016-02-16,24537,17712.48669211,19634.78799407,20371.97964253,23518.21905983,23609.56692373,23617.31957678
2016-02-17,19168,19330.38510065,21214.99550933,22714.62052668,21818.67889543,23314.69600813,25224.21900899
2016-02-18,23696,19330.38510065,21291.90979369,21883.78718985,22666.55905897,22834.26750727,23794.94738196
2016-02-19,22300,19937.09700385,20375.39517653,20333.66884265,22828.06613026,20592.73016064,21187.89802749
2016-02-20,11224,25498.62278321,23691.10939939,21961.74431505,20879.83788178,18396.59707785,18538.94602948
2016-02-21,14745,27925.47039603,23929.67839164,22369.67487653,20220.12463876,19484.67394228,19524.34603120
2016-02-22,20538,23071.77517040,22702.12494815,23005.93340618,24397.40900255,22523.30707924,20060.74419478
2016-02-23,25832,19835.97835332,21755.85599882,23278.22589985,24050.08478150,26506.29563772,27132.69804557
2016-02-24,25634,17611.36804158,19497.94045787,21911.43684512,24499.09064774,26888.16005255,26497.42529870
2016-02-25,24296,16802.41883731,18766.82883566,21214.40127753,22583.97520700,23753.50103724,24211.59914309
2016-02-26,23714,18015.84264371,18456.33364843,22011.44927383,22005.98838707,22828.07376207,23000.14593693
2016-02-27,14871,19128.14779958,17327.90538514,21337.46643250,18613.36824109,16251.93917742,17802.46806172
2016-02-28,13549,19431.50375119,15445.40637264,18253.76578455,18115.24165458,17257.75611560,17672.39009200
2016-02-29,23738,19330.38510065,18965.00513026,21255.45295949,21865.24323347,24625.10304299,24800.44634732
2016-03-01,20876,23476.24977254,25391.97257839,24099.22694253,26859.76586754,24078.13472451,20912.07000490
2016-03-02,20775,20644.92755759,22528.03760751,23453.49612084,23244.23332580,20475.88972652,22089.79526897
2016-03-03,24559,21049.40215973,23008.96484516,24342.19728770,23472.77199087,20940.83520891,22562.26024162
2016-03-04,24179,20240.45295546,20678.40489150,22637.65054260,22727.06317801,21624.25720718,23896.46215537
2016-03-05,12340,18116.96129425,16317.87300193,16099.99568110,16882.90386247,16460.47937630,18797.78901109
2016-03-06,12591,18319.19859531,14334.37075111,14488.91250157,15070.01932396,16360.84958694,18586.65565443
2016-03-07,22785,18319.19859531,17954.97274704,18823.79284058,19114.62039138,18558.62821387,21632.84097588
2016-03-08,23308,19229.26645012,21149.83656889,22384.42909261,24677.31228512,24822.99970959,23907.04036305
2016-03-09,19280,22060.58866506,23942.08294401,21730.65553441,19832.86806120,14210.69818297,16995.17870505
2016-03-10,23648,21554.99541240,23513.98103676,22550.35983463,23423.38129503,24107.23864042,26500.07819812
2016-03-11,21026,19431.50375119,19870.37898493,19521.55254327,24483.14114148,23810.17661398,22735.82512820
2016-03-12,21834,21150.52081026,19347.97015157,18510.03954097,20562.29466584,20325.00994652,22238.03765526
2016-03-13,21938,19431.50375119,15445.40637264,14963.49863998,17786.48618533,15469.84910621,18314.78200609
2016-03-14,25597,21352.75811133,20985.06989668,22929.43449274,23691.12600223,18819.22947081,21716.99243570
2016-03-15,25379,21150.52081026,23068.89809700,21009.43398149,20077.59533264,18554.62635760,21861.57030315
2016-03-16,25489,21959.47001453,23841.07970569,24333.67153102,24866.76821169,22437.03124089,23922.25479167
2016-03-17,27198,20847.16485866,22806.95836851,23411.78012784,26583.51570646,24165.93780067,26716.15510495
2016-03-18,23210,20240.45295546,20678.40489150,19529.05459006,19106.42010156,21447.66415284,23165.78824793
2016-03-19,18060,21554.99541240,19751.98310485,20148.83129265,17985.05529479,20353.72269659,23068.12663636
2016-03-20,17163,22465.06326720,18475.50352228,18725.98359608,19641.85167558,21478.12992272,21590.99139398
2016-03-21,25990,22869.53786934,22500.11847150,23145.35771051,23457.90001944,22631.45377173,24766.26582057
2016-03-22,29312,22262.82596613,24179.93371853,25500.97203260,28300.42406191,28903.44283585,30498.40641253
2016-03-23,27052,22566.18191773,24447.09913562,25227.46833826,25032.53155540,25349.27725936,27291.02772997
2016-03-24,19477,23274.01247147,25231.03608823,24968.39855647,24634.18551067,22879.56074875,23902.44014784
2016-03-25,25612,24993.02953055,25425.55709260,26194.03478009,26605.78051914,25526.06642079,27306.39568491
2016-03-26,11211,24689.67357894,22883.08349282,21570.71419619,23622.81374590,20465.23400349,19353.51687588
2016-03-27,10149,23274.01247147,19283.52942886,19096.82802693,17867.09404676,15438.14858846,19391.87699867
2016-03-28,10316,23577.36842307,23207.14113975,23838.23539356,23483.23984064,11890.73405061,14838.54337775
2016-03-29,18945,22566.18191773,24482.94343350,25261.55704410,27180.28560153,26024.50017269,28397.29260730
2016-03-30,26700,23172.89382094,25053.11856554,26181.82220952,27156.04693892,27879.47270100,29726.69271587
2016-03-31,28486,22262.82596613,24221.00370501,25080.13512601,27414.35848092,29370.42013881,31782.18746545
2016-04-01,27310,21959.47001453,22395.45994296,23319.72009614,26635.98798756,25246.97207429,26893.30710301
2016-04-02,24416,24689.67357894,22883.08349282,24860.98134076,25837.97219749,24573.42035471,27270.65073558
2016-04-03,21068,26004.21603588,22010.61686353,20878.30229115,22632.14338744,21692.41947189,24510.89628178
2016-04-04,25182,25599.74143375,25227.20590618,23816.61913453,22984.62427671,23218.60882464,27527.22130919
2016-04-05,30155,25195.26683161,27109.02762985,27970.63520063,29051.71583058,28155.75056542,31062.78872294
2016-04-06,24132,23880.72437467,25760.14123379,27581.19897270,28957.37420805,26512.13886910,26620.15711562
2016-04-07,22338,22566.18191773,24524.01341998,25365.54802560,26057.44392414,26655.73991833,28714.36197179
2016-04-08,27357,23476.24977254,23910.50851778,23959.54276198,25512.18333830,27323.54777348,29422.09815718
2016-04-09,19858,23274.01247147,21469.03815632,21375.91442228,20582.61843399,23056.87459819,24605.60607912
2016-04-10,23389,22262.82596613,18273.49704564,19592.09266854,20232.19119336,19594.65198235,23723.48002942
2016-04-11,24162,26509.80928855,26136.23505107,25318.79984942,25077.94847023,22358.10975232,26352.04291683
2016-04-12,30801,25801.97873482,27715.04705978,27027.53439955,28511.49180935,27719.47534577,29845.80502867
2016-04-13,30285,25903.09738535,27780.20600022,29234.99481796,31805.61171992,33546.62656131,36185.42918940
2016-04-14,30566,26914.28389069,28867.15266780,29261.33793576,30261.18011870,31024.72038509,34287.66851901
2016-04-15,15919,24790.79222948,25223.55061596,22336.69285972,22856.22438188,22620.80987671,23818.72587776
2016-04-16,17801,21049.40215973,19246.96691325,18852.25848118,18802.46666124,20709.54178737,25533.60050802
2016-04-17,18274,21150.52081026,17162.46142411,19157.87790613,21852.30308103,24245.31504347,27754.55543882
2016-04-18,28512,23172.89382094,22803.12818647,24763.02601833,25105.67095989,26220.67411509,27964.46272671
2016-04-19,33719,25599.74143375,27513.04058314,29791.09814434,28804.43634281,30791.65175350,36060.95920383
2016-04-20,34577,23071.77517040,24952.11532722,26059.77032565,28118.77240975,27539.62292141,32781.00303244
2016-04-21,31937,24386.31762734,26342.07170976,27421.18211923,28940.24370121,27611.32187228,30865.61030666
2016-04-22,20532,23375.13112200,23809.50527946,23615.44831007,23086.70090483,22933.92789516,24137.88227522
2016-04-23,22060,21656.11406293,19852.98634317,21643.50996076,21279.31729123,23689.93950043,29028.13909547
2016-04-24,18873,21049.40215973,17061.45818579,18793.59776622,17928.37973046,18780.83075054,24438.12432461
2016-04-25,24389,21352.75811133,20985.06989668,20184.18092427,22015.55308309,22139.35468354,25617.61402667
2016-04-26,27862,19937.09700385,21856.85923714,24126.96255185,24652.66359110,24852.68101881,30607.14931646
2016-04-27,28431,20746.04620813,22629.04084583,24827.06066092,26166.28747876,27242.73207748,32865.40109501
2016-04-28,28901,21757.23271346,23715.98751341,26387.51606700,27596.35527708,25339.32412505,29868.64182378
2016-04-29,25658,22768.41921880,23203.48584953,26072.47571141,26670.28437492,24696.66907067,29711.77850559
2016-04-30,24844,22566.18191773,20762.01548807,23751.26131576,25552.78271807,26566.18823366,31033.69000159
2016-05-01,29664,24689.67357894,20697.57476535,23389.32246556,26470.27674253,27421.38230166,30183.58759890
2016-05-02,19598,27318.75849282,26944.26095764,25770.38703229,28309.90971344,26686.04264581,25944.01534576
2016-05-03,32037,25296.38548215,27210.03086817,29848.84194080,30361.69535997,32108.85875307,35544.72327340
2016-05-04,36514,26408.69063802,28285.22219183,31439.92358958,32575.40353425,32142.54478793,37236.12539493
2016-05-05,39104,28026.58904656,29978.18828933,33450.09066682,33916.02454415,31406.56402353,37180.92537172
2016-05-06,40117,29240.01285297,29667.69310210,31320.21390261,34142.68083668,32791.85637933,35884.55170604
2016-05-07,44532,31262.38586364,29448.29398371,29968.35747179,32817.73051661,31302.38269052,33560.17883980
2016-05-08,45301,33790.35212699,29787.86621428,32294.86614945,32501.83007746,29682.85001722,34555.23288120
2016-05-09,30821,33082.52157325,32701.44554196,34200.89963711,32485.27156383,30439.83711736,36821.05014274
2016-05-10,21673,30655.67396044,32563.20249921,28687.40172056,25853.96571992,24166.48846158,27368.87080623
2016-05-11,27922,30959.02991204,32830.36791629,28938.72591432,28676.44884446,28027.40283872,31998.65497225
2016-05-12,38525,31970.21641738,33917.31458386,33284.80626487,35501.05068436,32650.08071715,38160.37592949
2016-05-13,35109,27824.35174549,28253.64776560,27431.43322406,30147.47874221,28325.55152527,33853.26916875
2016-05-14,30442,24184.08032627,22378.06730121,25260.00632159,23604.31918598,25042.01437798,28064.44168328
2016-05-15,34725,24891.91088001,20899.58124200,22987.48421718,26611.08769808,27298.45565333,29204.93605132
2016-05-16,37441,27520.99579389,27146.26743429,28658.81592849,29662.05927294,31283.10432228,33020.87797956
2016-05-17,36810,28026.58904656,29937.11830285,31125.67400493,32367.07646122,32070.33719080,34867.59562717
2016-05-18,24335,27318.75849282,29194.25133672,27451.59716752,25553.91128081,26969.53631828,29238.90563417
2016-05-19,34655,28936.65690136,30887.21743422,29825.10662882,30531.95148136,29878.46303650,32468.18258815
2016-05-20,36101,30453.43665937,30879.73196196,30685.52495668,30144.06618214,29195.30119905,32063.35111212
2016-05-21,26785,30554.55530990,28741.27131546,27519.32493243,26325.22172992,25654.73905914,29368.05050236
2016-05-22,31115,29745.60610563,25747.73668142,25777.75006639,24327.72010215,27587.45336593,31967.15706179
2016-05-23,35451,28734.41960030,28358.30629414,28347.09799061,29265.11636392,31107.14301678,35508.42112464
2016-05-24,36580,26610.92793909,28523.07296635,29255.46212673,30086.80542840,30131.18859605,34919.51159904
2016-05-25,31919,25397.50413268,27275.18980861,26525.42384624,24786.99193786,27955.55561777,30922.00911074
2016-05-26,37442,28228.82634763,30180.19476597,30222.25609795,32378.77357241,32951.59522816,36712.67343800
2016-05-27,36133,28835.53825083,29263.68014882,28571.20931074,31815.56651454,31049.66348612,36191.15223467
2016-05-28,31301,29037.77555190,27226.22274064,26334.48869050,28971.21704982,28697.91903064,34115.04256756
2016-05-29,31246,28633.30094976,24636.70105989,23082.73824759,27136.24313898,25997.76504860,27964.76274153
2016-05-30,24041,28228.82634763,27853.29010254,25920.12665095,24420.49313660,23677.12257573,27858.06655243
2016-05-31,16227,27015.40254122,28927.08591964,25827.64618952,23251.06650132,15518.90440176,14759.43197752
2016-06-01,27156,27419.87714336,29295.25457504,25534.89456303,22525.36247404,19077.85375094,25339.58912269
2016-06-02,29162,26206.45333695,28160.12999955,25823.20668422,23837.77807387,22988.01421225,30488.49267282
2016-06-03,29580,26004.21603588,26435.58947582,23902.24390617,22566.62360507,24734.53647914,28632.50250747
2016-06-04,30140,30048.96205724,28236.25512385,24729.01120870,27853.54471672,27871.57677838,31134.70381664
2016-06-05,40836,30857.91126151,26858.77230296,24718.22391653,28529.11703737,28541.24623603,34788.22140843
2016-06-06,39528,30554.55530990,30176.36458393,29938.46126016,36350.08397247,36284.60986349,40200.55054125
2016-06-07,35137,32071.33506791,33977.24783571,33343.23854325,37176.52869208,37779.78041767,39864.67867152
2016-06-08,34588,33082.52157325,34951.43592104,33116.67051586,36071.14946307,35682.47317395,39927.87355274
2016-06-09,41546,29846.72475617,31796.24657912,30217.07450352,32850.19991249,34405.84247724,40765.39700287
2016-06-10,40139,31161.26721311,31586.75463021,31418.77401575,33412.57261737,34790.85645672,38413.82038039
2016-06-11,29018,32071.33506791,30256.31989028,28946.38943040,30786.24960398,32973.84862150,35011.95267746
2016-06-12,18109,31565.74181524,27565.79497121,24260.51738339,23685.26727934,25615.74018841,28711.04241204
2016-06-13,27571,31262.38586364,30883.38725218,27724.59987071,26501.90455371,27844.48516892,31323.18797456
2016-06-14,30218,30756.79261097,32664.20573753,29697.62387659,28327.33912288,29459.19241675,34324.47130589
2016-06-15,37704,30655.67396044,32527.35820133,31479.30933522,31939.02938009,33536.51998371,39585.14461397
2016-06-16,31406,30453.43665937,32402.26600904,30888.82874273,31126.05043621,32984.78519533,38118.16802087
2016-06-17,32018,29644.48745510,30071.70605539,26883.11356523,28308.81110720,28233.30920059,31828.61645497
2016-06-18,29692,28835.53825083,27024.21626399,24899.42933055,22185.37489989,24812.05078719,31602.76115586
2016-06-19,31372,31262.38586364,27262.78525624,25771.63071611,27033.43794253,26954.52718191,31048.92751695
2016-06-20,22309,32678.04697111,32297.43258868,28888.31266879,31446.93688369,28535.86554847,23096.17250327
2016-06-21,39003,33082.52157325,34987.28021892,34119.67224587,32915.91134211,35422.29269392,40856.76136745
2016-06-22,36628,33689.23347645,35557.45535097,32779.14035489,33675.20087934,36888.52049610,37494.94232968
2016-06-23,25129,34801.53863232,36745.40525686,31918.25095639,31660.56839393,28095.71593994,23866.92793592
2016-06-24,36530,32880.28427218,33303.80968167,31898.98668925,32946.39055904,34086.37554551,38790.87262689
2016-06-25,26357,29846.72475617,28034.24864721,26402.54780130,27067.31818528,26548.61275845,29466.59468462
2016-06-26,29597,30756.79261097,26757.76906464,25201.74267277,27759.26033564,28180.25425429,31934.04607913
2016-06-27,33695,32475.80967005,32095.42611203,31046.30577347,30494.55414938,33132.62600398,37309.53652897
2016-06-28,31701,30554.55530990,32462.19926089,32622.67312540,33135.01629984,33425.71646409,37353.27444305
2016-06-29,31496,30048.96205724,31921.33877140,30020.31326387,29541.18563781,29410.10262287,33002.03746926
2016-06-30,35867,32071.33506791,34018.31782219,32720.54475662,33960.35739503,34421.13109653,37967.91275391
2016-07-01,28108,31767.97911631,32192.77406014,31182.17229479,29890.39096002,30551.37530237,33898.13493714
2016-07-02,30802,29644.48745510,27832.24217056,28459.61246596,28914.83682964,28925.33964566,34836.31080963
2016-07-03,34195,30959.02991204,26959.77554128,27000.14441678,28702.08728765,30432.58660867,34831.71665619
2016-07-04,37628,31970.21641738,31590.40992043,30415.86066612,32346.90128168,32800.00987326,36312.98325816
2016-07-05,40955,32374.69101951,34280.25755067,34314.96483496,33067.02039497,34609.03583643,38586.19790378
2016-07-06,42871,30959.02991204,32830.36791629,34126.44773122,35070.41683639,38154.80896106,42257.53262847
2016-07-07,39670,33588.11482592,35533.36639701,35661.53585486,35632.06822716,36823.48400135,39498.39597450
2016-07-08,37311,33790.35212699,34212.83882656,33037.82502008,34204.83178152,33148.79125734,35921.46090341
2016-07-09,34525,34194.82672912,32377.38789503,31105.76523159,33506.79044885,31907.89598282,33762.77545123
2016-07-10,29556,34295.94537966,30292.88240589,28524.83127204,27899.80798638,28003.36410600,30055.13788102
2016-07-11,32781,33082.52157325,32701.44554196,31556.57450865,30758.19697780,30128.71545576,35418.54127439
2016-07-12,30186,30352.31800884,32260.19278424,30259.07211729,31617.00220304,33158.68908446,37205.37226904
2016-07-13,36128,29846.72475617,31719.33229475,31128.65059237,31933.89719800,32880.29531723,27723.92089354
2016-07-14,40364,30857.91126151,32806.27896233,33395.60507856,34223.81920700,36622.70213332,40527.23172530
2016-07-15,37045,31161.26721311,31586.75463021,31035.24594368,31607.27406846,32618.72553705,35956.23973919
2016-07-16,38916,36217.19973980,34397.45266145,32456.77575679,34938.42064099,36737.74928859,36303.93870609
2016-07-17,38340,36925.03029353,32918.96660224,31334.83786858,33156.66544602,35031.63829793,36995.40478461
2016-07-18,43497,36722.79299247,36337.56212153,36778.05553610,38485.69656435,39799.32258004,45216.38841952
2016-07-19,46625,38340.69140101,40239.44861163,39759.87112696,42425.95224654,41452.63193123,46196.46470653
2016-07-20,45156,39149.64060528,41011.63022032,40500.34061204,42529.25932584,40200.52996178,43941.07317850
2016-07-21,41731,34902.65728286,36846.40849518,36602.26832905,36251.22076377,39229.07606055,41695.56895505
2016-07-22,36401,35408.25053553,35828.89063971,35333.81185806,34986.43372232,38460.75532770,42512.28734188
2016-07-23,42121,35711.60648713,33892.43646985,33198.95743368,34739.28424139,36331.94646494,39865.61322223
2016-07-24,39070,35307.13188499,31302.91478910,30330.73506284,30602.83152456,32242.36190379,35439.30869426
2016-07-25,40999,34700.41998179,34317.49735511,34801.28868279,33744.91139156,34970.46578963,38059.79061758
2016-07-26,42528,33992.58942805,35896.30936381,36449.46616891,34832.59479284,37543.82099555,41783.24683817
2016-07-27,33646,34700.41998179,36567.48773418,35008.94359376,35681.69970005,37414.77254585,37819.23094552
2016-07-28,39009,33183.64022378,35129.35344372,34830.17162332,34981.79434619,37703.24781497,40132.04385261
2016-07-29,35737,33891.47077752,34313.84206488,31827.62149572,31664.80433867,33912.77676380,37164.22592831
2016-07-30,46251,33486.99617539,31670.36522678,31260.68644468,30168.44810783,34851.62693884,38998.03844684
2016-07-31,46276,32172.45371845,28171.81440114,29332.75160737,28216.72754142,32087.18319366,35972.03582277
2016-08-01,30074,31363.50451418,30984.39049050,31076.36183514,30502.29974789,32151.05446383,34367.02588232
2016-08-02,28949,33183.64022378,35088.28345724,30426.62909707,30133.40168555,29422.21576391,28370.06314694
2016-08-03,40683,35610.48783660,37476.51687907,36410.19586864,35165.81245905,35227.91233856,39244.44897313
2016-08-04,39488,33689.23347645,35634.36963533,35844.14480274,35251.94210174,35779.89416201,39049.68261606
2016-08-05,40570,33790.35212699,34212.83882656,34511.38024434,35979.11420905,38195.18705248,41655.34455050
2016-08-06,42579,35003.77593339,33185.41380160,34544.83423898,35195.69173844,36493.76040723,39112.37119242
2016-08-07,38620,36419.43704087,32413.95041063,32379.80486552,32928.07211266,30781.23323196,33724.04738272
2016-08-08,38117,32880.28427218,32499.43906532,35188.12283758,31158.43867043,30120.55306365,35892.45050492
2016-08-09,40052,30352.31800884,32260.19278424,35144.00861414,35327.48319649,36150.12825034,39412.20297531
2016-08-10,38917,30048.96205724,31921.33877140,33714.29416851,34461.14665708,35843.25762851,38231.78797716
2016-08-11,38034,32880.28427218,34826.34372876,34363.08753170,36510.86395165,37079.22347643,34300.33024832
2016-08-12,40645,36116.08108926,36535.91330795,37197.45944532,38983.65644654,38031.97682506,41608.43037063
2016-08-13,43792,34498.18268072,32680.39760999,32985.84748346,34085.53716279,35411.44229600,35284.93974943
2016-08-14,44648,33385.87752485,29383.85326099,31463.50191792,29207.61814636,32972.13016948,35720.03622047
2016-08-15,41764,32071.33506791,31691.41315875,32072.02483825,34375.45026166,37341.99978853,40813.18153733
2016-08-16,40899,31869.09776684,33775.24135906,33240.43459153,36056.08514080,37120.34926962,37811.06975093
2016-08-17,42879,33183.64022378,35052.43915936,34934.32019202,38209.13812098,37515.35207352,40586.62356832
2016-08-18,39379,33790.35212699,35735.37287365,35118.39779046,37691.81143809,37231.29821426,38408.42148766
2016-08-19,25862,32273.57236898,32697.79025174,28946.24970565,28563.28955614,28471.88990805,29353.08049361
2016-08-20,24712,32475.80967005,30660.33284356,29474.96834189,30090.82772431,25877.44218647,29129.81537062
2016-08-21,28625,33284.75887432,29282.85002267,28212.66839350,29825.97975896,29681.73423919,30923.69267024
2016-08-22,36064,35509.36918606,35125.52326168,33415.97825733,35811.86581269,34543.59908554,34664.96855318
2016-08-23,42558,36722.79299247,38623.39679849,38553.91144118,42794.43292973,42086.47479824,42913.37984670
2016-08-24,41088,39554.11520741,41415.64317361,41230.77640356,45927.20375466,46554.79860890,45952.74845262
2016-08-25,38191,37835.09814834,39775.50240650,37961.71865689,39305.98802441,39504.85593846,41619.98224695
2016-08-26,38222,36823.91164300,37242.93597620,37648.10887233,36995.79522504,38308.63172336,42616.41663468
2016-08-27,32656,35408.25053553,33589.42675488,32610.75921403,32582.35949580,32549.99993364,33241.35972550
2016-08-28,26325,34194.82672912,30191.87916756,27433.86636400,25812.05347331,25382.89899940,28330.07972385
2016-08-29,34665,33183.64022378,32802.44878028,32304.38272063,33791.24999632,37001.41777590,37381.33043199
2016-08-30,39992,34194.82672912,36098.31584046,37056.91232071,39647.52054908,39498.16355125,41433.98586725
2016-08-31,39344,33992.58942805,35860.46506593,35668.50700694,37022.97868336,36414.84356840,37871.62386780
2016-09-01,40302,33689.23347645,35634.36963533,36348.78700283,38011.61034117,39324.02737183,43388.21088368
2016-09-02,34661,32678.04697111,33101.80320503,31150.24072142,31196.04002401,32321.03675962,35474.73111413
2016-09-03,23805,32172.45371845,30357.32312860,28220.64241812,29384.30709355,26625.66169015,30720.04988825
2016-09-04,27901,33689.23347645,29686.86297596,28721.06161698,25693.48314903,26350.86384243,30906.39396274
2016-09-05,28210,32880.28427218,32499.43906532,28627.77423644,29124.01519334,31741.78344645,33759.50234556
2016-09-06,37982,36823.91164300,38724.40003681,34679.19710035,32763.51445939,35675.04169189,40363.32520586
2016-09-07,40232,36621.67434193,38486.54926229,36762.73012318,37787.04843580,37919.31186199,40883.21675768
2016-09-08,41004,34498.18268072,36442.39554190,36537.96024165,36868.02721815,32513.79674045,38776.22758781
2016-09-09,36554,34093.70807859,34515.84854153,33262.68085567,34485.69225189,31858.18624894,34487.99956329
2016-09-10,17308,33790.35212699,31973.37494174,28720.10302378,27433.89291143,27209.42687656,30228.31203182
2016-09-11,39906,30959.02991204,26959.77554128,26959.77304077,28737.25140163,27846.16498674,33435.98521413
2016-09-12,39687,34700.41998179,34317.49735511,33832.37565862,37196.95635586,36349.29758890,39188.57568725
2016-09-13,44035,39149.64060528,41047.47451820,40675.72913391,42847.67340395,40527.24059433,43741.34778932
2016-09-14,44909,38542.92870208,40405.61079039,40434.15701294,40177.30986707,40418.90890905,45065.85817370
2016-09-15,42598,37329.50489567,39270.48621490,38522.22914174,42609.56823231,42423.08872831,43833.92458992
2016-09-16,22204,31869.09776684,32293.77729846,29265.46969031,29257.58974655,25831.31533561,23107.61672002
2016-09-17,27548,30150.08070777,28337.25836217,25497.00510868,22973.61014589,23622.36184369,29339.39774278
2016-09-18,29830,31869.09776684,27868.80468617,25312.98642712,24864.21841365,26861.58145883,31829.22250052
2016-09-19,33401,31565.74181524,31186.39696714,28978.92579447,29341.11294666,31190.30624559,35588.33604851
2016-09-20,37658,31262.38586364,33169.22192914,30691.41136800,29918.35723220,33125.98429677,36394.42662301
2016-09-21,40646,32071.33506791,33941.40353783,32562.27938128,34485.82510864,34934.95507051,39073.43179290
2016-09-22,38411,31767.97911631,33715.30810722,32717.73148908,32326.53479619,32895.97095893,37138.31721337
2016-09-23,38963,29644.48745510,30071.70605539,31667.12162206,33055.93288691,33703.44581350,37612.38807371
2016-09-24,36243,32576.92832058,30761.33608188,31312.80370605,32775.66828252,29727.21262953,33484.32820134
2016-09-25,30015,32374.69101951,28373.82087778,29092.39886302,25893.95168385,24577.59996701,30521.23485339
2016-09-26,35059,28633.30094976,28257.30305582,27417.61858660,28766.41588483,28024.46313070,30991.19974084
2016-09-27,36094,31565.74181524,33472.23164410,31319.98096365,30806.78828762,29269.97878940,32900.83853509
2016-09-28,38893,32779.16562165,34648.42620607,32770.70055225,34677.32113271,31487.97747655,35690.85201263
2016-09-29,34840,32475.80967005,34422.33077547,33531.72330016,30733.21781687,29764.84259029,34714.04241595
2016-09-30,34140,29442.25015403,29869.69957874,30252.24795012,31151.32404374,28355.49878701,32339.70782239
2016-10-01,17832,27318.75849282,25509.16768917,23189.76520053,22705.94882544,24227.43394398,29175.68811084
2016-10-02,27335,27116.52119176,23121.65248507,22059.38750969,23088.73190094,24080.17354841,28343.50030744
2016-10-03,35892,26914.28389069,26540.24800436,25786.82169690,30214.76558299,30621.21775852,33010.36367022
2016-10-04,37162,29644.48745510,31553.17011599,30595.66452241,30589.93901702,28978.70386777,34012.79280877
2016-10-05,36314,29037.77555190,30911.30638818,32877.30340189,30349.17362943,28393.11217460,34000.17774146
2016-10-06,35332,27824.35174549,29776.18181269,32560.04488297,30169.97718163,29357.97157717,32030.05319740
2016-10-07,33361,28431.06364869,28859.66719553,27457.24544715,25485.36129925,27708.82644720,32600.55438574
2016-10-08,27236,28633.30094976,26822.20978735,25402.19601894,24177.98087047,24863.56754507,29217.88268295
2016-10-09,25390,26509.80928855,22515.63305514,22477.66042267,23248.11439199,24943.21390349,28455.22189680
2016-10-10,33045,24386.31762734,24015.16704632,23078.68129622,25545.56273486,25971.88072978,29758.95787408
2016-10-11,35254,25296.38548215,27210.03086817,26538.38910823,29344.26487225,30367.49057120,33063.33676061
2016-10-12,32552,27015.40254122,28891.24162176,27590.08371600,27130.43435740,26716.09009029,31447.59083592
2016-10-13,30762,25700.86008428,27655.11380794,27332.44450524,26331.19985782,25643.61029065,30579.11248164
2016-10-14,32637,26610.92793909,27041.60890575,26713.68107375,25448.50301715,25861.68011353,30151.02724724
2016-10-15,23773,27824.35174549,26014.18388078,24183.55269194,25089.95778211,23710.21760815,27327.23797263
2016-10-16,18685,28532.18229923,24535.69782157,21890.84489953,23161.35647963,20535.15213537,22858.77753837
2016-10-17,29007,28431.06364869,28055.29657918,26184.41610669,27042.30411148,25326.68502199,29441.97630767
2016-10-18,33062,26105.33468642,28018.05677475,28019.44637927,27415.49456491,25550.41403692,29557.74620777
2016-10-19,33953,26408.69063802,28285.22219183,28331.32763704,26661.56884914,27425.68031439,32500.76337158
2016-10-20,32624,26509.80928855,28463.13971451,26835.30435194,25667.60527175,27002.93073451,32184.68474571
2016-10-21,30838,25498.62278321,25930.57328421,23816.81237492,23019.92245666,24713.51474938,29678.95169983
2016-10-22,26322,25296.38548215,23489.10292274,22080.98293137,23235.28884517,23884.52348440,27975.42919655
2016-10-23,23812,24790.79222948,20798.57800368,20120.17876484,20716.73148814,20020.29533557,24461.94711786
2016-10-24,30329,26004.21603588,25631.21885947,25415.03951020,25094.12676504,24836.47986154,27159.94812914
2016-10-25,33313,25801.97873482,27715.04705978,26603.63495148,27075.32876462,28293.63071686,32442.83435189
2016-10-26,34322,27419.87714336,29295.25457504,27008.44978729,28245.91841002,26653.57789414,30225.83630694
2016-10-27,34203,26914.28389069,28867.15266780,26697.75555931,26633.41650720,26229.45772021,30923.79165923
2016-10-28,33769,28734.41960030,29162.67691049,27601.35853072,28672.63631973,28441.07385818,30103.52814469
2016-10-29,28114,28734.41960030,26923.21302567,24514.96350264,25750.87546110,28391.89139219,30380.01673568
2016-10-30,24166,26206.45333695,22212.62334018,18579.00937044,19124.07581886,20791.03595418,25376.97054192
2016-10-31,34747,27520.99579389,27146.26743429,24399.63575975,28467.74241280,29246.18177227,31322.61694790
2016-11-01,32334,24790.79222948,26705.01467657,24313.27464860,24239.94581866,25190.33283349,29109.25396976
2016-11-02,32316,20847.16485866,22730.04408415,23354.44319252,25594.64244841,27144.57198299,30121.46336377
2016-11-03,31111,21150.52081026,23109.96808348,23535.70752341,26774.05472552,26008.91072617,27896.26836297
2016-11-04,22143,23577.36842307,24011.51175610,22547.48235758,22298.94343316,22907.88978349,26618.41435633
2016-11-05,19649,20543.80890706,18741.95072164,18443.85594187,19531.36139364,19319.58082232,22576.95688511
2016-11-06,13576,19633.74105225,15647.41284929,15853.54442383,15750.18221090,15560.00654164,20225.57830280
2016-11-07,17329,21251.63946079,20884.06665836,20930.11362455,21232.72283330,22318.57422200,26077.52317529
2016-11-08,26382,18723.67319745,20644.82037728,20704.32820907,20164.80959482,22038.93214745,27670.57752102
2016-11-09,18878,21251.63946079,23134.05703744,21319.43972756,19720.93104210,16492.39283678,21463.25088407
2016-11-10,26075,21656.11406293,23614.98427508,22430.18346246,24341.49745911,26013.45278571,28789.92183668
2016-11-11,28088,21453.87676186,21890.44375136,21538.69077259,22984.75286276,23243.10525743,27015.62955185
2016-11-12,9709,23274.01247147,21469.03815632,19599.57387797,18309.76760098,16625.55080079,20636.86493579
2016-11-13,19258,23071.77517040,19081.52295221,17076.38371489,15810.57007081,18186.15783925,23741.31664092
2016-11-14,24824,24588.55492841,24217.17352297,21162.91644758,21868.70412248,21535.77141132,25045.79295779
2016-11-15,28810,28835.53825083,30745.14420942,26873.99588298,25514.29800177,25556.83602951,29876.74690089
2016-11-16,27646,27419.87714336,29295.25457504,27250.67804333,24779.09508042,25250.16453526,29883.62661667
2016-11-17,27692,23981.84302521,25938.05875648,25661.27623953,26932.13053525,24118.09755549,25507.50679623
2016-11-18,26884,20240.45295546,20678.40489150,21204.46669435,20777.69919531,23106.12601039,26592.27396280
2016-11-19,18288,19734.85970279,17933.92481507,17346.32674289,17996.23487788,19640.57750845,23943.31566203
2016-11-20,10704,22262.82596613,18273.49704564,15736.62625987,14922.95561376,7588.19326021,11630.23848638
2016-11-21,19374,24588.55492841,24217.17352297,21485.88745564,22262.95669909,18729.43347161,20947.92934930
2016-11-22,27723,25195.26683161,27109.02762985,26759.49392042,25079.54126199,22978.31710079,26879.12626745
2016-11-23,29047,23071.77517040,24952.11532722,22708.94611707,21426.97193514,21902.28302349,27312.09404361
2016-11-24,28091,24487.43627788,26443.07494808,25464.10813874,22455.79360312,22075.05383422,27548.28093724
2016-11-25,27692,22566.18191773,23001.47937289,23002.37562318,23376.28283018,22441.88663804,25578.38496892
2016-11-26,19805,21049.40215973,19246.96691325,17580.56013696,20134.50574584,21666.32514806,24552.55345001
2016-11-27,15628,22262.82596613,18273.49704564,17412.03836416,15959.84202964,16907.56234063,21538.67643902
2016-11-28,26980,20847.16485866,20480.05370508,22702.70314546,22167.40875459,22636.29821534,25540.49754344
2016-11-29,27847,17409.13074051,19331.77827911,21075.66545511,24453.37475627,26102.31188548,27165.99689646
2016-11-30,27119,16802.41883731,18689.91455130,19320.16673388,23603.96419323,23631.16728775,25218.88566040
2016-12-01,26431,19431.50375119,21392.91303201,20935.99760954,24061.73725350,24337.53400140,22211.78458274
2016-12-02,26223,21656.11406293,22092.45022800,20349.61069208,19022.25132802,21139.18534989,22695.33756137
2016-12-03,18120,20847.16485866,19044.96043660,19879.85305766,20470.60992505,22666.81940406,21400.31791216
2016-12-04,15448,19330.38510065,15344.40313432,16335.18766837,18125.98664619,18111.70449956,16806.30296808
2016-12-05,26456,18015.84264371,17651.96303208,16156.46875657,20089.86445719,20499.59484324,19901.60998600
2016-12-06,28347,20644.92755759,22563.88190539,19813.78961004,22535.85406553,22170.95021063,21823.30759788
2016-12-07,29735,25801.97873482,27679.20276190,25217.10514941,24566.68143861,23909.73487882,25037.93681728
2016-12-08,28632,26712.04658962,28665.14619115,26191.23784753,24782.25998095,24483.02894677,24897.60366691
2016-12-09,30076,27419.87714336,27849.63481232,24924.65688823,23543.77519185,22613.39315200,23696.13332271
2016-12-10,15054,26712.04658962,24903.14825924,21306.86968111,19049.22093618,17028.78916492,18714.22691693
2016-12-11,17713,22465.06326720,18475.50352228,16707.41479573,17822.45895227,19556.32915150,18647.37892822
2016-12-12,25476,21858.35136400,21490.08608829,18574.01466323,19855.37352541,20050.01247055,20271.97627077
2016-12-13,26747,25397.50413268,27311.03410650,23713.33054358,22297.30951184,22822.50009867,24469.01938483
2016-12-14,29130,24993.02953055,26871.17685533,24281.06145446,24497.46656690,24509.49337469,25438.72683865
2016-12-15,28449,22869.53786934,24827.02313494,22037.72277257,20701.09627048,20600.68415158,22725.21651326
2016-12-16,27926,23375.13112200,23809.50527946,20809.63767758,18432.78104697,18856.90346789,21749.31834119
2016-12-17,17473,20746.04620813,18943.95719828,16003.26320514,15456.88619979,16253.51515722,18827.95152920
2016-12-18,15152,21656.11406293,17667.47761571,14580.41550858,13271.87073379,14262.32631469,16998.14705064
2016-12-19,23736,21251.63946079,20884.06665836,18305.97418409,16018.54002874,17104.36407164,19917.89491164
2016-12-20,25106,20139.33430492,22058.86571378,21585.44137510,20258.35721738,20994.40025371,22796.68897173
2016-12-21,23329,23880.72437467,25760.14123379,23887.21806806,23263.10306971,22181.70535078,22253.56436983
2016-12-22,21659,21049.40215973,23008.96484516,21879.54335127,23142.74899958,23595.25126462,23544.45125876
2016-12-23,14534,23577.36842307,24011.51175610,21982.28309348,21917.81023739,19148.21336308,19135.92721765
2016-12-24,7978,22970.65651987,21166.02844135,20969.38739467,19486.86821593,16550.32573323,17292.32200388
2016-12-25,37401,26813.16524015,22818.64277010,21329.88947401,19096.61417433,19733.41145397,19348.56789793
2016-12-26,11637,22363.94461667,21995.10227990,22817.69792321,26514.11979419,26319.97060057,22032.12198810
2016-12-27,11003,18218.07994478,20139.80418568,19872.02622169,23247.12229846,24447.28481259,22804.68012330
2016-12-28,12530,16903.53748784,18790.91778962,17080.49312134,21291.34999613,21057.22879546,20246.77175000
2016-12-29,14206,18015.84264371,19978.86769551,18863.92885130,22059.84277521,22734.97293562,22198.56856913
2016-12-30,11684,17409.13074051,17850.31421850,15324.36000958,14044.23729117,14149.94885537,17744.04442124
2016-12-31,11584,21554.99541240,19751.98310485,16939.30690009,15684.69924097,14935.15201495,17207.92619230
2017-01-01,6534,21251.63946079,17263.46466243,14919.82118124,14917.90577380,13144.53384757,13632.88002779
2017-01-02,11954,17611.36804158,17247.95007879,16455.50305323,16272.35851061,18283.66429302,20060.00944123
2017-01-03,19622,17914.72399318,19836.79447071,19707.72745011,19830.19171663,20943.51216636,21549.69389798
2017-01-04,22122,20341.57160599,22225.02789255,22966.22634121,21530.28215000,23103.38483516,23267.99780921
2017-01-05,23580,16802.41883731,18766.82883566,18671.00458909,20490.10829214,22088.33090219,22072.51473445
2017-01-06,18973,18116.96129425,18557.33688675,16945.77934080,17311.91370271,16969.41386060,18461.94035885
2017-01-07,13879,23476.24977254,21671.04463296,18430.67948547,17344.00206765,16725.08720063,18540.87342041
2017-01-08,13506,24082.96167574,20091.55533543,17307.80384141,15839.22383153,17538.46410496,18807.37233509
2017-01-09,38042,23274.01247147,22904.13142479,20383.66947742,19420.35745063,17843.42963849,19050.36233214
2017-01-10,28106,21656.11406293,23573.91428860,22810.64899304,22036.62725689,23098.79554892,23445.18441349
2017-01-11,28270,23071.77517040,24952.11532722,26059.77032565,25228.54957977,22028.42374954,21542.27955030
2017-01-12,17109,19532.62240172,21493.91627033,21259.90637344,20794.31480460,17663.49771471,18025.89928920
2017-01-13,20963,17813.60534264,18254.32717179,19849.70514576,19752.48395561,17472.40271169,17038.05232374
2017-01-14,13766,17510.24939104,15711.85357200,16013.62639400,16292.16348634,18470.50912471,18982.79094544
2017-01-15,6752,19431.50375119,15445.40637264,13086.22965565,15335.62729065,15420.85802850,14684.52472304
2017-01-16,19230,19532.62240172,19167.01160690,17159.63380647,15378.87476213,18421.40846621,21001.25338535
2017-01-17,27281,17409.13074051,19331.77827911,19642.48160686,19561.55711276,20665.32668399,22411.15161548
2017-01-18,27194,15892.35098250,17780.88540640,19533.76949929,21226.80189459,23015.38573404,22649.09251733
2017-01-19,26826,16701.30018677,18665.82559734,19194.89472133,22452.16791648,22728.06669207,21696.49922388
2017-01-20,25125,17308.01208998,17749.31098018,18876.10334235,21527.62901745,21758.47917065,20643.15879637
2017-01-21,17552,16802.41883731,15004.83090375,15684.09109500,17842.46665270,17766.28478880,17780.07401898
2017-01-22,15628,14678.92717610,10698.25417154,10256.53018629,14572.74014509,15069.47755782,14914.33081012
2017-01-23,23280,15690.11368143,15328.88855069,13530.94661960,16171.53215780,16863.92369934,18134.49392966
2017-01-24,26611,19128.14779958,21048.83333057,19961.20877634,23885.70357874,23992.67087746,23313.15773066
2017-01-25,25175,16397.94423517,18285.90159801,16328.93388597,15317.37531994,15109.59387537,18970.59260205
2017-01-26,23831,14375.57122449,16342.75111594,16549.18689636,15449.41300531,14086.07477193,17608.52509506
2017-01-27,23387,17712.48669211,18153.32393346,17022.77106942,17349.48481654,16739.47260770,19694.59190619
2017-01-28,17523,21656.11406293,19852.98634317,19463.45565638,19509.08305946,19503.88619903,19869.65056751
2017-01-29,9078,20847.16485866,16859.45170914,14754.58465382,15884.72950573,16437.31690130,16608.03326522
2017-01-30,24969,21858.35136400,21490.08608829,19179.58530333,18527.67430215,18686.71146147,20009.82537459
2017-01-31,22623,20543.80890706,22462.87866707,20095.45148624,18290.24868190,16700.91116374,19579.26776850
2017-02-01,23181,24386.31762734,26265.15742540,22882.62244712,20603.67091566,18973.69925921,20834.24633550
2017-02-02,25601,25599.74143375,27554.11056962,25514.79482908,22185.57150464,22451.90353798,25430.08314018
2017-02-03,23231,23779.60572414,24213.51823275,23397.15676542,21812.87370829,18220.56361814,20620.81965138
2017-02-04,17324,20240.45295546,18438.94100668,17128.97295409,18999.77648526,17824.14145232,17305.71279743
2017-02-05,14570,19835.97835332,15849.41932593,13634.99425514,13565.61983704,14207.87814408,16666.78346942
2017-02-06,24312,20139.33430492,19773.03103683,18336.03024576,18492.94477966,18508.83315150,20779.13508529
2017-02-07,27156,21049.40215973,22967.89485868,20887.38209762,21991.90982028,19732.98063296,20611.91928068
2017-02-08,25770,18723.67319745,20608.97607940,19539.84097504,17872.40678374,16893.83196216,20266.11871895
2017-02-09,22900,16903.53748784,18867.83207398,18147.11445684,15038.88893948,15143.38649544,19781.96379332
2017-02-10,18673,16802.41883731,17244.29478857,16146.34668263,13682.32245271,12859.60790818,16894.70876884
2017-02-11,9394,16701.30018677,14903.82766543,13583.84178679,11771.03220162,11210.52436493,16331.27548429
2017-02-12,10272,18116.96129425,14132.36427447,12428.09681351,12149.30127600,9711.08048429,12901.14115839
2017-02-13,24159,20543.80890706,20177.04399011,19530.73686137,20136.69980113,15904.94812531,19132.15806266
2017-02-14,26649,21757.23271346,23674.91752693,23518.08582901,24345.40364460,21975.68550849,23056.33375574
2017-02-15,24330,23880.72437467,25760.14123379,23665.17550002,23910.76096121,23346.13087755,24552.35708196
2017-02-16,26649,23779.60572414,25736.05227983,24589.55926365,25123.40449081,25310.06977929,26860.76220681
2017-02-17,25883,23981.84302521,24415.52470939,23217.36108509,23791.36665301,26083.02986163,25660.74182687
2017-02-18,21292,22566.18191773,20762.01548807,19169.11013896,20633.65172248,20111.34283580,21020.57741570
2017-02-19,19169,23476.24977254,19485.53590550,18008.67638644,18153.92214904,18733.22241731,19079.45727328
2017-02-20,28665,27824.35174549,27449.27714925,25351.17636346,27141.94377423,26362.98397579,24480.49893408
2017-02-21,28929,26813.16524015,28725.07944299,26633.19819797,24615.27863981,25149.38532323,26100.30006145
2017-02-22,27290,27419.87714336,29295.25457504,28179.21969150,25748.82646739,26073.98450203,25803.21499814
2017-02-23,22520,24689.67357894,26645.08142473,27605.66657881,24550.55403233,17322.04973882,20145.92634386
2017-02-24,26832,20746.04620813,21183.42108311,23146.98152193,22810.56918516,24286.82214962,24379.95805228
2017-02-25,14132,23375.13112200,21570.04139464,20952.95273006,19750.15588812,17485.43030060,18227.29101650
2017-02-26,14911,25801.97873482,21808.61038689,20391.97026737,18877.95466036,18238.43903157,19214.04095924
2017-02-27,20001,22465.06326720,22096.10551822,20537.65293466,19971.29418669,20117.12801298,21392.70679940
2017-02-28,24755,19633.74105225,21553.84952218,21439.45277984,21996.77897763,21103.41356110,23224.21463799
2017-03-01,24746,21959.47001453,23841.07970569,23748.28657892,23304.39043775,22865.14523182,23661.15776680
2017-03-02,26938,22363.94461667,24322.00694333,27584.09819429,26991.90167053,22370.37113529,22665.30523308
2017-03-03,22914,22465.06326720,22900.47613457,21063.61181899,20726.16888759,20768.58358177,21663.81420615
2017-03-04,21546,23779.60572414,21974.05434792,21562.27439356,21171.23005051,21349.12356208,22570.59486320
2017-03-05,10593,22161.70731560,18172.49380732,17996.48556041,18222.76044001,15866.26274563,16366.23555172
2017-03-06,26917,22060.58866506,21692.09256493,22168.94263955,22013.24078777,22185.70682623,24245.60920094
2017-03-07,29174,21959.47001453,23876.92400357,24710.91693292,25716.57163389,28248.26847465,28276.74593159
2017-03-08,24440,25599.74143375,27477.19628526,25538.20064577,25921.67655924,26909.42562823,26137.62975392
2017-03-09,31113,26509.80928855,28463.13971451,28995.17296832,29816.66621276,30546.57749420,30484.86779870
2017-03-10,28126,24285.19897681,24718.53442435,23058.68884861,23642.08126885,24421.51002601,24897.78114283
2017-03-11,30560,26105.33468642,24297.12882932,22552.75580224,23612.62887074,23244.97590265,25489.64446799
2017-03-12,15850,25801.97873482,21808.61038689,20190.11338733,19913.86628268,20536.45162567,21823.85366542
2017-03-13,32177,26004.21603588,25631.21885947,26828.03767044,27519.13942336,28357.68827918,29946.52506849
2017-03-14,30857,25903.09738535,27816.05029810,26301.78738728,28148.82492610,27639.20777993,27320.99764892
2017-03-15,34548,26712.04658962,28588.23190679,28213.02677656,30567.12165464,31001.71898979,32555.18541857
2017-03-16,31876,25195.26683161,27150.09761633,26156.98582180,28032.06935571,24715.17145609,26823.49227458
2017-03-17,26481,23880.72437467,24314.52147107,25840.56276970,23944.32516231,21383.58703757,23437.01557527
2017-03-18,7771,28127.70769709,26317.19359574,25135.09329565,24521.69421134,22879.99665122,22339.84815436
2017-03-19,19335,28228.82634763,24232.68810660,23624.00080029,22107.74401490,19237.84851472,20114.24852481
2017-03-20,24145,26004.21603588,25631.21885947,23376.28502184,22446.14158205,19436.80571539,20675.90255876
2017-03-21,30182,22566.18191773,24482.94343350,27421.42566048,27452.07891621,26112.78140421,28945.47792078
2017-03-22,23725,22363.94461667,24245.09265897,24357.60824242,22275.58049902,21273.34540277,23352.15132020
2017-03-23,27639,23577.36842307,25534.04580319,24951.02613601,24487.82663302,19510.17743414,23017.76439792
2017-03-24,27578,23577.36842307,24011.51175610,23798.99501380,25530.64965082,22161.85026445,22938.07691829
2017-03-25,28374,23678.48707361,21873.05110960,25598.47423841,26605.87394556,23778.29934104,26491.20844502
2017-03-26,24090,24184.08032627,20192.55857375,21244.95075794,23321.94988454,22826.30023205,24527.81830856
2017-03-27,30887,24184.08032627,23813.16056968,22774.02046447,26765.27194120,24879.05992774,27745.27133365
2017-03-28,32314,24993.02953055,26907.02115321,26293.34758464,32834.15885679,29207.90168118,28775.47109636
2017-03-29,29907,28329.94499816,30204.28371993,28954.71563826,27263.89117684,27912.64625268,29518.29380976
2017-03-30,34219,30655.67396044,32604.27248569,33938.74314296,35248.35277506,35114.32648993,35540.04584774
2017-03-31,30730,28633.30094976,29061.67367217,30244.74590333,28808.96561054,28486.06284592,30589.93785718
2017-04-01,28237,26914.28389069,25105.15473589,25749.59655358,26898.72555886,28351.59401305,29070.36927190
2017-04-02,31064,25599.74143375,21606.60391025,21782.90722791,23144.24148763,24535.16493106,26237.15820423
2017-04-03,34287,26307.57198748,25934.22857443,25700.45240979,28866.49013906,27637.22352214,29278.63187554
2017-04-04,30887,26813.16524015,28725.07944299,28026.01067021,29435.89305865,30900.98579831,30106.59128468
2017-04-05,33985,25296.38548215,27174.18657029,28886.21158680,29746.32485882,30333.05193003,32411.42673089
2017-04-06,36003,25903.09738535,27857.12028458,29433.63156931,32584.67680718,33381.82383400,33718.97198031
2017-04-07,35434,25397.50413268,25829.57004589,26944.65625961,29985.19005248,30112.56601818,31781.51534559
2017-04-08,38878,26509.80928855,24701.14178260,24332.84736994,30537.43112302,27709.58259333,28801.06569495
2017-04-09,42854,30554.55530990,26555.76258799,28227.72036160,34420.51955632,28100.35859722,27805.69922910
2017-04-10,31158,26206.45333695,25833.22533611,28787.92491848,26050.61039309,27296.66441232,30875.97018398
2017-04-11,35436,25700.86008428,27614.04382146,30175.56397225,31424.26439087,31525.89490143,34028.38996965
2017-04-12,32570,26307.57198748,28184.21895351,29864.50216946,31023.23239382,30392.98320983,31361.52285359
2017-04-13,30343,24689.67357894,26645.08142473,29018.66473905,28014.84231783,30046.55184402,32090.13569748
2017-04-14,22357,26509.80928855,26940.60566742,28912.98331029,27673.13893831,28009.73125689,29244.98573910
2017-04-15,24627,26105.33468642,24297.12882932,26933.05009900,25479.57486202,25609.04031041,28698.34790186
2017-04-16,23090,25498.62278321,21505.60067193,23861.09533643,22705.38363365,24343.00706547,25404.74714307
2017-04-17,20130,24487.43627788,24116.17028465,25905.61537256,25077.01977222,27543.76127422,31284.98163682
2017-04-18,29490,22768.41921880,24684.94991014,27786.64355624,27591.18485135,27523.68579149,31171.07180236
2017-04-19,32500,22262.82596613,24144.08942065,27808.42313517,29107.07533222,30506.95561207,32880.58902626
2017-04-20,33546,25296.38548215,27251.10085465,29589.49053824,30676.57591492,30867.98148720,29635.10895335
2017-04-21,31510,27419.87714336,27849.63481232,28961.79448893,26936.27585862,28227.61742929,30330.16548535
2017-04-22,28323,26004.21603588,24196.12559099,25821.89950296,26104.61844840,26864.67177719,27035.50082687
2017-04-23,28736,25599.74143375,21606.60391025,24851.13180445,25214.06698337,26494.86939210,25934.65950969
2017-04-24,28500,24689.67357894,24318.17676129,24797.27804406,27125.05695714,26003.72421295,26403.41377327
2017-04-25,32383,20644.92755759,22563.88190539,26898.96609927,28402.91734458,28577.89147143,33445.03657244
2017-04-26,28360,20139.33430492,22023.02141590,22641.37982145,24863.85255746,24481.94353402,28840.20166276
2017-04-27,26727,21150.52081026,23109.96808348,23616.45027542,25242.79286981,26014.98253883,28668.23747104
2017-04-28,30390,24588.55492841,25021.54413932,26351.76926072,26222.27696353,27872.03468241,30924.47219066
2017-04-29,28450,26004.21603588,24196.12559099,25801.71381496,25311.48176827,24964.35460116,29090.02629232
2017-04-30,27461,28026.58904656,24030.68162996,27114.24931320,25816.94003159,22618.64791927,26237.16020616
2017-05-01,18493,25903.09738535,25530.21562115,24687.41698622,23542.73961234,23558.05597523,29190.73132850
2017-05-02,32945,26004.21603588,27917.05353642,27857.02311940,29857.54272621,29430.63738777,32126.36759852
2017-05-03,27191,24184.08032627,26063.15094876,24233.18803166,22559.69941743,21955.42972835,26286.39075767
2017-05-04,31200,25903.09738535,27857.12028458,27132.46313690,25577.92230924,24210.17464993,28846.76687887
2017-05-05,31355,26105.33468642,26536.59271414,27617.34825467,27472.81332939,25634.00918776,29449.72445965
2017-05-06,29020,26610.92793909,24802.14502092,24676.94182185,23868.68138897,21614.25020763,26790.18142057
2017-05-07,28491,26408.69063802,22414.62981682,22759.32229887,23320.11536355,23748.00062410,26802.57863635
2017-05-08,30426,24790.79222948,24419.17999961,25323.04368800,23967.36585175,23682.58631883,26422.53911667
2017-05-09,33211,24689.67357894,26604.01143825,28571.51706149,27808.47162030,29311.82508681,32289.88451031
2017-05-10,36305,25498.62278321,27376.19304694,29534.02911461,29626.31829885,31314.53673235,37500.22616602
2017-05-11,33911,28329.94499816,30281.19800429,31494.89219802,34258.91725727,31181.11466404,36284.39431825
2017-05-12,32618,30048.96205724,30475.71900867,29006.36182899,29177.71765150,29047.80732984,33116.34887710
2017-05-13,29539,29138.89420243,27327.22597896,27808.98167060,26009.09304511,24713.78507565,30870.67252512
2017-05-14,30145,30048.96205724,26050.74639639,27637.64663026,28624.99044017,27859.29461679,30837.65168477
2017-05-15,25882,29037.77555190,28661.31600911,27118.58428994,29217.90449303,29736.85093261,26940.61835052
2017-05-16,35964,34498.18268072,36401.32555542,35646.72742801,37216.21228709,36566.11971743,38987.20395345
2017-05-17,18926,31464.62316471,33335.38410790,29468.24258165,28390.67351463,28781.53836973,30756.49227096
2017-05-18,23268,28127.70769709,30079.19152765,28444.97779780,29660.82041002,27516.51319782,28358.75419793
2017-05-19,28730,26610.92793909,27041.60890575,25482.35410554,24191.03222500,24450.66518661,26730.32914749
2017-05-20,26825,27217.63984229,25408.16445085,25146.83918102,26899.11299188,25667.20113225,30691.71812119
2017-05-21,33728,28936.65690136,24939.71077485,24922.44912345,27009.39395037,28128.44479673,30396.51094040
2017-05-22,40021,32172.45371845,31792.41639707,32617.97617020,34848.88783555,34409.58184548,37879.92266563
2017-05-23,39259,31970.21641738,33876.24459739,33281.74372339,33769.85447526,35754.92599070,37236.80360422
2017-05-24,41644,33992.58942805,35860.46506593,35284.97893487,37508.96606611,38758.17898791,41369.75862037
2017-05-25,43528,33385.87752485,35331.35992036,34448.51906295,35775.82454067,36747.47652971,42236.69493133
2017-05-26,43701,33891.47077752,34313.84206488,34249.90405614,35431.46456187,34287.12629060,40299.86820963
2017-05-27,35354,34194.82672912,32377.38789503,31751.70724770,32321.20600936,30463.75982434,36214.80587056
2017-05-28,27909,32374.69101951,28373.82087778,27033.45868666,30558.11151490,32033.51107131,34098.04409892
2017-05-29,26476,32779.16562165,32398.43582700,29192.03574469,31192.73382191,28293.38719163,28812.05290989
2017-05-30,37517,32678.04697111,34583.26726563,32945.15131827,31307.75793296,31058.83752822,36489.25387266
2017-05-31,39019,32071.33506791,33941.40353783,32986.17882935,33436.64827269,35121.88530843,38271.75694536
2017-06-01,42514,33284.75887432,35230.35668204,34407.20993110,35964.82322358,35664.02859446,40777.12964410
2017-06-02,34459,32981.40292272,33404.81291999,31354.91086900,34085.23693218,31525.54816614,29579.56148998
2017-06-03,38635,32374.69101951,30559.32960524,30281.45810618,29504.39459889,30134.46822611,37722.72766241
2017-06-04,30840,30352.31800884,26353.75611135,27701.01696181,27563.08165640,28375.74550169,33260.23666039
2017-06-05,30846,30048.96205724,29671.34839232,28964.85945675,28978.76603597,27764.49908088,31766.75350708
2017-06-06,17387,28127.70769709,30038.12154117,28502.47232032,28459.99271550,19399.50695085,18955.03062888
2017-06-07,34819,29846.72475617,31719.33229475,33349.07627275,33140.94197657,31350.80711115,35058.92686454
2017-06-08,32751,30959.02991204,32907.28220065,31620.20229010,29768.90770452,30458.50563293,35082.90473982
2017-06-09,33705,31565.74181524,31990.76758349,31361.96797513,31507.42508226,30633.50041934,36406.05047953
2017-06-10,36788,33082.52157325,31266.35227349,31055.07854125,32332.85397084,30980.58390397,36751.72123891
2017-06-11,32997,33992.58942805,29989.87269092,29975.38754075,29907.84423637,28323.53921646,34584.70849480
2017-06-12,36114,30959.02991204,30580.37753721,31254.28200378,30118.94202507,29800.48802584,33356.98058311
2017-06-13,41337,31869.09776684,33775.24135906,33704.70541561,35783.41576649,38106.89294304,41180.00536902
2017-06-14,44762,33992.58942805,35860.46506593,36556.67727909,36406.43671008,37756.89147581,45244.28885103
2017-06-15,42249,33992.58942805,35937.37935029,36795.68540645,36676.44885195,34479.12516372,40901.32357633
2017-06-16,40288,32880.28427218,33303.80968167,34159.78374564,36004.67420598,36506.89905289,39006.42467577
2017-06-17,41719,37531.74219674,35710.49475963,34931.62051925,36487.07142533,38958.60416525,42538.66189490
2017-06-18,38577,38846.28465368,34838.02813035,34017.16604617,36302.65712784,36708.79464716,40222.77756795
2017-06-19,41624,38441.81005154,38054.61717300,37540.86784165,39010.50663839,39168.99619409,45521.50056935
2017-06-20,43185,36520.55569140,38421.39032185,37139.03776923,40078.15251096,38923.18745586,43955.43985427
2017-06-21,43885,36722.79299247,38587.55250061,36985.71044707,40597.85809359,39590.47179296,44447.93576276
2017-06-22,39708,36116.08108926,38058.44735504,36653.89277524,33869.84955491,32977.04459714,41278.98351666
2017-06-23,40025,33891.47077752,34313.84206488,34471.94662418,35065.54722976,34148.64932346,37911.42855006
2017-06-24,30271,35104.89458393,33286.41703992,32527.20319447,31722.26368489,33517.47449160,34370.91339663
2017-06-25,31012,33385.87752485,29383.85326099,28920.10522947,29438.58726570,30363.45873796,31248.70573327
2017-06-26,42096,31869.09776684,31489.40668211,33806.11849486,34420.01353247,34878.04946266,40585.88550793
2017-06-27,24206,31060.14856257,32967.21545249,31234.54943240,30590.23868178,31404.48010036,33549.13237667
2017-06-28,33008,29745.60610563,31618.32905643,27958.55981997,25065.17807419,22319.34022147,24556.59095510
2017-06-29,38137,29947.84340670,31897.24981744,30763.02583547,30080.76253792,33080.59522125,36126.60404842
2017-06-30,40350,31970.21641738,32394.78053678,31083.11936647,30936.55894734,34136.59103169,38933.82984788
2017-07-01,36183,32678.04697111,30862.33932021,30122.78586970,29883.13455397,31574.49022347,35136.98580464
2017-07-02,42875,33588.11482592,29585.85973764,30799.24972550,29202.80448049,30449.12384213,37397.45168915
2017-07-03,39970,33486.99617539,33105.45849525,32852.20956427,34113.71092481,35096.65468276,36354.69346116
2017-07-04,43784,34194.82672912,36098.31584046,35805.39966449,36607.96260345,38596.28103076,41083.43394542
2017-07-05,46035,35408.25053553,37274.51040243,37094.63374906,38413.64690617,40873.75249769,45886.98099290
2017-07-06,44386,36419.43704087,38361.45707000,37766.91888298,38680.22103408,37900.20448015,41402.17194730
2017-07-07,43547,37632.86084727,38050.96188278,38281.36724723,37868.77714957,39077.76450537,43525.69144529
2017-07-08,40196,35509.36918606,33690.42999320,34004.50944212,33355.09666809,34601.08098358,39206.49338487
2017-07-09,38912,36318.31839033,32312.94717231,31652.18234155,31781.56790927,31656.32143095,35779.48679252
2017-07-10,41086,35104.89458393,34721.51030839,34219.65475408,34718.57232599,35713.00515555,40128.20438971
2017-07-11,25955,31262.38586364,33169.22192914,30893.26824804,31296.87393146,30817.09172391,32533.12314674
2017-07-12,38377,31565.74181524,33436.38734622,32638.33335405,32158.34080818,27223.43064268,29328.07679866
2017-07-13,42082,31767.97911631,33715.30810722,34897.78579346,34714.38665456,35752.55803335,41112.82035769
2017-07-14,38932,32576.92832058,33000.79996671,33934.92791006,31564.80554989,32753.58281942,37039.95972887
2017-07-15,30690,32779.16562165,30963.34255853,29659.45280146,29542.94990222,29583.01576052,29910.00867119
2017-07-16,31595,35812.72513766,31807.93098071,28801.31155381,29077.62797590,30181.64175729,29658.81891407
2017-07-17,41811,34599.30133126,34216.49411678,35042.57918298,36600.47618888,38979.28743852,43185.47137290
2017-07-18,41804,35307.13188499,37209.35146199,37329.64157909,37565.31686500,36942.57914832,43136.71505488
2017-07-19,39340,35812.72513766,37678.52335572,34978.88753209,34880.96325419,32136.00916955,37134.63572610
2017-07-20,37164,33284.75887432,35230.35668204,34346.65286709,32210.26048880,32551.98440239,37248.94105273
2017-07-21,37967,32981.40292272,33404.81291999,34564.43526156,33374.13344309,34351.37045247,39332.53678513
2017-07-22,16392,31060.14856257,29246.28750706,27241.41407962,27539.15483924,27888.37815228,29764.51566746
2017-07-23,26432,30251.19935830,26252.75287303,23784.05573328,24890.67735106,24421.39992936,28884.49176325
2017-07-24,32515,30048.96205724,29671.34839232,25937.00625622,23280.15503630,23789.20539031,27106.85207381
2017-07-25,41029,32071.33506791,33977.24783571,32576.18239911,33954.03949230,35558.69463629,37505.47463146
2017-07-26,33566,32779.16562165,34648.42620607,32225.68697616,34137.73560026,33562.31853830,32635.77864804
2017-07-27,32588,31970.21641738,33917.31458386,33426.10608090,33141.77970011,31871.82508876,36103.34780139
2017-07-28,32857,32374.69101951,32798.79349006,31712.62671798,32869.02923047,31065.82869538,31240.83901071
2017-07-29,23334,32779.16562165,30963.34255853,28973.13940934,28313.81435456,27007.85075238,29942.07759610
2017-07-30,31893,32779.16562165,28777.83383106,27582.22328615,26603.18546828,24932.30882252,28809.85848898
2017-07-31,38541,32678.04697111,32297.43258868,32481.36513342,32751.96094381,30989.41138791,36069.11461417
2017-08-01,39837,32576.92832058,34482.26402731,34700.36841873,35497.55809454,34172.45003802,38419.71497600
2017-08-02,27123,32172.45371845,34042.40677615,31755.78961699,30737.87682758,30112.97413699,29512.08739727
2017-08-03,34430,33992.58942805,35937.37935029,34696.37385408,32809.56596869,29878.31427539,34699.12698427
2017-08-04,34893,33385.87752485,33808.82587328,33720.38738881,31399.63353650,31688.76228486,35441.45428517
2017-08-05,27715,31363.50451418,29549.29722203,29949.10953964,29473.10599725,30817.58268366,34668.92898092
2017-08-06,31536,31161.26721311,27161.78201792,27930.56157664,30086.22882500,29663.05776869,31962.55664387
2017-08-07,32303,31666.86046578,31287.40020546,29282.64887038,30990.08791849,32909.14510844,33264.14040013
2017-08-08,33854,30655.67396044,32563.20249921,29313.15804867,29038.07263365,28755.43355519,32320.67810867
2017-08-09,11525,29644.48745510,31517.32581811,27675.02243207,26024.83120573,21273.86978875,21055.54255607
2017-08-10,35707,30655.67396044,32604.27248569,31718.31746257,32737.06686120,32943.82949788,33796.91441739
2017-08-11,34462,31464.62316471,31889.76434517,31280.28746727,33369.80040465,32394.70905911,36907.93244848
2017-08-12,31034,33992.58942805,32175.38141838,32052.61705606,29429.36050110,32547.23973199,35875.27714256
2017-08-13,34928,32172.45371845,28171.81440114,30241.10756752,29645.33255273,31899.97319738,37150.33608772
2017-08-14,35979,33284.75887432,32903.45201861,33617.39019670,34596.95394002,34823.06408456,37145.38717555
2017-08-15,38181,33992.58942805,35896.30936381,36550.39460892,36385.75554890,36311.75821957,39777.38381743
2017-08-16,37037,32273.57236898,34143.41001447,35107.55158142,36430.62105509,36611.66292066,38896.31529372
2017-08-17,31947,34700.41998179,36644.40201854,35207.58034511,37272.43636292,36144.93282079,36738.80715065
2017-08-18,28252,31869.09776684,32293.77729846,31506.08105870,31328.68276435,29734.52576390,34113.29902089
2017-08-19,29156,31262.38586364,29448.29398371,30230.77141584,29298.82218897,27470.92239934,31408.60731572
2017-08-20,25270,30655.67396044,26656.76582632,26795.47426920,28262.77448061,28810.22205278,30605.01549159
2017-08-21,27725,31767.97911631,31388.40344379,28294.48791405,27873.31414323,29171.69253867,30457.28792302
2017-08-22,33327,33891.47077752,35795.30612549,33158.26126848,32172.33401186,32612.08927691,35599.57914025
2017-08-23,34439,34700.41998179,36567.48773418,34524.48708168,34332.78576734,33746.23993784,35825.43770780
2017-08-24,34548,31869.09776684,33816.31134554,33122.38300500,33660.94827001,34535.49244579,36267.00657286
2017-08-25,35108,32475.80967005,32899.79672839,32359.50648994,35018.76995034,36618.35662077,38446.91120979
2017-08-26,31442,33790.35212699,31973.37494174,31303.87108823,33177.71506663,34717.57253441,36174.15351831
2017-08-27,33657,34599.30133126,30595.89212085,30526.02765193,32129.09327181,33967.17572708,36340.81590217
2017-08-28,34862,35408.25053553,35024.52002335,33657.26875752,37116.90469488,35720.68201112,38001.22805478
2017-08-29,35427,35206.01323446,37108.34822367,35552.36327893,38582.80821075,40365.84978277,40181.73982431
2017-08-30,22542,28532.18229923,30406.29019658,27705.07849374,27389.04877036,27165.51136008,26852.33166243
2017-08-31,35953,29240.01285297,31190.22714919,30332.56209646,33233.09328631,35763.44741109,37462.12233974
2017-09-01,36194,30251.19935830,30677.72548531,30845.13494901,32835.68587832,35245.80573354,39686.53218263
2017-09-02,35246,30554.55530990,28741.27131546,28750.65190064,30650.19424979,32924.38531766,37764.65645690
2017-09-03,21934,30554.55530990,26555.76258799,25966.92330521,25915.76163964,27106.85978307,30961.52635543
2017-09-04,28710,32880.28427218,32499.43906532,28405.73166840,30406.06576272,31608.96535725,33647.20707393
2017-09-05,32336,33385.87752485,35290.28993388,32245.21652908,31040.91869081,32577.12772536,37342.12695712
2017-09-06,36559,30352.31800884,32224.34848636,32263.73789981,30708.53054295,31511.50580802,37271.26118776
2017-09-07,35614,30756.79261097,32705.27572401,32466.12567455,31945.08308420,32173.43603337,36756.41714241
2017-09-08,23199,30655.67396044,31081.73843860,28164.18946794,26031.64620060,27911.17610961,31903.10968647
2017-09-09,28349,28228.82634763,26418.19683406,24853.43141945,27886.62213725,30280.21420838,34808.36931131
2017-09-10,21298,28329.94499816,24333.69134492,21949.52645185,22872.43189453,20791.33561565,25048.96531347
2017-09-11,26886,29442.25015403,29065.32896239,28232.54815353,30842.39545509,28336.29545481,31053.22527828
2017-09-12,32569,29037.77555190,30947.15068607,30590.03798732,31869.40990311,32744.45258858,37121.51606197
2017-09-13,32583,29745.60610563,31618.32905643,32540.71099677,30547.79018855,27395.35159257,33076.41310360
2017-09-14,33252,27116.52119176,29069.15914444,28617.27143134,30450.56623464,32320.64765619,34851.32960506
2017-09-15,31628,25903.09738535,26334.58623750,24930.77623850,28010.43075710,31053.53299257,34668.32596493
2017-09-16,26166,25801.97873482,23994.11911435,21560.84382252,22928.59047147,25122.82312125,30993.29084599
2017-09-17,25300,26914.28389069,22919.64600842,20301.35714168,22799.27002065,25083.84702919,29662.46621788
2017-09-18,30718,27824.35174549,27449.27714925,25290.61929945,25413.70146300,26804.28772186,32715.11833199
2017-09-19,34917,26712.04658962,28624.07620467,26813.93163415,28474.22578641,30232.87618173,34907.87605506
2017-09-20,35149,28431.06364869,30305.28695826,28531.75394604,30978.54471473,31671.07975472,34505.60306747
2017-09-21,31174,30959.02991204,32907.28220065,31418.34541007,30840.27510639,30548.93258957,35255.91330099
2017-09-22,36125,28431.06364869,28859.66719553,28446.34415932,30739.58643722,32403.62238478,36778.76512730
2017-09-23,30654,29745.60610563,27933.24540889,26886.06655753,28323.78190709,31144.38850992,32361.47445104
2017-09-24,32726,31464.62316471,27464.79173289,26399.26255592,27036.42793969,25259.32736679,31012.79871687
2017-09-25,30066,31767.97911631,31388.40344379,28778.94442614,27600.79060171,27331.40330217,31215.97859854
2017-09-26,37394,31161.26721311,33068.21869081,30387.68829210,30842.40875141,31188.53837113,36443.77386621
2017-09-27,34694,31262.38586364,33133.37763125,30334.35165411,31483.12796436,29532.90926893,34448.95619569
2017-09-28,35526,32273.57236898,34220.32429883,31592.02174012,31091.70549364,31931.61522179,35172.71333216
2017-09-29,28782,31363.50451418,31788.76110685,28130.38238287,28492.09175762,28566.61657620,31478.14188710
2017-09-30,29003,28936.65690136,27125.21950231,25707.79460654,26170.45443358,27561.68392612,31612.95107924
2017-10-01,22814,31363.50451418,27363.78849457,23713.62829560,22115.55964691,23344.58543629,26729.83496417
2017-10-02,33891,30554.55530990,30176.36458393,30927.55997233,28157.01480818,26834.97582703,31893.70744669
2017-10-03,37187,27520.99579389,29432.10211124,30555.78596159,29057.03305852,29544.74202068,34602.85356775
2017-10-04,36798,27622.11444442,29497.26105168,30361.14950757,29342.17364648,28916.48274456,32292.28175176
2017-10-05,34779,29341.13150350,31291.23038751,32493.36846868,30195.86369396,29462.88299522,34618.42663440
2017-10-06,35344,26408.69063802,26839.60242910,28044.06097029,28251.51304130,30820.66295812,35220.16847491
2017-10-07,25505,28734.41960030,26923.21302567,25665.54771884,26671.88585489,26596.15372060,27189.35403600
2017-10-08,28830,28026.58904656,24030.68162996,21886.15612029,21572.14318755,25698.52210675,29166.95405049
2017-10-09,34182,28431.06364869,28055.29657918,25841.25941063,27088.24443094,28814.74139332,30147.93545273
2017-10-10,35961,29442.25015403,31351.16363935,29039.49103444,28189.83410768,29472.66754443,33271.42928928
2017-10-11,32760,30857.91126151,32729.36467797,31238.95659087,27836.21787883,28398.21019439,33415.55325744
2017-10-12,36372,28127.70769709,30079.19152765,29090.91981391,30501.55639406,30099.11937544,32660.66231991
2017-10-13,34229,31060.14856257,31485.75139189,28571.65425140,29686.50578196,28836.30855503,30954.58376241
2017-10-14,32123,32475.80967005,30660.33284356,28445.49825371,27603.39136083,28708.09932873,31769.25801089
2017-10-15,32696,30756.79261097,26757.76906464,23849.30157654,25864.61619190,23485.54237935,27454.25892139
2017-10-16,34787,32374.69101951,31994.42287371,30359.05462550,34018.60008524,29124.94639114,30338.78900090
2017-10-17,35199,28228.82634763,30139.12477949,31248.66364465,28377.06864275,25827.25805696,31710.76787590
2017-10-18,27348,28633.30094976,30507.29343490,27746.38762560,26089.86290117,27636.73756607,31505.30121008
2017-10-19,31069,31060.14856257,33008.28543897,29118.11473351,27680.09605576,26735.49454149,31875.74693114
2017-10-20,31306,28329.94499816,28758.66395721,27052.59393123,24768.56545202,23161.40323966,27355.44134947
2017-10-21,22475,29138.89420243,27327.22597896,26577.65470239,23781.35250788,20402.81580746,25851.76425313
2017-10-22,21013,26509.80928855,22515.63305514,23587.87326286,21120.01212076,20799.25002002,24845.72622116
2017-10-23,30604,28026.58904656,27651.28362589,24666.73848303,25638.68919126,28451.33342253,30211.24489320
2017-10-24,33732,31869.09776684,33775.24135906,30676.85221509,29819.83925871,30309.24846008,33111.49107313
2017-10-25,36064,30756.79261097,32628.36143965,32126.18910718,31250.77810081,32187.91416161,35163.18522515
2017-10-26,28423,26914.28389069,28867.15266780,25325.12877507,26324.60822535,28978.34080995,31603.13701128
2017-10-27,34654,25903.09738535,26334.58623750,25495.97550260,26135.73380076,29308.49108898,32998.12597409
2017-10-28,26633,25903.09738535,24095.12235267,22631.62304256,26020.01899939,25300.91864064,26484.50059339
2017-10-29,22228,26813.16524015,22818.64277010,23207.15845834,23045.76815333,23105.73603041,25057.97415879
2017-10-30,31364,21858.35136400,21490.08608829,21561.49648775,24547.96733489,27245.44274535,29095.83608153
2017-10-31,33312,25094.14818108,27008.02439153,26475.95653252,26990.78341034,26583.29846707,29307.63745831
2017-11-01,34747,26004.21603588,27881.20923854,26833.83570138,28695.02865920,29887.22255502,31901.58669882
2017-11-02,34290,24285.19897681,26241.06847144,23605.14933072,24367.29620317,26286.05381607,30963.68946630
2017-11-03,34716,26307.57198748,26738.59919078,24692.29900586,26031.15349081,27222.78775703,30137.17962092
2017-11-04,17801,26509.80928855,24701.14178260,22112.42168956,21840.81659989,21672.98013996,24782.26225024
2017-11-05,21588,21757.23271346,17768.48085403,17750.50628098,18377.32926518,20263.23276797,23596.73361937
2017-11-06,30663,20644.92755759,20278.04722843,19975.75975329,23814.92170301,25412.62350629,27501.83297075
2017-11-07,27314,24588.55492841,26503.00819992,25724.39729715,24117.86056443,26488.93021121,30100.32981634
2017-11-08,29455,22060.58866506,23942.08294401,22719.75424659,22019.59147145,22913.29362991,26382.04850167
2017-11-09,31374,22970.65651987,24928.02637326,23229.61612062,27019.49969231,28324.16874215,28686.78858788
2017-11-10,28480,24386.31762734,24819.53766268,25582.83760489,24083.67269768,23973.32205348,27522.14874832
2017-11-11,16679,22869.53786934,21065.02520303,18848.95239845,17150.73244020,17842.07516559,22885.21318875
2017-11-12,16460,21656.11406293,17667.47761571,17971.61109317,15135.10623083,15628.74303129,21675.41682944
2017-11-13,29301,19835.97835332,19470.02132186,20311.41440256,20950.82844194,23259.34909874,26346.76693177
2017-11-14,29355,23779.60572414,25694.98229335,24202.96865010,24900.69624036,26503.94287234,28623.47350639
2017-11-15,30564,25801.97873482,27679.20276190,24328.93487725,22276.22553064,24069.69103063,29662.50980807
2017-11-16,31112,25397.50413268,27352.10409297,25553.29069339,26266.33827277,26825.26857714,29407.95562009
2017-11-17,29876,19633.74105225,20072.38546157,20209.74144709,23130.09667088,25351.67191727,27258.47197814
2017-11-18,12976,21656.11406293,19852.98634317,19180.85602433,18269.90047025,21752.27016008,25131.35840775
2017-11-19,18874,20038.21565439,16051.42580257,16806.02278339,17054.40449473,21384.67848037,24424.67401482
2017-11-20,25998,25296.38548215,24924.19619122,22643.03596278,22385.05431574,21741.20020940,24740.49652260
2017-11-21,31316,28026.58904656,29937.11830285,28037.26374039,24992.45398113,25095.77640826,29596.66798008
2017-11-22,31315,29442.25015403,31315.31934147,31710.28452108,28086.78848487,24362.21032063,28616.67032315
2017-11-23,30147,26509.80928855,28463.13971451,29721.85773645,30605.75469713,26429.69312658,26998.03623467
2017-11-24,28930,20240.45295546,20678.40489150,20740.19587027,20486.88745084,24661.44722202,28368.07997225
2017-11-25,17691,17813.60534264,16014.86328696,16521.08186163,18358.91261341,19643.49187465,22448.07716485
2017-11-26,15229,19633.74105225,15647.41284929,16539.85781595,16697.57719917,18719.28687774,21742.90244968
2017-11-27,24324,23375.13112200,23005.13466311,22261.87621759,21293.81809880,21267.88528834,24218.68160248
2017-11-28,28202,19431.50375119,21351.84304553,21518.32002015,20597.81303904,24604.16855936,28952.19824689
2017-11-29,27319,18925.91049852,20810.98255605,20450.07244689,19237.72176003,20756.43023386,25639.65559314
2017-11-30,25986,16802.41883731,18766.82883566,20063.81706133,18138.34930535,19201.62627045,24511.61249023
2017-12-01,24321,18723.67319745,19163.35631668,18344.21834813,18350.94230352,18000.12706534,19228.38938463
2017-12-02,16887,19431.50375119,17630.91510010,16717.75714724,15715.87607680,17404.53767454,19260.84934519
2017-12-03,12773,22869.53786934,18879.51647557,15923.92398699,14898.71320422,16456.18004988,18145.55646235
2017-12-04,27613,21554.99541240,21187.07637333,19519.92873185,19508.62448527,21565.77091597,22396.75884756
2017-12-05,29611,22970.65651987,24886.95638678,24720.29449140,20806.49157517,24713.96193203,26514.53130200
2017-12-06,29058,24184.08032627,26063.15094876,26736.21334410,24106.56859922,25455.14545755,25602.42029665
2017-12-07,24810,23981.84302521,25938.05875648,25398.86229549,25482.26477854,22845.20400874,21109.43259340
2017-12-08,24431,17813.60534264,18254.32717179,19890.07652176,17761.91097719,18959.47774295,20058.34634549
2017-12-09,15509,16094.58828357,14297.80823550,15253.62735599,15848.74441901,17892.07249137,17992.46452031
2017-12-10,5143,16397.94423517,12415.30922300,10898.22836382,9933.84718905,7868.42880568,10601.51512018
2017-12-11,13055,17004.65613837,16641.93064886,15440.59211796,13831.20928979,9929.04491962,13342.28851950
2017-12-12,22780,15285.63907930,17210.71027436,17321.62030164,19340.05886055,17485.10920298,18892.50492250
2017-12-13,20074,20442.69025652,22326.03113087,20605.43860064,21030.37870243,17626.71479183,18139.61994331
2017-12-14,24064,18925.91049852,20887.89684041,21173.53708634,20714.82471642,20109.23783011,20552.25394622
2017-12-15,21107,18723.67319745,19163.35631668,18202.91853210,17273.28439029,17639.84884409,18834.92473327
2017-12-16,12229,17510.24939104,15711.85357200,15831.95520196,15777.69502631,18713.39282562,19407.02589818
2017-12-17,7519,18420.31724585,14435.37398943,12289.61026503,18415.00006247,15603.45469393,12604.16679168
2017-12-18,23414,19128.14779958,18762.99865361,18084.42443124,20137.81349121,21050.17853961,20405.06993398
2017-12-19,22935,18824.79184798,20745.82361561,18949.11110862,20029.55595732,20348.96034427,21063.59233937
2017-12-20,21801,24082.96167574,25962.14771044,22476.09541951,21164.81395139,22073.33235571,24082.20225776
2017-12-21,20945,25700.86008428,27655.11380794,24122.92011268,22409.40632977,22821.14796823,24385.39216446
2017-12-22,17124,24790.79222948,25223.55061596,22054.09322767,20348.25643693,21604.60983980,23390.43117156
2017-12-23,9725,24386.31762734,22580.07377785,19912.67451236,17145.89449673,17348.80120466,19552.53780894
2017-12-24,7498,24588.55492841,20596.57152703,18584.19096487,15937.79986955,18228.09052743,19125.30908717
2017-12-25,27305,25296.38548215,24924.19619122,23450.46348292,20092.35502925,18902.88045645,20242.73205749
2017-12-26,7149,20847.16485866,22765.88838203,21814.04823408,20080.57190448,18167.03285445,20258.99486016
2017-12-27,5426,18521.43589638,20406.96960276,19638.89390336,22218.57655835,18312.50687523,17013.56911538
2017-12-28,11236,16903.53748784,18867.83207398,19297.69867304,19325.91667166,22173.78107988,22644.98151269
2017-12-29,8346,19532.62240172,19971.38222325,19825.27561917,21973.10792758,17831.41737949,16020.71144979
2017-12-30,10908,25801.97873482,23994.11911435,23518.85555886,23336.93722248,16806.87488616,15776.93697089
2017-12-31,9292,25801.97873482,21808.61038689,20008.44219530,19839.73655151,14965.88525470,13530.00778321
2018-01-01,10235,22970.65651987,22601.12170983,23630.75197844,20510.74624877,19176.31338015,19036.69647389
2018-01-02,14394,23779.60572414,25694.98229335,25050.76754624,27912.93977100,23447.17721780,19639.73493914
2018-01-03,20265,25195.26683161,27073.18333197,29894.55823113,27788.10304387,20291.49484650,18518.74669406
2018-01-04,17543,24386.31762734,26342.07170976,26492.64047107,28058.19892462,18487.40344354,15297.81203478
2018-01-05,21759,22465.06326720,22900.47613457,23263.85181137,22584.23556252,21461.49083654,20401.45790367
2018-01-06,13920,20139.33430492,18337.93776835,18500.66198248,17154.35835311,17102.44417890,17853.94555554
2018-01-07,12259,19633.74105225,15647.41284929,18457.49817628,17034.72072551,16053.72719975,15129.23795531
2018-01-08,23374,20543.80890706,20177.04399011,20519.83557354,17565.47812733,17276.61108246,18675.65254153
2018-01-09,24683,21554.99541240,23472.91105028,22284.88334910,21352.50651550,21720.62652128,22284.91514482
2018-01-10,26787,23577.36842307,25457.13151883,24005.51892853,22671.33677177,23292.06116795,24458.88264159
2018-01-11,25222,22970.65651987,24928.02637326,23269.98749663,20588.17796878,21425.24333159,23349.61245371
2018-01-12,24696,22970.65651987,23405.49232618,22400.55600646,18905.22933907,19251.32173340,21317.05017124
2018-01-13,17512,22060.58866506,20256.99929646,21102.24740805,18835.02172203,18566.27522990,19119.36491421
2018-01-14,15070,21352.75811133,17364.46790075,19684.58130592,16389.40891624,16587.00069797,16872.54387105
2018-01-15,19161,24184.08032627,23813.16056968,23117.17716053,23246.94694471,19281.34831203,17625.40318736
2018-01-16,26921,21656.11406293,23573.91428860,25737.57375355,23398.22200917,22358.08938773,22316.24356585
2018-01-17,26934,20948.28350919,22831.04732247,26221.74864486,24615.14086339,21197.88616622,20455.79821809
2018-01-18,26471,23880.72437467,25837.05551815,28264.29223614,29059.03280448,20759.57651542,17801.40912771
2018-01-19,25799,19835.97835332,20274.39193821,21887.02906308,21338.51828867,21506.09208724,20772.22793213
2018-01-20,9398,19633.74105225,17832.92157675,17123.34641900,14586.48832177,15064.15005006,17296.35108509
2018-01-21,5859,19532.62240172,15546.40961096,13834.03786763,21046.16846186,17467.76980466,12453.52994872
2018-01-22,26337,25195.26683161,24823.19295290,25104.75214336,22059.14597734,22723.08532018,23041.54283819
2018-01-23,26003,26813.16524015,28725.07944299,27824.15379018,27228.92973251,26225.64151585,24804.78991880
2018-01-24,20206,26105.33468642,27982.21247686,26673.28795321,26810.31693810,19617.66952620,16848.59889128
2018-01-25,28189,23779.60572414,25736.05227983,26426.45687197,25881.62268659,25476.05230682,24679.87162037
2018-01-26,26430,21858.35136400,22294.45670464,22329.68362812,21201.62602831,23313.87894542,23247.18466348
2018-01-27,14472,23779.60572414,21974.05434792,21239.30338550,21887.16466018,19506.55650214,18417.61841321
2018-01-28,17512,27318.75849282,23323.65896171,22222.74852541,20668.22239146,21006.91835338,20223.96355558
2018-01-29,26371,26307.57198748,25934.22857443,26911.59369000,25065.44872672,24772.43396508,23213.85525062
2018-01-30,28002,21251.63946079,23169.90133532,23271.16879373,24513.88959750,25220.14391338,24328.18650581
2018-01-31,24117,22869.53786934,24750.10885058,25573.43830187,25756.51142834,24377.07862064,22410.84166917
2018-02-01,25525,21251.63946079,23210.97132180,25676.32820763,23982.96408023,23651.25773202,23154.04288073
2018-02-02,25331,21656.11406293,22092.45022800,24810.64774086,22123.11022664,23169.34827804,22507.32755390
2018-02-03,8975,20139.33430492,18337.93776835,18419.91923047,16183.50527688,18276.01408903,19522.69202151
2018-02-04,13833,19734.85970279,15748.41608761,17953.79373205,15865.79778129,17820.74534313,17575.35305670
2018-02-05,23898,19027.02914905,18661.99541529,21131.52556392,18765.80065616,20217.70883117,20502.99270799
2018-02-06,25349,18218.07994478,20139.80418568,24090.83501442,21373.64576531,21742.34368394,22594.66100390
2018-02-07,25388,18622.55454691,20507.97284108,24161.42577199,23421.45852225,24475.57220605,23363.16935465
2018-02-08,25791,19229.26645012,21190.90655537,23538.07585029,25478.57168523,25246.07726918,23059.38265702
2018-02-09,21037,21049.40215973,21486.43079807,23129.60910147,20285.23776549,19452.66788881,19880.01042542
2018-02-10,9956,20240.45295546,18438.94100668,18017.14322625,22364.96379996,20190.04962838,16850.02055315
2018-02-11,14621,21453.87676186,17465.47113907,20311.27538988,22274.44831147,20053.31923294,16804.93304758
2018-02-12,24719,19027.02914905,18661.99541529,21575.61070000,22616.53785524,23566.51433847,21935.03954659
2018-02-13,20931,20341.57160599,22260.87219043,22636.97266298,20798.15207328,18343.75019893,19621.72259586
2018-02-14,18866,19937.09700385,21821.01493926,21630.21990958,22333.48472314,18209.49481817,18254.42220762
2018-02-15,25264,23678.48707361,25635.04904151,26930.16131621,25095.13676636,22681.76609254,23131.08277116
2018-02-16,25411,20948.28350919,21385.42755975,23592.94216971,25383.36750129,26166.04440422,24250.46933353
2018-02-17,23169,21959.47001453,20155.99605814,21807.80873233,23709.20307670,24945.31668903,23178.90418204
2018-02-18,18624,22667.30056827,18677.50999893,18889.34461181,20428.76133500,21436.06748874,20374.75519917
2018-02-19,19879,24790.79222948,24419.17999961,22012.59085543,22175.62524495,21877.45437668,21615.55308316
2018-02-20,25055,24487.43627788,26402.00496160,26490.51568543,23159.80292668,22141.54489500,23960.55683394
2018-02-21,26434,20948.28350919,22831.04732247,24405.03672455,22077.03285670,21549.35162813,23969.31348115
2018-02-22,26179,19734.85970279,21695.92274698,25319.10517384,23261.67453969,21631.82203185,22822.29371903
2018-02-23,23067,18420.31724585,18860.34660171,22479.47112130,19459.18180625,17479.20150905,18584.56829333
2018-02-24,16522,18622.55454691,16822.88919353,21393.33471726,20814.17346333,17878.62250135,17801.54931096
2018-02-25,14037,17712.48669211,13728.35132118,19368.22246333,17326.44086599,16357.39108208,16865.12829377
2018-02-26,19204,16094.58828357,15732.90150397,20640.05982023,17490.09318274,17006.74932064,18449.72823358
2018-02-27,18741,14476.68987503,16402.68436779,20624.57108743,18190.50413582,19485.45369808,21099.96854390
2018-02-28,10619,12555.43551489,14447.77854180,17766.85438798,16912.92264589,14192.82754767,16176.05934100
2018-03-01,8744,13869.97797183,15837.73492434,19209.00893358,18863.84518306,14022.80152864,13851.03953971
2018-03-02,8234,15285.63907930,15729.24621375,17121.37905707,14959.99288478,10842.03692795,12758.02722288
2018-03-03,7924,18116.96129425,16317.87300193,15131.08265693,13621.59487827,10910.03874187,13912.04144795
2018-03-04,10853,21959.47001453,17970.48733068,16702.72601649,17272.52128737,17825.62471042,17635.77094506
2018-03-05,24818,23375.13112200,23005.13466311,22847.26116970,23613.73094052,23444.65295816,23425.13034840
2018-03-06,26301,23476.24977254,25391.97257839,26360.02399893,24296.20202399,25932.31677662,26356.97709661
2018-03-07,22044,22768.41921880,24649.10561226,25693.61467404,26495.28851804,24477.24571855,23060.39806729
2018-03-08,25967,23071.77517040,25029.02961158,27368.61991719,25325.57664929,21963.79612357,22409.91586402
2018-03-09,18912,22869.53786934,23304.48908785,22339.06118660,23622.51754468,23758.55685882,22049.06252284
2018-03-10,18717,27318.75849282,25509.16768917,23916.44996866,23565.94886891,22666.95746056,21401.48204892
2018-03-11,16259,24993.02953055,21000.58448032,19032.02712434,17919.28281143,18313.46445505,18879.93021463
2018-03-12,19996,24993.02953055,24621.18647625,23084.30783131,21323.63818797,21926.96577478,22818.63244536
2018-03-13,28069,23779.60572414,25694.98229335,26564.69414651,26603.23708511,28398.09082532,27439.05989555
2018-03-14,28769,24790.79222948,26669.17037869,28659.48023952,29439.16213611,27310.21995108,26714.29885724
2018-03-15,25318,25903.09738535,27857.12028458,27475.61983296,27435.16002340,25815.76040186,24022.41662470
2018-03-16,28308,26206.45333695,26637.59595246,27678.84307453,27283.96047927,26861.91181433,26324.09221278
2018-03-17,8106,17510.24939104,15711.85357200,16760.49685013,22544.64712452,17832.71922568,12845.71779567
2018-03-18,6624,16195.70693410,12213.30274636,14469.21962875,11245.97326659,8431.96213973,10695.48501508
2018-03-19,20488,17611.36804158,17247.95007879,22632.32358231,19671.54115116,16803.73257668,17483.57270742
2018-03-20,24582,20948.28350919,22866.89162035,26699.92248678,25626.17729599,24124.08741651,24226.72873194
2018-03-21,27719,21656.11406293,23538.06999072,27136.66889596,29209.78733427,27596.15788849,26493.37852544
2018-03-22,27228,23678.48707361,25635.04904151,28000.00278039,28375.85564277,28235.01427051,27052.67833741
2018-03-23,26894,25195.26683161,25627.56356925,27992.43652410,27953.49042047,25499.78872077,25154.38838013
2018-03-24,18804,24184.08032627,22378.06730121,21929.36780101,19450.23525565,20118.50374855,20967.22217323
2018-03-25,19723,25195.26683161,21202.59095696,22425.09822063,21183.97325520,21535.76403001,21096.74210435
2018-03-26,29486,24993.02953055,24621.18647625,29301.49973639,27421.18705205,28061.20625861,30048.98858857
2018-03-27,22603,25195.26683161,27109.02762985,27990.82088863,31042.72630736,27413.00103173,23139.25493381
2018-03-28,15800,22060.58866506,23942.08294401,23890.52415079,23963.24827394,22573.72442085,21621.79362293
2018-03-29,20237,21656.11406293,23614.98427508,23560.58199065,25861.29891845,24786.44722317,23780.14787328
2018-03-30,6362,22060.58866506,22496.46318128,21221.34629962,20148.61138296,18824.33429854,19245.64613807
2018-03-31,11032,21959.47001453,20155.99605814,20414.99626009,20843.99752230,22432.02117382,21192.77536206
2018-04-01,13504,21858.35136400,17869.48409236,19689.27008516,17097.94475061,18439.26490788,19009.35375296
2018-04-02,7998,24285.19897681,23914.16380800,22028.08776419,22207.99525989,19261.46678984,18547.04355455
2018-04-03,22708,27318.75849282,29230.09563460,28313.29908150,26871.95117801,25269.54577589,25741.24747326
2018-04-04,23173,26206.45333695,28083.21571519,28046.85249329,25942.79007510,23473.74260841,25165.62894072
2018-04-05,30508,24386.31762734,26342.07170976,30852.74907983,30753.44571000,29419.88748341,30434.51994972
2018-04-06,30690,26914.28389069,27344.61862071,30289.36111792,32740.26597806,30179.03466008,27694.59045289
2018-04-07,25909,28835.53825083,27024.21626399,27846.53977906,28622.25690795,26938.97014858,24944.96455274
2018-04-08,9759,26509.80928855,22515.63305514,20015.00648624,17173.10152029,18555.27315475,20188.58317562
2018-04-09,16324,24993.02953055,24621.18647625,21731.86673507,19376.76321341,18242.91698763,19589.96859637
2018-04-10,26751,26610.92793909,28523.07296635,26389.09443023,27175.12225935,24442.79930178,23421.82815081
2018-04-11,24883,25599.74143375,27477.19628526,25376.71514174,24931.55942359,23656.34524059,23812.81093984
2018-04-12,26473,24689.67357894,26645.08142473,24537.44200227,23855.88123097,23413.48189175,24190.91673442
2018-04-13,27363,24993.02953055,25425.55709260,24619.55111582,24019.09735206,24267.24518896,24544.60950009
2018-04-14,34235,28835.53825083,27024.21626399,27846.53977906,31424.79312755,29908.62105023,29268.91230269
2018-04-15,21324,28026.58904656,24030.68162996,23379.89703255,23680.54283808,22391.40090647,22126.90512303
2018-04-16,30730,27622.11444442,27247.27067261,29103.83882041,27472.14890449,25763.18399680,26564.41522715
2018-04-17,33025,30655.67396044,32563.20249921,35631.27839377,35630.82589835,32219.15276646,32166.97920564
2018-04-18,40544,33891.47077752,35759.46182761,37847.62355547,40570.39063530,39252.20640153,37302.71352389
2018-04-19,43585,36217.19973980,38159.45059336,41519.58133994,43050.10331412,41004.72841660,39251.56948019
2018-04-20,45048,35812.72513766,36232.90359299,38385.60176998,39435.45960117,39694.85148938,37905.49541589
2018-04-21,42328,33082.52157325,31266.35227349,32124.92000544,35649.02862679,34706.78345479,31779.51243727
2018-04-22,38395,33790.35212699,29787.86621428,30134.99753308,32088.21364459,29263.36240075,27566.60501703
2018-04-23,35940,28431.06364869,28055.29657918,29797.65425932,29105.00907218,29095.68494479,28268.29395779
2018-04-24,33430,29341.13150350,31250.16040103,31440.65015101,31528.02121997,30377.57628589,28665.45083235
2018-04-25,33426,27723.23309496,29598.26429001,31472.30010361,29720.94990774,28257.24978780,29068.71686736
2018-04-26,34995,26712.04658962,28665.14619115,31156.91709639,32017.93981340,30526.08165785,29057.00615336
2018-04-27,21387,25700.86008428,26132.57976085,24807.78659879,23770.10881449,22970.38507880,22140.74111765
2018-04-28,17368,25094.14818108,23287.09644610,21635.02228360,19587.75912231,20185.86815444,20607.91448864
2018-04-29,15822,23476.24977254,19485.53590550,19219.81766665,16168.37215994,16644.95224994,17692.32407575
2018-04-30,17112,22970.65651987,22601.12170983,24236.32261854,23095.77043139,19237.00045491,17840.61909749
2018-05-01,34598,24891.91088001,26806.01791489,30228.61898948,32343.89913276,30737.05142888,30687.57498175
2018-05-02,23727,26206.45333695,28083.21571519,28652.42313340,30712.73285073,28161.44995441,24306.73932350
2018-05-03,35477,27015.40254122,28968.15590612,31159.73036394,34638.80720860,34620.09582674,32430.99658947
2018-05-04,36447,30959.02991204,31384.74815356,34000.66656850,34407.60321573,35503.55841070,35498.26401924
2018-05-05,39070,31565.74181524,29751.30369867,33523.85182796,35211.48511948,34574.07196562,33420.67700729
2018-05-06,40606,33486.99617539,29484.85649931,33422.45141011,34820.91798780,32036.62741463,30639.99294494
2018-05-07,45435,35408.25053553,35024.52002335,38441.27681436,41214.76442243,38611.10306462,36208.29595637
2018-05-08,41579,34700.41998179,36603.33203206,38252.55669216,41506.86817139,38550.00712036,36268.84661741
2018-05-09,41130,31363.50451418,33234.38086958,35442.26847484,35994.87324334,34419.07065809,34788.02180785
2018-05-10,38054,29644.48745510,31594.24010247,34837.72154463,32776.45191396,31760.40677510,33015.53291756
2018-05-11,38386,29442.25015403,29869.69957874,32997.50151860,30906.94387798,29236.80498897,30859.14173282
2018-05-12,16717,28633.30094976,26822.20978735,25987.58097104,24277.51933964,26019.44461286,25498.95466658
2018-05-13,29190,28936.65690136,24939.71077485,26295.07590769,26667.03450306,27251.41040378,25793.56504373
2018-05-14,38095,31161.26721311,30782.38401386,35495.15199622,32451.50816803,30633.25355550,33448.20578728
2018-05-15,42106,32779.16562165,34684.27050396,38456.78189908,38929.18872893,38833.08770105,37946.13559657
2018-05-16,34627,29037.77555190,30911.30638818,32998.41752991,29646.65006617,28936.37556501,28836.85047701
2018-05-17,37549,27925.47039603,29877.18505101,32823.39658286,34427.14275848,33406.03153509,34055.95496007
2018-05-18,37305,28329.94499816,28758.66395721,32179.75868413,33294.78370778,33954.70585013,34449.91547688
2018-05-19,36895,30352.31800884,28539.26483881,30626.04537327,33429.30868760,32850.09307331,32537.53651329
2018-05-20,39964,30554.55530990,26555.76258799,27581.77834549,29437.55043783,29441.19397734,29760.04981969
2018-05-21,38800,32273.57236898,31893.41963539,33103.37043813,35144.60901334,34543.51263526,32064.85884501
2018-05-22,41242,32981.40292272,34886.27698060,36863.98805850,37460.16843941,35774.37303136,35017.41420392
2018-05-23,38229,30048.96205724,31921.33877140,32402.22444829,34399.06065344,32745.35096901,32786.13490666
2018-05-24,31970,31161.26721311,33109.28867729,31945.04880985,34911.95183798,33239.14198340,30413.26879002
2018-05-25,35108,32273.57236898,32697.79025174,31550.20345810,30482.22074862,31337.24036987,31842.59316940
2018-05-26,33573,36318.31839033,34498.45589977,33911.08304889,36135.15898923,31735.51125067,34402.42601554
2018-05-27,33192,36925.03029353,32918.96660224,32000.96557270,35285.01334687,31443.63135041,26664.64773249
2018-05-28,36742,35812.72513766,35428.53297664,33580.27702890,36655.76990347,36648.25595395,38579.48625538
2018-05-29,24312,31565.74181524,33472.23164410,30431.81069150,28005.08209169,22513.64885392,18752.01944751
2018-05-30,34884,32172.45371845,34042.40677615,31553.93273695,33606.05492443,34369.75301316,31971.09109797
2018-05-31,37677,34599.30133126,36543.39878022,33854.20149303,34897.23411024,34526.86354812,33583.14569787
2018-06-01,37293,34801.53863232,35222.87120978,33289.43083461,33686.92530753,33688.11236665,34444.40118166
2018-06-02,38293,34801.53863232,32983.40732495,32443.64717491,33981.90043252,35026.19023963,33185.72409875
2018-06-03,39871,36217.19973980,32211.94393399,33044.05705794,35453.68143875,36219.41059079,37288.28204721
2018-06-04,35255,32475.80967005,32095.42611203,30158.13550131,28890.72175011,29559.65013732,29802.59302947
2018-06-05,37048,30655.67396044,32563.20249921,32421.75400121,32059.77881178,32330.64130475,32042.33979210
2018-06-06,41592,31767.97911631,33638.39382286,35062.49142617,39457.23806330,38499.00970061,38025.55455509
2018-06-07,37841,33082.52157325,35028.35020540,35354.06175556,35357.87227586,36229.71580538,37086.37248756
2018-06-08,39576,33992.58942805,34414.84530321,35441.79740420,35476.85276406,36379.00237014,37780.70279390
2018-06-09,36466,33082.52157325,31266.35227349,31378.04954931,32779.33737828,33495.79514257,34574.20895052
2018-06-10,38562,33790.35212699,29787.86621428,29327.57001294,30555.87613557,30889.92528621,32881.40436318
2018-06-11,41027,33992.58942805,33610.47468686,35178.25246391,37407.07907307,36727.92763525,36638.32810637
2018-06-12,38487,31060.14856257,32967.21545249,33293.48960876,31952.80929053,33328.05112263,32609.25408000
2018-06-13,40569,32071.33506791,33941.40353783,35953.47496587,36350.96628267,35546.58593352,37272.38626957
2018-06-14,37871,33689.23347645,35634.36963533,36570.82957087,36765.01555134,34753.27155352,33265.49891304
2018-06-15,39862,33992.58942805,34414.84530321,37419.99482854,35764.10863493,34998.36662341,37751.07446052
2018-06-16,31329,32779.16562165,30963.34255853,33111.20545006,29964.36999812,29794.03622613,32128.90923802
2018-06-17,26769,31666.86046578,27666.79820953,27995.80741989,27041.07692131,27308.48553317,27568.47942564
2018-06-18,39768,35206.01323446,34822.51354671,34684.86333401,36952.78148416,35112.22425216,35352.92670189
2018-06-19,41862,36621.67434193,38522.39356017,38230.00267727,37654.24671982,38954.10183271,38007.55929300
2018-06-20,41134,35408.25053553,37274.51040243,36226.64916491,38114.20147498,38205.77767608,37328.10652863
2018-06-21,41533,32475.80967005,34422.33077547,39627.80107722,35579.78705675,34855.50018826,39716.83062577
2018-06-22,41765,32779.16562165,33202.80644335,37449.11313437,35892.13869982,36930.01581125,39645.38361754
2018-06-23,38772,34093.70807859,32276.38465670,36474.22048468,33790.51299314,32494.99375336,35952.43197503
2018-06-24,38982,36014.96243873,32009.93745735,36493.93419485,33559.41902765,34030.89904694,36277.83213441
2018-06-25,44565,37936.21679887,37549.60098139,41048.48877502,41442.48936150,40482.94460298,41430.90671220
2018-06-26,46084,37127.26759460,39027.40975178,41363.47309706,42091.84447907,41438.00917457,42233.23882383
2018-06-27,44788,34902.65728286,36769.49421082,38058.85799399,40861.95839435,40208.03748696,39779.21862754
2018-06-28,43075,35408.25053553,37351.42468679,38282.36921259,43284.51911429,41317.31875953,38376.69740617
2018-06-29,43081,36217.19973980,36636.91654628,38348.98141737,41724.92186412,39408.92461901,39141.59066867
2018-06-30,38522,36318.31839033,34498.45589977,37322.46432149,37403.41477471,34702.10585316,36632.75998544
2018-07-01,37334,39250.75925581,35242.04108363,38724.18237438,38019.42897908,36497.56675536,37589.24700042
2018-07-02,42556,39149.64060528,38761.63984125,44228.89486175,38420.34289150,35092.54878100,40430.08165418
2018-07-03,44655,36520.55569140,38421.39032185,42811.21609822,40299.82026548,37002.58060448,38391.91518672
2018-07-04,43511,35913.84378820,37779.52659404,39239.00545668,39516.97261235,40454.40765535,41338.52775227
2018-07-05,44052,38644.04735261,40583.52831308,41340.23060026,41557.93293442,40817.91386806,40658.09914130
2018-07-06,43143,39655.23385795,40071.02664920,41650.94657278,41104.93069074,40630.39251752,42348.94788967
2018-07-07,36308,40666.42036329,38841.59514759,40753.98340756,38901.91090324,37413.09241731,39562.56712807
2018-07-08,38196,40261.94576115,36252.07346685,39096.90231693,38896.23092447,36812.29408685,36444.05407506
2018-07-09,41893,39149.64060528,38761.63984125,40817.51358916,39846.35030999,38868.83873113,38874.08217787
2018-07-10,43535,34295.94537966,36199.31907878,38309.36273278,35534.33806391,36931.93753512,36523.40695360
2018-07-11,44003,34295.94537966,36163.47478090,37084.31843473,36570.15363631,38389.71471246,36752.75238697
2018-07-12,41826,35307.13188499,37250.42144847,38039.20320069,38658.07220047,39481.13700034,38001.02970846
2018-07-13,38879,36419.43704087,36838.92302292,37301.20115288,39808.44231069,39464.41236550,38698.84731630
2018-07-14,37733,37531.74219674,35710.49475963,37091.48913563,37800.04604419,37047.88373917,36663.17042014
2018-07-15,37299,39452.99655688,35444.04756028,38705.87219808,36407.37287313,35759.91359968,38464.09049357
2018-07-16,41828,39655.23385795,39266.65603285,43082.99942479,40724.85263831,38678.71054727,40263.63743974
2018-07-17,43392,35812.72513766,37714.36765360,40422.74062287,37155.08558726,37308.12534611,39007.13728321
2018-07-18,43183,36621.67434193,38486.54926229,41001.72460392,40375.05288582,41645.70175354,39177.23763113
2018-07-19,42857,37430.62354620,39371.48945322,42338.26193026,39625.84578068,40098.92833935,41569.57786003
2018-07-20,40297,37026.14894407,37444.94245285,39991.52419244,35093.50964285,36610.75075099,37042.56901996
2018-07-21,38763,38441.81005154,36619.52390452,37967.91352241,37854.90628980,37328.04769993,37237.66703217
2018-07-22,37683,39149.64060528,35141.03784531,37249.68939428,34424.89152777,34496.43678225,35971.17105405
2018-07-23,42509,41273.13226649,40882.70784599,43299.86039840,42714.85895162,41280.52550391,40853.62060342
2018-07-24,44195,40059.70846008,41956.50366310,43167.00856097,43323.27061748,41599.53043023,42006.79810245
2018-07-25,44870,40868.65766435,42728.68527178,44916.76244623,44346.56726106,44903.63734422,44929.25223656
2018-07-26,43343,42891.03067503,44825.66432257,46264.55284275,46484.89265350,43926.91714581,43162.18880092
2018-07-27,34606,40565.30171275,40980.05579410,42002.54307148,44689.76713505,41697.04845233,36860.23728610
2018-07-28,41145,35711.60648713,33892.43646985,35823.09687414,31866.86608004,27873.67235335,32471.87726688
2018-07-29,18974,34194.82672912,30191.87916756,28160.55113213,26390.31295739,22984.78284139,21842.47269817
2018-07-30,38274,36318.31839033,35933.54916825,35320.93497645,33063.42839797,32591.96642196,33516.78951141
2018-07-31,42260,35913.84378820,37815.37089192,38788.63765043,38095.43835321,36844.60465785,35961.82963074
2018-08-01,43691,35913.84378820,37779.52659404,39662.90490475,40619.16426685,41007.66326477,41131.23697856
2018-08-02,43292,38239.57275047,40179.51535979,41497.96508090,45068.47205642,46489.58803019,43445.19121343
2018-08-03,40908,41879.84416969,42293.09789227,43326.80361774,43220.17554296,43245.91151784,42963.39037619
2018-08-04,39318,40160.82711062,38336.57895599,40002.42417219,38230.68170161,39744.80299773,40260.65016224
2018-08-05,40220,38542.92870208,34535.01841538,35447.53662687,36196.54051112,36551.39607304,39352.58655550
2018-08-06,41963,40261.94576115,39872.67546278,42099.52724771,42774.13849381,42227.78690545,41442.90138330
2018-08-07,40954,39958.58980955,41855.50042477,43448.67043717,43677.01214843,42276.98251844,41913.04790813
2018-08-08,42676,35812.72513766,37678.52335572,40429.02329304,38004.21337533,37264.96830466,37745.86836888
2018-08-09,20574,31666.86046578,33614.30486890,31505.65245302,30818.16145645,30721.35320819,26754.02681782
2018-08-10,29253,30959.02991204,31384.74815356,30347.05703986,31180.28289536,29337.82750518,25614.25454817
2018-08-11,33214,31869.09776684,30054.31341363,30498.81189497,31902.32610944,32972.99742337,33918.75059853
2018-08-12,23113,34801.53863232,30797.89859749,30285.67490759,28906.95922826,29024.96214162,28324.56619209
2018-08-13,36510,35408.25053553,35024.52002335,33798.56857355,35621.53611707,35659.70911884,32626.59082141
2018-08-14,40735,35610.48783660,37512.36117695,38402.29631082,39537.40467944,40089.22194730,37037.98761568
2018-08-15,40930,35711.60648713,37577.52011739,37662.64628071,38736.25366745,38427.31222209,35724.57430604
2018-08-16,28400,33385.87752485,35331.35992036,33318.12053475,30625.04023484,28059.71649957,24545.32886712
2018-08-17,36869,32981.40292272,33404.81291999,34201.09287750,35798.90047179,35502.30804504,34402.51681409
2018-08-18,31691,34700.41998179,32882.40408663,32765.68042712,31604.30896854,32439.74289447,31236.14393962
2018-08-19,32209,36925.03029353,32918.96660224,32041.33694871,35091.25106343,34357.94809454,29124.69456607
2018-08-20,37839,37632.86084727,37246.59126643,36625.00983470,35469.05292243,37290.26240139,36006.29836532
2018-08-21,40293,37835.09814834,39734.43242002,39593.69684369,38947.26363282,41372.79536702,39899.71530164
2018-08-22,38401,34902.65728286,36769.49421082,34950.26204145,35177.63343781,36802.20264183,37801.30043436
2018-08-23,34492,35307.13188499,37250.42144847,36848.24760849,33805.36600695,33995.81045383,34011.14593166
2018-08-24,27839,30655.67396044,31081.73843860,32483.92670069,31633.59920166,30018.45588668,29861.12079459
2018-08-25,25490,29037.77555190,27226.22274064,28009.90079479,30343.98053290,31935.45982327,28878.97837254
2018-08-26,8177,30048.96205724,26050.74639639,23782.18022159,24424.03636986,21146.51438911,17629.92201806
2018-08-27,25059,32779.16562165,32398.43582700,32300.63169723,29016.15618713,30507.93626000,31953.07692168
2018-08-28,34791,33385.87752485,35290.28993388,36585.13944984,34545.78554202,37778.06208218,36622.10718832
2018-08-29,27070,32273.57236898,34143.41001447,33492.69654114,32750.23408744,33907.27010559,31590.07597492
2018-08-30,37001,32071.33506791,34018.31782219,36798.05373333,34341.69018447,36790.70440810,37666.14158065
2018-08-31,35209,32779.16562165,33202.80644335,33714.76085372,33753.83582932,35428.92203280,35488.03616662
2018-09-01,35326,33992.58942805,32175.38141838,33909.70035238,35335.68318874,35323.93778621,36754.44579114
2018-09-02,35048,33689.23347645,29686.86297596,31587.42931348,32131.68750293,32852.18241254,34982.65203429
2018-09-03,36068,33891.47077752,33509.47144853,34067.10186787,35600.91928660,36653.91857344,38053.75832735
2018-09-04,36581,32779.16562165,34684.27050396,34762.80099443,33621.11981163,34308.70684660,36593.92926566
2018-09-05,36059,33284.75887432,35153.44239768,35379.34308395,34168.28054973,35258.04232933,36911.61891816
2018-09-06,34778,32475.80967005,34422.33077547,34843.79302039,36874.26509113,36629.17028145,38130.86051014
2018-09-07,35451,30048.96205724,30475.71900867,33184.79924572,32627.28133260,32548.69893499,35378.44992519
2018-09-08,28318,30756.79261097,28943.27779210,29317.72667644,30757.20841024,32323.81183656,32166.48152782
2018-09-09,30598,34295.94537966,30292.88240589,30603.95713640,31236.61402064,31379.27810095,31123.57782068
2018-09-10,36965,33284.75887432,32903.45201861,33354.97625266,32600.38211580,32297.22570032,35097.13981907
2018-09-11,37221,35003.77593339,36906.34174703,35288.07382319,33669.71130422,33625.98424926,36144.24266816
2018-09-12,33403,30150.08070777,32022.34200972,30909.42129187,30056.36950261,32397.98469364,34300.83948502
2018-09-13,38708,29745.60610563,31695.24334079,32860.46187614,35455.09403270,35538.11252864,36524.99643979
2018-09-14,35332,30150.08070777,30576.72224699,31288.28232924,31341.55254577,32571.35692375,34101.57097596
2018-09-15,33465,31666.86046578,29852.30693699,29972.10849519,31566.09388600,31986.73847205,33953.24588302
2018-09-16,32055,33891.47077752,29888.86945260,30055.19253691,31614.69372858,30473.58871643,30491.56984565
2018-09-17,39190,36621.67434193,36236.55888321,37362.50273235,36906.80312793,33146.36590900,35450.51097794
2018-09-18,38360,35509.36918606,37411.35793863,37795.78791487,34921.29647274,31900.43300893,35102.45974780
2018-09-19,37027,35408.25053553,37274.51040243,36872.59118102,34795.92927330,30927.97398480,33530.53815456
2018-09-20,35317,35104.89458393,37048.41497183,36281.17283269,33168.42083027,29597.01677900,34071.48245519
2018-09-21,32942,30453.43665937,30879.73196196,32482.05118899,32963.76891544,27906.72048692,28325.81715118
2018-09-22,12376,27520.99579389,25711.17416581,24342.22492843,22031.82399735,22370.31075138,25673.86810774
2018-09-23,13192,27015.40254122,23020.64924675,22764.94883396,22023.86942619,18733.55843449,18952.98456771
2018-09-24,34563,26206.45333695,25833.22533611,27657.52639029,30188.11220380,32024.72840914,32879.52974555
2018-09-25,36730,26712.04658962,28624.07620467,30164.75584274,34391.71614196,35639.09178576,34883.25988168
2018-09-26,39281,29644.48745510,31517.32581811,33125.15819302,39755.47795297,40136.43177197,36690.52824159
2018-09-27,39835,31363.50451418,33311.29515394,34611.43513801,38816.84299959,38541.33283881,37024.40658979
2018-09-28,35817,30150.08070777,30576.72224699,33246.29406558,30218.05410991,31277.02208735,34471.11101037
2018-09-29,32941,27723.23309496,25913.18064246,27735.29602471,31183.32743972,33096.64731944,32151.99463241
2018-09-30,25254,27015.40254122,23020.64924675,24117.38993020,25187.29892568,27127.01767387,28632.92339134
2018-10-01,34411,27318.75849282,26944.26095764,30231.42408107,29279.98652688,30308.94605305,32325.85468134
2018-10-02,37515,31565.74181524,33472.23164410,34267.09141217,36521.59100742,36876.73065810,35094.68905691
2018-10-03,38434,31161.26721311,33032.37439293,32876.81058670,32445.26904114,35898.15407190,36374.01591087
2018-10-04,36930,29240.01285297,31190.22714919,28697.52136817,30028.35499427,30720.54770470,32318.33443556
2018-10-05,39569,31262.38586364,31687.75786853,30127.82773937,35083.20085993,35283.10291604,33104.44697497
2018-10-06,10043,26813.16524015,25004.15149757,22559.32009318,21544.93073785,19000.66276974,21123.89566187
2018-10-07,25713,25801.97873482,21808.61038689,23197.78089986,24783.88482268,25962.38451310,26792.40772502
2018-10-08,35156,27622.11444442,27247.27067261,27933.06891621,29510.22138999,31246.02499628,30839.79087713
2018-10-09,39132,30352.31800884,32260.19278424,32156.52678962,36659.71414982,36686.53720763,35057.21598015
2018-10-10,39398,31970.21641738,33840.40029950,32218.18492937,37170.93987770,36155.86229982,34785.68840728
2018-10-11,35875,33486.99617539,35432.36315869,34328.34269078,34878.44928150,34572.68488699,35503.17548401
2018-10-12,35747,34295.94537966,34717.85501817,35242.75379171,32401.59710480,28849.33607325,31589.16911201
2018-10-13,36393,37430.62354620,35609.49152131,36484.98073967,32689.46260081,32067.70616004,34126.55026750
2018-10-14,10292,30048.96205724,26050.74639639,23560.13765355,28085.05948126,26162.58341647,22316.35687484
2018-10-15,28044,28936.65690136,28560.31277079,24836.66378970,23124.57114160,19554.58693210,20397.26040765
2018-10-16,37920,32374.69101951,34280.25755067,32195.46759459,34734.15255903,33629.65537341,33936.24647071
2018-10-17,30482,29543.36880457,31416.32257979,28723.74045240,26639.92754740,29127.36391958,32599.03147429
2018-10-18,35206,28835.53825083,30786.21419590,30752.71052114,29629.19701373,31305.33357902,34114.46715216
2018-10-19,34707,26610.92793909,27041.60890575,27521.10859389,30874.88320379,33303.16362073,32326.17300585
2018-10-20,32588,27520.99579389,25711.17416581,24544.08180846,29349.38452603,30274.50025415,29375.87362439
2018-10-21,32484,29543.36880457,25545.73020478,24241.76226642,26721.16188919,26753.34669705,27245.99147259
2018-10-22,34430,26610.92793909,26237.23828939,28832.04731788,27178.23797008,28387.79982543,31004.87270069
2018-10-23,34889,26813.16524015,28725.07944299,29499.56589447,31932.25477443,32024.14804493,31555.43877201
2018-10-24,35656,29341.13150350,31214.31610315,30639.50530104,32484.92970151,33512.68129209,33779.65769767
2018-10-25,34640,26004.21603588,27958.12352290,27658.22878084,29786.65855848,30986.26820843,32011.24139375
2018-10-26,27636,25397.50413268,25829.57004589,27328.18433168,25181.59631454,26257.61808639,28317.40352053
2018-10-27,18756,21251.63946079,19448.97338989,21720.50168938,20100.33388014,22807.44551175,26162.97734755
2018-10-28,13675,22465.06326720,18475.50352228,19089.32598015,19754.65535837,20236.21964420,21609.82764940
2018-10-29,29409,21757.23271346,21389.08284997,23175.41377218,23271.59166894,25502.65138049,27866.16744414
2018-10-30,30269,23172.89382094,25088.96286343,25933.31128331,23957.84104094,24807.53844166,28067.10753375
2018-10-31,32891,23476.24977254,25356.12828051,26225.00685307,29812.66177923,29332.99782290,29273.25942173
2018-11-01,23475,25599.74143375,27554.11056962,24889.03850097,23759.40967495,23281.68375799,26674.30093836
2018-11-02,31083,21453.87676186,21890.44375136,22225.00416471,26311.12039305,28313.03993465,28214.82811723
2018-11-03,25142,25296.38548215,23489.10292274,25088.65044389,26924.20863980,25713.42986519,25367.67245801
2018-11-04,21829,26408.69063802,22414.62981682,22840.06505088,21805.62855911,23358.12994896,25375.99502846
2018-11-05,31421,27318.75849282,26944.26095764,24660.17419209,26120.40562948,26806.99029290,28557.15122771
2018-11-06,33038,28936.65690136,30846.14744774,28772.38831116,28727.60139756,27684.74198584,29755.17314231
2018-11-07,27656,28329.94499816,30204.28371993,28914.34426226,27545.34007065,25206.82818407,27727.09907253
2018-11-08,32933,25903.09738535,27857.12028458,28525.27560915,29764.14405020,28762.73114500,29402.39255777
2018-11-09,27403,26408.69063802,26839.60242910,25621.77840987,24996.10310605,22707.02305507,25672.02053130
2018-11-10,14732,26914.28389069,25105.15473589,22661.18628904,24035.76338298,17611.30525760,16392.33184066
2018-11-11,18455,26509.80928855,22515.63305514,21569.30446251,21485.53799046,18073.80242878,18138.95267565
2018-11-12,26077,26914.28389069,26540.24800436,24696.79454471,25963.63112871,23621.89121777,23836.82573883
2018-11-13,32062,26610.92793909,28523.07296635,28387.47754258,27848.72618405,27876.01367127,30295.13878544
2018-11-14,33339,27419.87714336,29295.25457504,28461.81932354,28538.53497173,29450.42908804,31533.38281803
2018-11-15,33043,28633.30094976,30584.20771926,27702.79612091,26952.95892837,27491.41522199,31327.60444322
2018-11-16,28581,26206.45333695,26637.59595246,23439.84859379,21438.21170651,22142.40299707,27476.18129829
2018-11-17,20518,24891.91088001,23085.08996946,22662.61686008,22048.89323346,21017.96404067,24403.10256227
2018-11-18,9585,24184.08032627,20192.55857375,21588.10745400,20667.52729449,19567.63938924,21944.82921109
2018-11-19,18246,23172.89382094,22803.12818647,24339.12657026,21361.44693224,22364.12422574,25901.41216114
2018-11-20,15237,20341.57160599,22260.87219043,21869.91651885,19549.75246621,17273.18324946,22110.42222406
2018-11-21,25022,19835.97835332,21720.01170094,21851.32472177,22580.42141710,21015.71429981,24072.69638824
2018-11-22,26112,19937.09700385,21897.92922362,21647.18546890,20765.81487585,21746.62155579,25677.56177443
2018-11-23,25881,23071.77517040,23506.49556450,21997.78000224,20170.14460863,20501.57047498,25122.53349829
2018-11-24,15813,24588.55492841,22782.08025449,22235.90414446,19208.41731846,18804.48123037,23389.99396927
2018-11-25,14529,23375.13112200,19384.53266718,19905.19330292,16900.17454738,16582.81889848,20811.73282003
2018-11-26,27509,22970.65651987,22601.12170983,22984.80996233,19951.75082411,21562.21034156,25772.46422183
2018-11-27,22128,22363.94461667,24280.93695685,22272.19970788,23976.45967530,21098.22679980,23705.65832071
2018-11-28,22846,28127.70769709,30002.27724329,27216.87095827,25142.30865480,21684.43297008,25360.51096412
2018-11-29,25714,28228.82634763,30180.19476597,29435.01426582,27234.27977795,23333.02983744,26190.91809196
2018-11-30,28615,25195.26683161,25627.56356925,25913.31065974,24493.54199630,24439.25867332,27265.90485689
2018-12-01,14046,26408.69063802,24600.13854428,22918.91145385,22627.63049186,21656.86616547,19626.47606552
2018-12-02,15990,29644.48745510,25646.73344310,23273.78699810,20555.71294728,21942.27247453,21796.74691606
2018-12-03,25801,27217.63984229,26843.25771932,26173.16303651,24912.30668170,23442.90603639,21830.68459112
2018-12-04,28982,21959.47001453,23876.92400357,23600.70409272,23122.18460061,26844.12047266,26415.19508987
2018-12-05,23816,26105.33468642,27982.21247686,25280.47548096,25549.77380666,25159.26035459,24332.59145112
2018-12-06,16600,28127.70769709,30079.19152765,27940.33559771,24874.83174704,26207.66596127,26595.69237423
2018-12-07,18608,26610.92793909,27041.60890575,26350.33868969,26128.69018170,22181.73467026,19018.75242135
2018-12-08,16515,25700.86008428,23893.11587603,24668.50201921,22456.37332077,18789.40211120,18131.60209922
2018-12-09,15441,25296.38548215,21303.59419528,22183.80772044,19438.59564415,17341.95948016,16732.84981674
2018-12-10,27880,23577.36842307,23207.14113975,23151.92200145,20878.95159860,23642.93284433,23645.22124767
2018-12-11,28904,21656.11406293,23573.91428860,22669.34917702,25117.97752939,26693.24152714,24622.39594472
2018-12-12,27494,22363.94461667,24245.09265897,25932.09190669,23363.96858179,23561.87504360,23693.61930409
2018-12-13,25997,19229.26645012,21190.90655537,23215.10484224,21947.81149880,21490.48469282,21329.12247828
2018-12-14,24076,19027.02914905,19466.36603164,22888.81141647,19227.62023406,19666.33360547,20235.59336375
2018-12-15,8076,19128.14779958,17327.90538514,18713.32699204,20235.68177496,15007.24803759,13098.01391014
2018-12-16,12123,22768.41921880,18778.51323725,17235.05595137,16558.79235329,17426.56644366,17705.02110529
2018-12-17,24973,23274.01247147,22904.13142479,21635.18213364,21665.01887193,22572.76679405,21550.64085671
2018-12-18,20180,25801.97873482,27715.04705978,27411.06247162,24306.83496973,22164.85364225,22593.67563160
2018-12-19,22425,23880.72437467,25760.14123379,24835.94540422,23122.79310319,25278.81460846,24865.41108904
2018-12-20,23694,24386.31762734,26342.07170976,26270.59790303,24194.19651191,25602.97337734,25439.79708065
2018-12-21,19169,27318.75849282,27748.63157399,26962.47362073,24548.78424879,18597.08537855,17984.47415638
2018-12-22,13310,25801.97873482,23994.11911435,23639.96968688,21365.62830348,19513.74542029,19650.15780039
2018-12-23,6748,25296.38548215,21303.59419528,18873.35488786,20501.62208778,19403.52539730,16909.84084851
2018-12-24,10043,21959.47001453,21591.08932661,20795.37809946,19990.54482079,21594.07994454,21879.49957339
2018-12-25,35267,21554.99541240,23472.91105028,22042.65509306,22634.41125209,26115.79997466,25145.20483070
2018-12-26,10841,23880.72437467,25760.14123379,24109.26063610,22456.84700874,24408.58205556,25172.42785349
2018-12-27,12310,21251.63946079,23210.97132180,21114.36271884,22325.53459416,24565.86627334,24498.88467695
2018-12-28,13794,23779.60572414,24213.51823275,23154.92850938,22107.73364852,23890.31697512,23575.51346745
2018-12-29,13100,25903.09738535,24095.12235267,22449.95185052,22104.07742143,22062.41794828,20889.53105882
2018-12-30,12922,25094.14818108,21101.58771864,18387.02286408,16378.00619094,17418.47715785,18691.33094979
2018-12-31,16305,24689.67357894,24318.17676129,23767.80795588,21430.20142474,25756.55420235,25105.88401389
2019-01-01,14148,24689.67357894,26604.01143825,27986.13210939,26369.23623629,29834.73228589,27717.63257358
2019-01-02,19746,21656.11406293,23538.06999072,26571.46963186,22466.04663149,25575.57109824,25859.82246620
2019-01-03,21552,20948.28350919,22907.96160683,26501.12814823,21713.48128147,26737.42634712,26901.26705082
2019-01-04,20863,19431.50375119,19870.37898493,22953.11950387,20109.10886400,20993.68397530,21531.62081213
2019-01-05,13907,20948.28350919,19145.96367493,21253.41759775,17981.64558782,19599.79170232,19818.20328447
2019-01-06,14262,23577.36842307,19586.53914382,20129.11138266,19098.13017910,21301.43354906,19928.41735682
2019-01-07,25668,25498.62278321,25126.20266786,24683.66596283,22450.85948047,23279.21822165,22987.69890664
2019-01-08,27757,23779.60572414,25694.98229335,28785.11982689,26224.30016900,26308.10253461,25251.26788433
2019-01-09,26568,20644.92755759,22528.03760751,24725.19446506,22546.58691908,24262.61389895,23992.73198063
2019-01-10,26022,19937.09700385,21897.92922362,22293.12748501,20531.81945316,21831.45135609,22580.52504191
2019-01-11,26378,23779.60572414,24213.51823275,24608.29804563,21607.35936290,23261.74870284,23883.10339151
2019-01-12,16750,24891.91088001,23085.08996946,23692.08694826,21170.31225856,24398.99873671,23144.38488309
2019-01-13,16304,26610.92793909,22616.63629346,23366.76845067,19921.48641000,20915.03793289,20497.19521785
2019-01-14,28097,24285.19897681,23914.16380800,26448.75343696,22700.08022235,23018.00556266,22683.61174481
2019-01-15,29413,22869.53786934,24785.95314846,25183.62755963,24564.92439613,27396.38634034,25616.43559649
2019-01-16,24500,23678.48707361,25558.13475715,24188.12787641,22767.00515475,22534.83430336,22470.93351061
2019-01-17,26053,19835.97835332,21796.92598530,24310.75852952,20902.28999945,22788.07475515,23667.91649093
2019-01-18,25525,18824.79184798,19264.35955500,22079.50838463,23591.24925084,24430.31882381,21197.19250210
2019-01-19,16653,20038.21565439,18236.93453003,19650.30844284,17348.52585813,18331.93177669,18516.48859099
2019-01-20,16803,18723.67319745,14738.38370439,16692.90351734,16116.78809714,17239.21764153,16982.52444423
2019-01-21,26567,18319.19859531,17954.97274704,18601.75027254,20202.61701174,18750.27440355,17985.24016496
2019-01-22,23083,19431.50375119,21351.84304553,21195.34901210,20908.86469940,20638.43735337,21351.84321363
2019-01-23,25406,17611.36804158,19497.94045787,20417.69593286,17649.52096443,18371.14664676,20703.75059289
2019-01-24,24357,17510.24939104,19473.85150391,18637.19750402,20254.38496819,21802.95151432,21310.78509336
2019-01-25,24198,22667.30056827,23102.48261121,21287.52989872,25620.29340027,25086.44614911,21579.24787552
2019-01-26,15062,24285.19897681,22479.07053953,21506.40610879,20520.95074341,21115.01427125,20639.71201074
2019-01-27,10596,21959.47001453,17970.48733068,19629.65077700,18316.91970071,14173.71053675,13483.41236842
2019-01-28,25859,19027.02914905,18661.99541529,22766.56629221,21653.34260926,22407.49858780,21072.92597988
2019-01-29,24732,18521.43589638,20442.81390064,22014.52241760,23583.38573578,26011.53283646,24035.46174459
2019-01-30,25482,17409.13074051,19295.93398123,20395.63473316,20989.09021769,23517.43200830,23377.07039519
2019-01-31,23487,16499.06288570,18463.81912069,19112.27645762,20451.19274028,19075.30407520,19170.27519350
2019-02-01,12841,17813.60534264,18254.32717179,17306.30845731,15156.50210880,12769.62128053,15790.86005301
2019-02-02,14136,19027.02914905,17226.90214682,19035.36024425,17242.37836138,16662.40936749,17758.25252533
2019-02-03,14637,18319.19859531,14334.37075111,16487.29561391,17329.60494334,19625.84618273,17874.56488942
2019-02-04,18254,23172.89382094,22803.12818647,20968.11667367,19110.24936996,16013.16899656,17066.90110509
2019-02-05,25682,22869.53786934,24785.95314846,22781.53068721,21205.19863202,20276.37900132,22056.04639610
2019-02-06,26197,25195.26683161,27073.18333197,25191.29292631,23642.40717063,23517.90496980,24321.69111345
2019-02-07,26703,23981.84302521,25938.05875648,27720.21641589,25563.07648348,22771.75222301,22176.52922459
2019-02-08,17468,25397.50413268,25829.57004589,24724.23057923,22715.95905456,17824.76954157,17912.08217265
2019-02-09,17439,24386.31762734,22580.07377785,24837.98238522,22476.19895299,18042.19144700,18192.53652947
2019-02-10,10800,22060.58866506,18071.49056900,17995.54780456,15751.33768708,17181.64072891,17616.27110689
2019-02-11,27439,21858.35136400,21490.08608829,23277.27996805,23066.25543312,26634.01166355,25507.16468266
2019-02-12,28786,22970.65651987,24886.95638678,25245.12237949,27495.80410455,28661.42596096,26170.24958374
2019-02-13,29145,23981.84302521,25861.14447211,25745.23912023,27321.33647810,26917.24137431,25466.66355675
2019-02-14,29270,23071.77517040,25029.02961158,25794.13625292,32202.55281949,32160.41453191,27144.97243273
2019-02-15,28838,23577.36842307,24011.51175610,25070.69335802,31160.15497155,30354.85597436,25275.11540058
2019-02-16,20560,25094.14818108,23287.09644610,21635.02228360,21966.73166434,21825.20094747,21375.11831231
2019-02-17,24383,25599.74143375,21606.60391025,21116.77952380,23941.57219630,22394.55943403,19955.84601951
2019-02-18,23815,24487.43627788,24116.17028465,22958.50492405,22498.72466223,23826.64501644,22845.55231424
2019-02-19,28927,23274.01247147,25189.96610175,25954.43472716,28244.90104991,28023.18274410,26282.35189005
2019-02-20,28971,24993.02953055,26871.17685533,27450.21447101,27237.86968400,27075.70478834,26948.42889126
2019-02-21,30474,26307.57198748,28261.13323787,27721.59911240,30099.90246911,30232.39920242,27569.07439099
2019-02-22,29703,25498.62278321,25930.57328421,25128.88209515,30552.89747659,31008.06717094,26793.40224412
2019-02-23,29242,26307.57198748,24499.13530596,24129.11497821,29326.66612044,28747.54406766,24274.28471764
2019-02-24,26092,25195.26683161,21202.59095696,22566.39803666,26685.60486227,27350.77712480,23471.37167665
2019-02-25,31480,26206.45333695,25833.22533611,29211.82436656,35383.13180868,34234.32116475,27751.79307191
2019-02-26,34996,26712.04658962,28624.07620467,31295.15437093,38325.94592286,37520.37248125,30266.69599002
2019-02-27,35420,26509.80928855,28386.22543015,29402.10685707,35833.86432468,34720.19366012,29263.48689311
2019-02-28,27219,25700.86008428,27655.11380794,26343.34579307,26047.65448119,25049.15176624,25112.29228325
2019-03-01,28255,25700.86008428,26132.57976085,25978.55650299,23053.05251556,23716.80989020,23997.42723004
2019-03-02,22795,26813.16524015,25004.15149757,24497.14614152,24736.98714741,22255.30344214,20809.75863817
2019-03-03,9641,27116.52119176,23121.65248507,21857.53062965,19137.18871065,14558.69623353,14803.18108419
2019-03-04,26532,22970.65651987,22601.12170983,23812.42317047,23756.83936931,21969.01944791,20358.43379019
2019-03-05,29701,23779.60572414,25694.98229335,26948.22221857,27333.80422729,29056.76376030,27920.77169719
2019-03-06,25449,26914.28389069,28790.23838343,28194.71660026,25904.33887225,24310.93079430,24475.58672287
2019-03-07,24884,24386.31762734,26342.07170976,27925.82431932,28033.47331461,24511.27195922,23120.26517812
2019-03-08,23635,23476.24977254,23910.50851778,24201.77101802,23437.28775437,23850.81722423,23804.09761662
2019-03-09,19951,25700.86008428,23893.11587603,25960.38605144,26606.41011825,21296.05297550,19430.05245339
2019-03-10,12111,23375.13112200,19384.53266718,20793.36357508,19914.61542058,14015.21262376,14140.37427201
2019-03-11,27725,22970.65651987,22601.12170983,26840.27637100,26619.36404683,25061.44464218,23929.41580461
2019-03-12,21718,23172.89382094,25088.96286343,24843.28413112,23901.17055195,18774.52491269,18020.79559189
2019-03-13,26816,24689.67357894,26568.16714036,30091.72633192,28053.20095944,23560.63388472,23149.63085778
2019-03-14,23699,26408.69063802,28362.13647619,29741.10566860,31131.06794561,26178.57404237,23489.97638067
2019-03-15,26123,28329.94499816,28758.66395721,28223.36383544,26553.62408504,22053.38063166,21166.89006151
2019-03-16,14594,26914.28389069,25105.15473589,24921.98334544,21718.48431928,17583.48356557,18565.31731560
2019-03-17,14390,22768.41921880,18778.51323725,20525.32309594,19337.43192366,19005.42866276,18174.97107068
2019-03-18,27824,23071.77517040,22702.12494815,23995.03211835,25192.20466713,28148.26578480,26505.70105122
2019-03-19,27683,25397.50413268,27311.03410650,26458.58411206,26685.82636322,28408.17918987,28135.21877932
2019-03-20,30485,27015.40254122,28891.24162176,28579.18242817,26620.98888669,30656.16968219,29930.02260196
2019-03-21,31307,27723.23309496,29675.17857437,29349.58273456,27881.63257855,31387.42413745,30986.60498653
2019-03-22,28229,26105.33468642,26536.59271414,26446.57835047,23765.89593448,25621.22704443,25538.62777175
2019-03-23,25897,26105.33468642,24297.12882932,26085.25120285,25462.01582301,26655.36157347,25386.55155859
2019-03-24,27408,25094.14818108,21101.58771864,24321.61513711,25677.12121094,25170.38699134,25028.08726070
2019-03-25,31215,25195.26683161,24823.19295290,29141.88974406,27849.29991442,27648.20063516,27917.19949872
2019-03-26,31955,24184.08032627,26098.99524664,28930.17066631,30879.17809477,31808.37223986,30503.20061653
2019-03-27,31263,26004.21603588,27881.20923854,31597.65807021,28771.74613244,31925.84206012,30739.66836540
2019-03-28,32315,27217.63984229,29170.16238276,33099.43192397,31794.97965115,32551.12418424,32878.15846522
2019-03-29,35321,26712.04658962,27142.61214407,29338.75827006,33294.61242110,33399.24382310,33028.44808063
2019-03-30,33026,29037.77555190,27226.22274064,29362.34189103,30671.32371023,29170.37373506,30703.87589608
2019-03-31,20325,25801.97873482,21808.61038689,23863.90860397,22206.51847030,21068.58684924,22325.14644280
2019-04-01,31834,24689.67357894,24318.17676129,26795.66115641,29173.81357623,28805.78461586,30443.27372165
2019-04-02,24529,22161.70731560,24078.93048021,23683.32235643,22938.24118381,24258.00873647,25469.26062498
2019-04-03,27059,21352.75811133,23235.06027576,25377.70077211,25866.74085399,26809.32596912,28532.53953775
2019-04-04,25493,22161.70731560,24120.00046669,25745.32507428,26770.86234118,26214.00534861,25573.24710873
2019-04-05,27536,25700.86008428,26132.57976085,30015.69410369,28843.20645264,29754.81200789,29830.53795113
2019-04-06,20423,24891.91088001,23085.08996946,23328.74456419,21057.50857577,21098.26641273,22683.09456408
2019-04-07,16897,25094.14818108,21101.58771864,19658.72120830,18975.46556351,19020.46226220,19926.97912798
2019-04-08,26527,25903.09738535,25530.21562115,24364.44597817,24100.07605254,24773.43793413,25184.42746843
2019-04-09,25534,25397.50413268,27311.03410650,26700.81236810,25915.17191459,24450.79339300,24191.35860657
2019-04-10,31699,24588.55492841,26467.16390204,30393.57389613,29535.95623774,29054.97437027,33400.57256017
2019-04-11,30961,22869.53786934,24827.02313494,29627.54146189,30613.38819599,32133.70663746,34618.01001780
2019-04-12,27403,22768.41921880,23203.48584953,28091.04451176,26851.46457272,27745.73394092,27872.51513193
2019-04-13,19856,21757.23271346,19953.98958150,24026.35890102,22986.76756930,23416.93492423,23992.76170717
2019-04-14,20896,21959.47001453,17970.48733068,22294.16159346,22494.02422065,21215.52160671,21371.04702341
2019-04-15,30837,25195.26683161,24823.19295290,28455.57635194,28452.43084129,23802.80310755,25012.04324742
2019-04-16,31842,27622.11444442,29533.10534957,31081.55160553,33547.50986716,31001.21904746,28854.88768066
2019-04-17,37203,28835.53825083,30709.29991154,32673.57101015,35870.44330362,33016.04796956,31523.74542360
2019-04-18,36574,30251.19935830,32200.25953240,34136.84899960,36258.97430768,32003.72951751,33875.78084082
2019-04-19,36505,32172.45371845,32596.78701342,36817.73027117,38762.22280750,35854.74870692,33428.73877031
2019-04-20,38712,32880.28427218,31064.34579685,35514.24007833,36715.46310641,34496.74986983,32099.18345086
2019-04-21,36686,32071.33506791,28070.81116282,33389.13714022,32701.83392944,29304.34822753,28530.79462999
2019-04-22,35435,32374.69101951,31994.42287371,36233.08983452,38930.66536958,35607.32833774,31626.86794043
2019-04-23,34948,31767.97911631,33674.23812074,36973.84911634,36355.45225926,34997.22456805,33165.40522423
2019-04-24,34593,29947.84340670,31820.33553308,33471.12815662,34486.27748867,32775.75024684,29485.05677782
2019-04-25,34494,28431.06364869,30382.20124262,32444.55729004,32395.56607840,33470.82733196,30416.01381312
2019-04-26,32006,27520.99579389,27950.63805064,29164.58912481,30187.27841248,29415.20142891,27419.67152324
2019-04-27,18379,26004.21603588,24196.12559099,27739.53986329,24046.01438144,19864.59212335,20172.97829763
2019-04-28,22631,26712.04658962,22717.63953178,25729.43170293,23444.28227853,25103.87711552,23782.79620948
2019-04-29,33748,26610.92793909,26237.23828939,27560.34897366,28633.41944460,30678.16754074,28575.06285111
2019-04-30,38908,27824.35174549,29735.11182621,31244.91262125,32343.55488259,33071.74583692,31715.28906647
2019-05-01,37952,28329.94499816,30204.28371993,31861.45471077,32890.71562070,32855.68885616,32005.37002423
2019-05-02,32563,28633.30094976,30584.20771926,31961.97628965,31830.48946583,33003.58758203,31600.44455476
2019-05-03,28182,26105.33468642,26536.59271414,26507.13541448,26762.92360146,26662.79150913,24664.03089682
2019-05-04,19806,23779.60572414,21974.05434792,25458.11217823,24120.46548193,23527.54283933,24167.69682800
2019-05-05,22896,24386.31762734,20394.56505039,24839.87873427,22309.75943453,23559.54773997,24502.02034076
2019-05-06,22472,25700.86008428,25328.20914450,30478.83393154,27720.70939923,30306.51780691,29308.13088022
2019-05-07,34646,27419.87714336,29331.09887292,34168.08635837,32139.38067159,33096.67897275,33344.80455846
2019-05-08,20276,27116.52119176,28992.24486008,28842.53412807,30454.59078596,24942.01298164,21552.20877384
2019-05-09,28404,26813.16524015,28766.14942947,27524.43101161,28566.01919779,28386.52358899,27799.16469569
2019-05-10,34078,27318.75849282,27748.63157399,28981.04242109,30070.07137769,31193.38231751,31298.73447298
2019-05-11,25475,27622.11444442,25812.17740414,27290.27313279,26570.29157231,27497.65317878,26479.80907214
2019-05-12,31836,27419.87714336,23424.66220003,26846.20883406,26986.24207581,27880.56613128,28503.27563180
2019-05-13,37537,27622.11444442,27247.27067261,30678.32248469,31469.44054551,33003.23586104,32767.89675001
2019-05-14,39647,28835.53825083,30745.14420942,34685.85714034,33793.79291641,34751.49009209,35784.69203397
2019-05-15,39054,29442.25015403,31315.31934147,34516.09515356,35422.00784940,35226.84031653,35550.29619827
2019-05-16,38408,28936.65690136,30887.21743422,34689.85743767,33326.15340476,32291.58084601,31991.97628560
2019-05-17,29846,27925.47039603,28354.65100392,28482.02675609,27934.11028579,29339.23417058,27044.63323550
2019-05-18,28138,29341.13150350,27529.23245560,27831.04287030,30246.78014679,31727.63783786,29192.23953035
2019-05-19,26727,30048.96205724,26050.74639639,26042.97727798,25579.14198317,27052.35345338,27512.03285374
2019-05-20,36072,31970.21641738,31590.40992043,33282.22836262,31135.03204456,33234.07708939,34754.06510964
2019-05-21,41251,32172.45371845,34078.25107403,38289.66985996,34919.61685244,37497.21525943,40227.29376049
2019-05-22,40312,32273.57236898,34143.41001447,39790.63119824,36842.63226439,39694.45963668,39353.35320968
2019-05-23,41314,33284.75887432,35230.35668204,39998.64550807,39268.27874895,40012.91963920,39723.03575586
2019-05-24,37280,32981.40292272,33404.81291999,36219.66167785,35856.93827967,38230.78198195,37926.44707093
2019-05-25,33151,34397.06403019,32579.39437167,35124.59265599,33878.53221273,37127.09843835,35584.27824675
2019-05-26,26802,33689.23347645,29686.86297596,30093.68840122,27940.92524404,30337.46748657,31543.64930685
2019-05-27,28309,30453.43665937,30075.36134561,32541.47725676,31569.57834419,32495.69985851,32884.77205336
2019-05-28,34443,29240.01285297,31149.15716271,33438.09550751,32445.05200097,36519.93894739,35071.22239621
2019-05-29,31203,29037.77555190,30911.30638818,30717.43478551,29760.18397582,30307.03642311,31322.73666854
2019-05-30,39450,34700.41998179,36644.40201854,37064.66364144,37062.43632340,37588.18765289,35795.62331297
2019-05-31,39017,33284.75887432,33707.82263496,34829.66247315,31434.91120648,36132.48652832,35238.18690438
2019-06-01,40800,35509.36918606,33690.42999320,35962.52117846,37888.90150227,39428.04796908,39224.64846319
2019-06-02,33865,37228.38624514,33221.97631721,34829.77516074,34984.59575476,34776.04034704,34803.48830124
2019-06-03,37306,31970.21641738,31590.40992043,34533.74101884,32165.04461792,32467.74431258,33949.31002866
2019-06-04,31948,30453.43665937,32361.19602256,31733.56509740,30169.94833392,31677.05200842,31475.44397578
2019-06-05,38033,31262.38586364,33133.37763125,35017.43127092,33831.86730984,36196.88509165,36415.94475199
2019-06-06,38141,30554.55530990,32503.26924737,35815.07437144,34313.56135654,35709.34413394,37184.36425934
2019-06-07,25122,30554.55530990,30980.73520028,31130.54784861,30773.46708457,32753.70668762,30934.27311246
2019-06-08,26656,30857.91126151,29044.28103042,30469.24864849,29957.08326869,27505.94448872,27231.43575522
2019-06-09,29311,30554.55530990,26555.76258799,28772.73393770,28034.01646299,30760.72907611,31786.37842273
2019-06-10,13358,27824.35174549,27449.27714925,25351.17636346,25044.71179160,21226.17536760,17280.45658307
2019-06-11,34285,29745.60610563,31654.17335431,30354.37402222,32721.82903231,33361.90675267,31593.97888083
2019-06-12,25449,28936.65690136,30810.30314986,29404.42730943,30223.26538787,33012.90346105,31683.70262061
2019-06-13,26617,29037.77555190,30988.22067254,29180.10236856,26663.93314968,26009.03258453,27898.38604826
2019-06-14,33837,31161.26721311,31586.75463021,31438.95970375,30875.14773867,31906.37494665,31977.65854056
2019-06-15,28235,31161.26721311,29347.29074538,29705.00577190,28984.12861734,30714.81854859,31287.26258518
2019-06-16,26102,31464.62316471,27464.79173289,27247.06145207,27705.15470785,27125.46774768,26990.75842260
2019-06-17,38894,32981.40292272,32600.44230364,34300.89032128,33981.43788854,34898.50469073,37389.41681902
2019-06-18,29854,31869.09776684,33775.24135906,33179.87752752,32230.61084693,34887.73700542,34581.06759765
2019-06-19,33190,32576.92832058,34446.41972943,32486.22540851,31984.45276595,33665.68946230,33038.77882676
2019-06-20,38345,32172.45371845,34119.32106051,35002.46525687,32705.94412009,35406.33647553,36061.94118015
2019-06-21,38656,32071.33506791,32495.78377510,34838.59509098,32990.17896380,36759.21286346,38777.91301160
2019-06-22,36858,32880.28427218,31064.34579685,33838.82797404,32627.85001409,34984.05649267,36770.18120036
2019-06-23,30851,34700.41998179,30696.89535917,30648.07953580,32205.64342816,32118.24172370,30435.58012528
2019-06-24,38617,37329.50489567,36943.58155146,35956.06886304,34668.01681182,36756.10602553,35544.44516771
2019-06-25,38200,35913.84378820,37815.37089192,34852.42848975,34597.29951172,34667.76661918,32075.71660688
2019-06-26,39620,33486.99617539,35355.44887432,33847.10630738,34022.61962214,34536.53456976,34188.95529946
2019-06-27,41692,33486.99617539,35432.36315869,36326.72580313,38231.44703588,38851.11448510,40051.30802309
2019-06-28,39986,33689.23347645,34111.83558824,34389.32836047,34738.24035861,34738.77204000,36962.79219146
2019-06-29,38616,40160.82711062,38336.57895599,39194.99665205,43396.82876679,41386.87374964,39781.54223469
2019-06-30,33990,36419.43704087,32413.95041063,33812.98871377,32304.40960432,32334.98555109,35273.72686881
2019-07-01,39257,34093.70807859,33711.47792518,35744.38948386,33298.09061644,35533.04222302,39120.19532465
2019-07-02,42658,33385.87752485,35290.28993388,38361.47999415,35639.44330664,38912.49912430,41501.36170931
2019-07-03,43924,33992.58942805,35860.46506593,38655.98883146,37858.89127177,40642.29268512,39626.58407222
2019-07-04,44668,35812.72513766,37755.43764008,41031.37380446,40784.68247029,43985.69251583,45278.05260642
2019-07-05,42466,37835.09814834,38252.96835942,41452.39577548,37429.96902710,40135.83713018,42939.17421927
2019-07-06,34018,35913.84378820,34094.44294649,35481.81568977,33470.95383871,38400.69500561,37785.05451874
2019-07-07,29889,33183.64022378,29181.84678435,28776.92990175,28317.85204885,29707.75694261,27770.49041024
2019-07-08,39670,33992.58942805,33610.47468686,36611.43631216,34492.13063308,37729.14524497,38432.17415065
2019-07-09,41447,35003.77593339,36906.34174703,38921.49766382,38835.51960497,41294.09995437,38250.62450911
2019-07-10,42343,37026.14894407,38890.56221557,40177.86241917,38523.84120193,40301.10794270,39447.81691140
2019-07-11,41916,37127.26759460,39068.47973825,41790.43508662,39864.96029397,40848.63848510,42162.67551449
2019-07-12,41305,37127.26759460,37545.94569117,39629.11956422,37733.86927237,39171.89304748,39820.78567167
2019-07-13,36204,35307.13188499,33488.42351656,34648.57594654,31631.95968830,35621.58326303,36364.90882567
2019-07-14,27858,33588.11482592,29585.85973764,29628.47982129,29337.69893236,31088.16765662,28764.44331174
2019-07-15,39489,32981.40292272,32600.44230364,34199.96188126,35124.44601344,39325.23928757,35843.06001643
2019-07-16,43693,35812.72513766,37714.36765360,40019.02686280,41482.73898401,41270.07382797,41945.99629210
2019-07-17,41959,36318.31839033,38183.53954732,40292.41225625,38868.42087266,39679.06792078,41280.96908923
2019-07-18,34240,35206.01323446,37149.41821015,37614.36599677,36407.37965660,36706.22265983,34855.78811897
2019-07-19,25620,32880.28427218,33303.80968167,31777.87256123,29648.50410604,29482.15385555,28689.43066652
2019-07-20,31351,35711.60648713,33892.43646985,33158.58605767,33240.69749150,30464.13967866,25667.00397067
2019-07-21,33251,34700.41998179,30696.89535917,31294.02155192,31566.76505616,34307.58475619,33588.25110417
2019-07-22,40842,37430.62354620,37044.58478978,36179.04918693,37725.11124945,39588.12511649,36751.19744324
2019-07-23,44457,40767.53901382,42663.52633134,42911.15890787,45074.90209988,44865.95017055,43783.74622863
2019-07-24,42296,42385.43742236,44243.73384661,46485.12676023,45233.67530295,44758.96453915,44990.32172681
2019-07-25,39323,44407.81043304,46340.71289739,48741.27311690,49151.35214819,48468.69526419,46641.92689741
2019-07-26,31517,38441.81005154,38858.98778935,38006.26966197,36150.73604570,37657.22117508,35134.07070396
2019-07-27,19950,34194.82672912,32377.38789503,29490.91019131,28822.58363356,27553.54161122,22418.47375255
2019-07-28,29319,34801.53863232,30797.89859749,31052.73105172,29063.85237732,31957.29905628,30894.20254165
2019-07-29,41472,35913.84378820,35529.53621496,37376.12412941,37071.46905999,39359.75076257,39857.77134395
2019-07-30,27449,34498.18268072,36401.32555542,35384.31348396,32646.61397184,30590.75087083,30460.06588378
2019-07-31,38299,35104.89458393,36971.50068747,38121.29056970,35884.46828116,35640.71539450,35276.74516603
2019-08-01,39898,36116.08108926,38058.44735504,39116.54671167,39170.55230754,42002.00724607,42413.83952199
2019-08-02,38278,36419.43704087,36838.92302292,37281.01546488,37128.90264822,39480.90626747,38005.35783093
2019-08-03,39388,36217.19973980,34397.45266145,34899.24400522,32908.00598574,36174.43135798,37240.46497254
2019-08-04,34341,36722.79299247,32716.96012560,32927.63170917,33250.53304115,33971.48803342,32082.02445936
2019-08-05,34041,35812.72513766,35428.53297664,35558.47445325,36678.06026623,36929.50127216,33554.24303244
2019-08-06,39369,35206.01323446,37108.34822367,37409.44657525,36346.48774769,35163.58434849,34991.31744684
2019-08-07,37776,34599.30133126,36466.48449586,36380.63262215,36163.02327910,35869.70661228,34660.51561746
2019-08-08,40667,35408.25053553,37351.42468679,37676.79857248,37227.11025464,40689.34085726,40899.87209281
2019-08-09,30719,36925.03029353,37343.93921453,35872.70608387,35306.05848562,31384.58409371,30993.84338345
2019-08-10,25956,34902.65728286,33084.41056328,32807.92731483,31384.61810661,26058.02578336,26238.59432046
2019-08-11,29952,34397.06403019,30393.88564421,31493.06516440,30007.21802128,28927.03077825,29565.36923155
2019-08-12,29570,31262.38586364,30883.38725218,29521.12610302,28687.21460913,32663.24810945,31624.20517910
2019-08-13,39534,32374.69101951,34280.25755067,36535.39051535,36302.29127407,39281.87227553,38423.66384907
2019-08-14,19154,31666.86046578,33537.39058454,30782.18781358,28952.95060203,26743.59159080,24189.73726305
2019-08-15,38018,34599.30133126,36543.39878022,36942.61175757,35911.15476032,36166.96280236,35299.74048869
2019-08-16,23388,32172.45371845,32596.78701342,30681.28111810,29245.10342836,29339.96835976,29487.86920574
2019-08-17,29360,34700.41998179,32882.40408663,32200.48116302,32562.87268761,32514.83293863,31361.31289163
2019-08-18,24122,33082.52157325,29080.84354603,28675.06370589,28734.01728497,28381.62328866,29153.53267876
2019-08-19,33048,32475.80967005,32095.42611203,32701.53218976,31673.11785066,30007.02432116,28607.32295695
2019-08-20,39255,31970.21641738,33876.24459739,36047.18297987,35412.02312463,36228.72158294,36595.67281401
2019-08-21,38251,32779.16562165,34648.42620607,36202.26751285,37283.51398883,38492.15855371,38435.37669605
2019-08-22,38056,34295.94537966,36240.38906526,36758.12729799,37974.10271800,38927.25354841,37728.95750725
2019-08-23,35995,36318.31839033,36737.91978460,36452.46450088,38218.81870474,41441.62251563,39166.94234610
2019-08-24,30776,37733.97949781,35912.50123627,36952.06483130,39515.77082335,39559.22416856,39199.93317169
2019-08-25,31355,40059.70846008,36050.06699020,37399.42901294,39911.44767783,40384.18813461,37075.28779368
2019-08-26,33150,40363.06441168,39973.67870110,41494.89436346,44140.15142016,43639.77587673,40067.21658006
2019-08-27,37597,40464.18306222,42360.51661638,43271.68802439,45897.39994631,44862.42741526,41310.24213344
2019-08-28,36576,37026.14894407,38890.56221557,39814.52003511,37459.44850233,38715.23839191,38138.09940791
2019-08-29,38337,34295.94537966,36240.38906526,37706.85463415,37499.82136127,39971.20865673,39034.65231611
2019-08-30,37147,34599.30133126,35020.86473313,35427.23825129,36964.31648524,37237.78314954,34874.75973147
2019-08-31,30847,33284.75887432,31468.35875013,31601.96762904,34061.15977274,34347.40197187,32001.62560488
2019-09-01,29486,31970.21641738,27969.80792449,31410.00196003,29555.04740760,32042.17858195,34293.66532195
2019-09-02,35280,31666.86046578,31287.40020546,33743.68591915,34057.39671456,35386.19008992,37159.92698209
2019-09-03,37229,33790.35212699,35694.30288717,36810.93304127,34795.95383337,37472.54065252,38272.87445218
2019-09-04,33933,33284.75887432,35153.44239768,35904.17097204,34496.89124911,33225.67775769,34062.76795303
2019-09-05,36722,30857.91126151,32806.27896233,36140.85864704,33662.24270230,36381.88135837,39021.94240611
2019-09-06,31798,30048.96205724,30475.71900867,30399.17430124,31108.10924036,32114.42119553,32247.44187504
2019-09-07,28038,30655.67396044,28842.27455378,31173.87221691,29450.93831218,32087.11719865,33592.02883739
2019-09-08,27969,29138.89420243,25141.71725150,27891.62077167,27975.92461998,31204.66471709,33063.29995197
2019-09-09,29440,29947.84340670,29570.34515400,29953.02041307,26826.34443922,30734.50362554,33355.69532638
2019-09-10,36814,31666.86046578,33573.23488242,33985.42953597,33542.59215460,36081.04523007,37835.82486236
2019-09-11,35787,33183.64022378,35052.43915936,34510.42074395,34093.58124658,36028.10214742,36231.27017306
2019-09-12,38252,34498.18268072,36442.39554190,35447.93308946,39806.04122078,41053.68783249,38341.04105324
2019-09-13,37354,33689.23347645,34111.83558824,36286.78303280,34601.34922075,37731.76737408,40092.44041694
2019-09-14,34966,32273.57236898,30458.32636692,32823.91703877,35825.32333504,38124.85278478,37347.95128628
2019-09-15,33698,34093.70807859,30090.87592924,30723.19575273,36041.94908515,38950.55482358,36904.63978879
2019-09-16,32747,33486.99617539,33105.45849525,31519.95415603,30121.98063122,32891.94248361,34657.51572965
2019-09-17,39025,31363.50451418,33270.22516746,36303.97038883,34105.49397162,36074.17929225,38904.83628376
2019-09-18,38751,30150.08070777,32022.34200972,35531.94384468,36052.42924750,37915.72149809,38353.25657029
2019-09-19,38271,30857.91126151,32806.27896233,34142.47553469,38274.60920089,39702.68917391,37876.15289003
2019-09-20,37699,31666.86046578,32091.77082181,33442.03159534,34020.54809015,34020.43218568,34991.61954669
2019-09-21,36479,33588.11482592,31771.36846510,34753.74822514,35194.27038442,36124.08873454,35825.02639231
2019-09-22,24154,34194.82672912,30191.87916756,28887.23590025,29823.33949189,31401.47289275,30971.17290521
2019-09-23,30941,32374.69101951,31994.42287371,30964.62526561,31810.22340427,32230.23424374,33891.00660218
2019-09-24,21563,32880.28427218,34785.27374228,31291.80041368,31582.88000924,22393.08608823,13299.34296128
2019-09-25,32427,33082.52157325,34951.43592104,33015.74207584,33161.51674088,33717.83446745,33452.93770543
2019-09-26,28976,32981.40292272,34927.34696708,33072.14125532,32559.64470371,31164.10406339,31563.96404109
2019-09-27,29557,31262.38586364,31687.75786853,30127.82773937,28474.30857308,25780.17896723,28228.16801145
2019-09-28,24960,31262.38586364,29448.29398371,28878.33031960,28407.99789287,27106.59437936,28896.57081159
2019-09-29,15478,32172.45371845,28171.81440114,25436.91382269,25090.21321226,22832.01540486,23168.23810155
2019-09-30,27787,30150.08070777,29772.35163064,27875.77006041,28467.83969038,30335.09455361,31554.97491166
2019-10-01,24631,31666.86046578,33573.23488242,30917.20495943,32230.30172664,27769.54637775,22705.29220460
2019-10-02,33923,27015.40254122,28891.24162176,31485.92150068,29674.78683950,31252.12938502,33602.59884753
2019-10-03,32707,25498.62278321,27453.10733130,27592.98293759,28725.03310727,29089.48541211,30307.35929002
2019-10-04,32314,29240.01285297,29667.69310210,27646.41868597,26562.15254879,25849.16112906,29030.71918264
2019-10-05,26578,29745.60610563,27933.24540889,27390.70875762,24914.89658853,27822.83674874,31253.78903440
2019-10-06,21690,30453.43665937,26454.75934967,25764.12866932,24761.99106842,23400.81457750,25037.40972397
2019-10-07,28418,29138.89420243,28762.31924743,26816.73672574,25779.74035029,26738.42955502,29618.54603211
2019-10-08,32894,29846.72475617,31755.17659264,30335.12609006,29535.80268242,28319.03044518,30683.07309212
2019-10-09,34874,28228.82634763,30103.28048161,31012.71805878,30472.64538785,30201.91370116,32107.49565472
2019-10-10,35641,28835.53825083,30786.21419590,30591.22501711,31053.50819965,31418.60292306,32880.33865678
2019-10-11,25222,31565.74181524,31990.76758349,29484.69899080,26817.51108675,24829.54897751,27820.19671677
2019-10-12,10047,27520.99579389,25711.17416581,22626.44144813,20059.83195036,20387.52271551,23232.00004231
2019-10-13,16040,29745.60610563,25747.73668142,23436.21025798,24334.44917479,21746.57144881,20819.61752657
2019-10-14,22519,29037.77555190,28661.31600911,25604.65768968,25258.41180691,26532.53502925,28201.33052219
2019-10-15,34372,29138.89420243,31048.15392439,29722.99115902,30957.11044586,31394.32735170,31747.62392950
2019-10-16,30763,28936.65690136,30810.30314986,29828.32675751,30196.58912782,30527.84787450,31744.30079318
2019-10-17,30259,27520.99579389,29473.17209772,27934.70906262,27986.56910765,29670.90653627,31040.30497812
2019-10-18,29675,28026.58904656,28455.65424224,27796.65111982,28189.35269471,26188.52599774,26802.63072283
2019-10-19,25400,27116.52119176,25307.16121253,24459.58803305,24907.67877591,26832.87565697,28427.88266101
2019-10-20,20545,25397.50413268,21404.59743360,20105.61961192,19631.16871828,22178.40121185,25321.06575226
2019-10-21,24215,27824.35174549,27449.27714925,26400.83213964,23567.33975116,25671.71691253,29166.68733422
2019-10-22,33916,26206.45333695,28119.06001307,27858.89863109,30201.04131749,32685.45586005,33012.29774916
2019-10-23,31786,26307.57198748,28184.21895351,26150.33557681,28429.86725296,29927.93083836,31012.57892390
2019-10-24,23489,27925.47039603,29877.18505101,26404.34779774,23814.56958532,21065.97370614,23440.66494244
2019-10-25,28988,29240.01285297,29667.69310210,27706.97574998,28131.79669055,25040.68565194,26455.57545955
2019-10-26,14397,30150.08070777,28337.25836217,26910.00326893,26366.98687230,23005.41621766,23874.79739480
2019-10-27,22155,23880.72437467,19889.54885878,20878.79510633,22808.65317911,26553.34653393,26342.77949045
2019-10-28,30208,23476.24977254,23106.13790143,23191.35562160,23430.73110340,25122.18084139,28136.41693314
2019-10-29,31225,25195.26683161,27109.02762985,28374.34896070,26714.92707783,31119.45925179,32545.32913923
2019-10-30,32157,25700.86008428,27578.19952358,29374.41912228,28115.79734804,28080.41383076,30407.78862852
2019-10-31,30951,24891.91088001,26847.08790137,26941.41438639,26254.86445106,25158.00539728,28763.79150087
2019-11-01,25128,29037.77555190,29465.68662546,26251.73070203,25909.69984288,25360.64423423,27841.13327041
2019-11-02,14557,28127.70769709,26317.19359574,25902.14943979,25329.75508955,21520.11807636,22439.85759941
2019-11-03,18356,25397.50413268,21404.59743360,20125.80529993,20301.16300849,22301.33990555,25030.61277903
2019-11-04,29198,25296.38548215,24924.19619122,22824.70715481,22899.52277576,25463.63054987,28255.73729819
2019-11-05,31016,25903.09738535,27816.05029810,26099.93050724,26417.65610836,27051.99118482,29457.55987914
2019-11-06,30745,23274.01247147,25154.12180387,25415.70382123,23479.30188253,25533.64045229,29767.71540725
2019-11-07,30244,23981.84302521,25938.05875648,26024.61862359,25054.06957405,24261.16229844,26517.84153151
2019-11-08,26194,21352.75811133,21789.44051303,20831.25393662,22385.10055966,24386.52260234,26515.88984489
2019-11-09,12350,21352.75811133,19549.97662821,18188.94404461,18291.16630795,16647.35354561,20837.67156884
2019-11-10,18491,23476.24977254,19485.53590550,19300.56041867,19236.45721881,21187.18077058,23583.04356399
2019-11-11,28080,23476.24977254,23106.13790143,23877.66901372,22034.60932919,21889.02226231,24992.44693529
2019-11-12,27391,22060.58866506,23977.92724189,24449.44074472,22860.86100377,23109.96973757,26828.87074949
2019-11-13,29661,22363.94461667,24245.09265897,24317.23686641,24583.34981638,27874.35207321,30117.02451770
2019-11-14,28649,22262.82596613,24221.00370501,23768.06540578,22894.74868089,27101.02410696,30479.91618787
2019-11-15,21318,22768.41921880,23203.48584953,22600.53737480,21720.28309074,20434.51103237,23899.19249262
2019-11-16,18553,22465.06326720,20661.01224975,20984.88430343,20470.82724768,21975.15430105,24204.58639011
2019-11-17,18082,21959.47001453,17970.48733068,17429.41078462,17727.63838152,19913.90395444,23052.53485518
2019-11-18,28521,22768.41921880,22399.11523318,23083.86289065,21795.80566677,24494.01143811,27158.41509695
2019-11-19,28760,19532.62240172,21452.84628386,20812.75869588,22121.69497092,24947.14648666,27327.49701321
2019-11-20,29437,21251.63946079,23134.05703744,24751.00668815,23470.86118706,25670.22399600,28205.93459366
2019-11-21,27064,20746.04620813,22705.95513019,22139.14402777,20861.56017482,20778.63225007,24979.94104445
2019-11-22,24865,24184.08032627,24617.53118603,22956.82265274,20834.05228478,22328.28168874,25999.67255380
2019-11-23,14904,25599.74143375,23792.11263771,22265.46739095,20748.77720991,21472.83845940,24929.24233269
2019-11-24,15599,25700.86008428,21707.60714857,19301.00535933,17689.55833327,18988.06793665,22999.81708007
2019-11-25,25722,26610.92793909,26237.23828939,23583.76843697,21030.11725963,22380.95008534,26823.06962565
2019-11-26,26982,27520.99579389,29432.10211124,27043.47624898,25621.81024436,26069.47149030,29283.40822379
2019-11-27,26575,26408.69063802,28285.22219183,25868.67370061,24234.31387522,23424.27025712,25950.68085382
2019-11-28,26030,24993.02953055,26948.09113969,25670.65379802,22762.81049304,24770.65676079,28950.42903794
2019-11-29,28463,21656.11406293,22092.45022800,22408.55086844,20595.65093706,23839.04155955,27645.59381118
2019-11-30,18176,20442.69025652,18640.94748332,18261.24699399,18765.84455324,20898.89231297,23806.14580849
2019-12-01,14242,21251.63946079,17263.46466243,17644.88906172,16574.65213188,19476.70858627,18780.02926828
2019-12-02,27306,19229.26645012,18864.00189193,19922.25979541,21341.13401638,23148.33092355,21332.35370186
2019-12-03,29645,20847.16485866,22765.88838203,23045.37520229,24545.46186554,27346.59060734,25022.73798837
2019-12-04,29458,19937.09700385,21821.01493926,20923.72082946,23447.72010518,25611.07800397,23964.08463358
2019-12-05,28547,21352.75811133,23311.97456012,22467.74157092,26268.03781325,24113.83961828,21076.92738348
2019-12-06,21917,27116.52119176,27546.62509735,25971.49939687,24397.53478928,22939.43782322,21294.69766940
2019-12-07,19235,25498.62278321,23691.10939939,24020.68449140,21466.19269446,22146.22715223,21470.39156566
2019-12-08,15139,25397.50413268,21404.59743360,22204.93116429,20324.18253518,17497.59082784,16363.84001450
2019-12-09,27089,23375.13112200,23005.13466311,25289.72941812,23697.32331918,22977.32870444,21391.23495997
2019-12-10,24198,23274.01247147,25189.96610175,24218.46555886,26642.19033990,22717.23312145,19871.99926862
2019-12-11,27414,21656.11406293,23538.06999072,23583.98780734,23693.81592317,26287.05167732,24755.93078113
2019-12-12,19740,21757.23271346,23715.98751341,22188.89296226,23265.96830548,21931.95625701,20472.69846589
2019-12-13,23189,23172.89382094,23607.49880282,24622.85719855,22375.72579382,19973.64363914,19093.83168850
2019-12-14,14862,22465.06326720,20661.01224975,22357.51108767,21290.88581747,17014.99507510,15815.37165444
2019-12-15,14077,23577.36842307,19586.53914382,20674.12495875,18650.67091519,15319.87648419,13804.97208327
2019-12-16,24344,23577.36842307,23207.14113975,21960.96640924,19851.28220058,22471.65976166,22732.63522637
2019-12-17,19747,22970.65651987,24886.95638678,23024.69669911,20526.99439429,21844.22987946,23392.54063729
2019-12-18,24745,23071.77517040,24952.11532722,23597.11638922,25462.00770726,25433.20583319,23534.85437468
2019-12-19,21679,27925.47039603,29877.18505101,28766.07329415,26468.69944688,23815.85846273,21988.63555112
2019-12-20,14451,24386.31762734,24819.53766268,22635.72715638,21100.49463839,17400.66576106,15971.80918261
2019-12-21,9370,24285.19897681,22479.07053953,20840.27840467,19450.55919801,19857.94227563,20054.23800683
2019-12-22,10407,24082.96167574,20091.55533543,18720.80200166,15866.58321956,17635.37654870,18201.58194039
2019-12-23,15878,23981.84302521,23611.15409304,23720.87228894,22950.90182456,23588.05280064,22342.72294501
2019-12-24,10478,25397.50413268,27311.03410650,26579.69824008,25947.84702042,24488.86163784,23628.76300025
2019-12-25,34674,21554.99541240,23437.06675240,23966.57812356,24895.41397322,28779.32423200,26095.73628841
2019-12-26,5649,23375.13112200,25332.03932655,24020.60897616,23808.98933264,21110.54860983,20226.00026541
2019-12-27,11718,23577.36842307,24011.51175610,23132.86730968,21605.49105499,22647.37405634,22774.53282323
2019-12-28,11414,24285.19897681,22479.07053953,21667.89161282,19096.63955748,20927.73370260,21450.32624293
2019-12-29,12256,23172.89382094,19182.52619053,18712.36219902,17150.44403232,18266.79183866,18406.46378349
2019-12-30,16166,22060.58866506,21692.09256493,19827.40283114,22372.62197889,21915.95307938,20550.52383319
2019-12-31,13043,23678.48707361,25593.97905503,23757.94575817,22332.66152476,21824.34623226,22710.31459590
2020-01-01,11152,21251.63946079,23134.05703744,22348.90981573,20868.67049075,22559.45103129,23486.03682640
2020-01-02,18682,24790.79222948,26746.08466305,25688.96397432,24040.89520878,24268.50904487,24205.74439904
2020-01-03,18437,24588.55492841,25021.54413932,25039.69954050,23217.73729909,23440.40049899,22587.58488726
2020-01-04,15702,22465.06326720,20661.01224975,21550.08356753,20058.96959611,23081.40195925,21782.33504481
2020-01-05,12978,23779.60572414,19788.54562046,19969.50139033,16988.67232997,21331.56892811,20811.72220938
2020-01-06,23773,23678.48707361,23308.14437807,23637.31626938,20346.22614950,21466.13864536,22125.64029695
2020-01-07,27554,25296.38548215,27210.03086817,25286.87645201,26711.49555292,24722.90574805,23106.78591771
2020-01-08,28269,27520.99579389,29396.25781336,28260.90019936,25789.62917862,26384.29253673,26370.14423480
2020-01-09,26628,27419.87714336,29372.16885940,28135.62818680,25942.07403716,24318.94701761,23355.38983584
2020-01-10,26848,22566.18191773,23001.47937289,24395.18809542,20865.92567392,24691.66909528,24608.59079560
2020-01-11,18219,25397.50413268,23590.10616107,23999.56104755,21338.14087122,18705.55868410,18616.86564351
2020-01-12,16502,25599.74143375,21606.60391025,21520.49328387,19526.23218918,19520.63337905,18720.29971009
2020-01-13,23839,24689.67357894,24318.17676129,23666.87951587,23595.71012554,19742.83049884,18801.56434416
2020-01-14,23020,26408.69063802,28321.06648971,26891.86111862,26471.55934896,19579.41449173,18206.07037844
2020-01-15,22499,24689.67357894,26568.16714036,26216.07423525,27641.68207231,20841.27750029,17133.34789294
2020-01-16,26303,25397.50413268,27352.10409297,26966.28885363,27245.28667761,26865.74091080,24883.22792376
2020-01-17,25811,23981.84302521,24415.52470939,24307.38823728,23530.84080307,21355.43513018,19723.27028794
2020-01-18,19817,20240.45295546,18438.94100668,19591.62689052,19999.64793398,23155.43026527,21554.01864369
2020-01-19,17922,20139.33430492,16152.42904089,17735.50218740,18116.58609261,21189.36282405,19519.39041200
2020-01-20,28250,19431.50375119,19066.00836858,19580.97861104,21096.18024924,24063.44584599,22062.32134056
2020-01-21,28832,18521.43589638,20442.81390064,19652.79692119,22709.29151791,24003.18568157,22652.23659239
2020-01-22,27725,22161.70731560,24043.08618233,22518.83512240,22002.31033885,23341.09485783,23772.76889805
2020-01-23,28420,23779.60572414,25736.05227983,25477.72953580,21351.67417943,24628.93425245,26077.40670133
2020-01-24,26419,22768.41921880,23203.48584953,22237.19499074,18400.06023903,20664.48484940,22850.79392539
2020-01-25,18206,22161.70731560,20358.00253478,19952.60094770,16226.42589544,17598.46813188,20079.05278266
2020-01-26,12854,24487.43627788,20495.56828871,19027.33834510,17087.60458714,15500.86506551,16566.50472228
2020-01-27,23486,23476.24977254,23106.13790143,21980.21434139,20904.62078829,21690.75817842,20977.78699567
2020-01-28,28218,20847.16485866,22765.88838203,24034.47391447,23278.48132704,24122.39910040,23185.07530790
2020-01-29,28959,21959.47001453,23841.07970569,25403.51299520,25609.91637659,25543.31246943,24104.68866589
2020-01-30,27971,26105.33468642,28059.12676122,26326.91112846,26398.62876375,27064.24103912,25387.36288166
2020-01-31,26378,26813.16524015,27243.61538239,25645.71512126,23673.70074913,25788.68066973,25343.58742827
2020-02-01,20293,26206.45333695,24398.13206764,25843.96070266,22166.11229682,19655.02404495,20225.91944953
2020-02-02,16220,26408.69063802,22414.62981682,21992.26615474,21683.60785845,18588.03234846,17325.83366097
2020-02-03,28267,25397.50413268,25025.19942954,26337.95462327,23624.65958123,22188.71930990,21939.10242007
2020-02-04,29473,23172.89382094,25088.96286343,27649.09476361,25683.54830809,25685.44369253,24489.80398299
2020-02-05,29710,21858.35136400,23740.07646737,25241.08973533,24562.80480959,26662.74515357,26414.62161654
2020-02-06,29481,20847.16485866,22806.95836851,22886.95223975,25726.87966786,27297.02254897,25355.09721987
2020-02-07,28238,22262.82596613,22698.46965793,22757.33409959,23306.10552732,22857.76704196,22569.66764035
2020-02-08,21810,25195.26683161,23388.09968442,24118.79966388,21667.27141108,20170.90360205,20196.72194579
2020-02-09,6479,26712.04658962,22717.63953178,22418.97887035,20999.46826559,10550.32885565,8611.71216594
2020-02-10,21873,23172.89382094,22803.12818647,25207.11115441,24286.14968530,19318.42373432,18153.57971673
2020-02-11,27194,21453.87676186,23371.90781196,28178.16649028,24830.66482988,20062.26564090,20513.96558888
2020-02-12,27948,21352.75811133,23235.06027576,25700.67178017,25273.94863424,24419.80907100,23847.35499231
2020-02-13,25454,23375.13112200,25332.03932655,25393.23576039,24875.33268228,23911.51860937,22950.59719027
2020-02-14,26508,23779.60572414,24213.51823275,24144.02722155,26039.03692293,25070.98068287,23051.54777028
2020-02-15,9833,27723.23309496,25913.18064246,24000.94374406,21557.36050165,15177.54578111,15666.86065124
2020-02-16,6514,26004.21603588,22010.61686353,20817.74522714,20991.58768657,11865.46094054,8127.29990033
2020-02-17,25733,23880.72437467,23510.15085472,25859.61746146,24522.02684121,21689.11498811,20966.05570740
2020-02-18,25268,22869.53786934,24785.95314846,25930.49801576,26641.62479730,24465.02449134,22923.38218181
2020-02-19,24298,22262.82596613,24144.08942065,24417.22755058,25144.70217555,24407.81591854,22549.85612787
2020-02-20,22662,23880.72437467,25837.05551815,25842.00967571,25204.68597091,22686.76955090,21425.93892326
2020-02-21,24885,23678.48707361,24112.51499443,25879.05863401,25646.11938842,22035.50007394,20756.04654119
2020-02-22,18664,27015.40254122,25206.15797421,26901.11852563,25021.96333358,20514.32223232,19938.71459982
2020-02-23,14080,27015.40254122,23020.64924675,23976.09011417,24479.06818221,20918.26148769,17866.73232684
2020-02-24,23515,25498.62278321,25126.20266786,24421.25201878,23820.30499465,19833.64372216,17930.36550053
2020-02-25,27095,22262.82596613,24179.93371853,25884.50010467,24377.50778169,26224.08689558,25739.98252463
2020-02-26,28059,20847.16485866,22730.04408415,26099.69676099,26247.71479165,27027.00507787,24633.13726979
2020-02-27,20356,20746.04620813,22705.95513019,25045.88310028,25430.42826322,23169.51972730,21465.38457257
2020-02-28,18676,22566.18191773,23001.47937289,22517.91911109,25992.32313418,22584.08984100,18602.21057557
2020-02-29,12542,23779.60572414,21974.05434792,23096.38668182,23192.23475625,18368.04654856,16805.99647373
2020-03-01,16831,22970.65651987,18980.51971389,22485.21034398,21552.11657071,20103.22283128,19226.65329513
2020-03-02,26484,22161.70731560,21793.09580325,23562.69286764,24106.99414663,24934.79085497,23241.55161074
2020-03-03,29209,21251.63946079,23169.90133532,24744.72401798,25793.69678836,27061.51022089,25260.72460026
2020-03-04,23390,21150.52081026,23033.05379912,22731.50013195,23656.25023548,24429.49503578,23491.85997798
2020-03-05,17028,21959.47001453,23917.99399005,22634.85361004,19229.87433477,14356.03269060,16309.58703932
2020-03-06,27950,22161.70731560,22597.46641960,25461.27853621,24730.33840051,25332.03648370,24946.47470269
2020-03-07,20229,23678.48707361,21873.05110960,22187.09296582,25179.01999061,22346.14521335,19469.89327332
2020-03-08,14917,25801.97873482,21808.61038689,22491.28181973,22302.59313777,19321.26510987,18100.69750550
2020-03-09,22851,23577.36842307,23207.14113975,23737.30695355,24344.50740615,22454.70269874,21524.01886758
2020-03-10,28186,28835.53825083,30745.14420942,29255.90706739,28679.82398407,26745.23315914,24496.10984244
2020-03-11,29716,27116.52119176,28992.24486008,29367.36201616,29460.27962176,29569.16469958,27978.25959741
2020-03-12,26841,23779.60572414,25736.05227983,29656.16695253,27637.32418269,23575.42674276,23447.48451392
2020-03-13,25233,24487.43627788,24920.54090100,28086.80067318,28014.27802203,26578.42119728,23972.11019882
2020-03-14,18742,25599.74143375,23792.11263771,23900.50811923,23529.95182437,22996.13688576,22181.95861184
2020-03-15,13268,25700.86008428,21707.60714857,21481.05966371,20110.96029420,20602.18814791,19571.95103104
2020-03-16,24370,24082.96167574,23712.15733136,26366.13517325,27395.68394336,29217.40375227,27381.14355332
2020-03-17,19268,25498.62278321,27412.03734482,27872.52002816,29184.60850418,29482.76550144,28235.53102142
2020-03-18,17407,27824.35174549,29699.26752833,29293.18355508,29910.88814094,30742.97148950,28523.91802303
2020-03-19,13371,23577.36842307,25534.04580319,24002.29879985,21349.80587153,21558.62882331,23222.79872581
2020-03-20,13696,23577.36842307,24011.51175610,26544.24858228,24474.59790945,24782.72263182,24468.09110066
2020-03-21,17550,22869.53786934,21065.02520303,25247.81549556,23251.49947636,20958.74273553,22445.64006651
2020-03-22,16229,22970.65651987,18980.51971389,22767.80997603,21011.26351621,20432.64735462,21603.75385948
2020-03-23,11639,23172.89382094,22803.12818647,28214.77866693,27782.92120790,28935.21217946,28382.59764873
2020-03-24,10165,24689.67357894,26604.01143825,33052.73979827,34561.04560347,33341.01344724,31102.24196689
2020-03-25,10643,23375.13112200,25255.12504219,31593.46210616,31503.18144347,30773.03150786,30604.39567224
2020-03-26,10978,23375.13112200,25332.03932655,30661.70032931,31449.06858009,27874.59841655,27709.16165985
2020-03-27,11035,24082.96167574,24516.52794771,28749.17735390,29862.41736662,25719.96342555,25434.20723622
2020-03-28,12946,23577.36842307,21772.04787128,25557.16510655,24660.27918929,21672.64121734,22181.92884643
2020-03-29,7349,21453.87676186,17465.47113907,23278.57152639,19796.42855953,16782.51815481,18086.29751522
2020-03-30,7006,21858.35136400,21490.08608829,24488.42124826,25592.36574823,26922.89609783,23839.64253802
2020-03-31,9121,22566.18191773,24482.94343350,27905.88217256,28095.68861195,28754.48429754,27582.14788642
2020-04-01,9194,22060.58866506,23942.08294401,28169.89000753,26338.80971224,29334.43516264,29256.87126516
2020-04-02,9898,25801.97873482,27756.11704626,31087.92022975,29599.46872221,31285.74290559,30144.81394849
2020-04-03,11139,25700.86008428,26132.57976085,29712.90878364,28008.76097996,30860.64434050,29427.22491590
2020-04-04,22109,26004.21603588,24196.12559099,27194.52628720,30098.54608456,29932.03481870,28431.50740478
2020-04-05,28905,30655.67396044,26656.76582632,32023.56746211,31453.42632318,29083.27594275,28640.44488619
2020-04-06,10565,30048.96205724,29671.34839232,32860.69724143,30431.61206007,30891.61309834,30089.10405596
2020-04-07,14773,28532.18229923,30442.13449446,33774.68791263,36864.46308470,37286.53415896,34642.41889519
2020-04-08,13660,30959.02991204,32830.36791629,35842.23121152,36197.18720521,33746.39793009,33093.75863099
2020-04-09,17452,30959.02991204,32907.28220065,35596.78282679,38290.24880374,34658.80758862,32865.74397049
2020-04-10,27293,30756.79261097,31182.74167692,33272.10628868,37363.11276671,34761.99669513,31902.72063785
2020-04-11,33454,32678.04697111,30862.33932021,33736.02402233,37675.96002080,35800.80406287,32143.53664109
2020-04-12,29537,33082.52157325,29080.84354603,32631.45855458,34700.86678863,32195.59975652,29083.93709641
2020-04-13,18014,25498.62278321,25126.20266786,29649.34521169,28647.26368574,25449.97990917,25802.91150301
2020-04-14,14625,24184.08032627,26098.99524664,31816.72405082,30725.41104588,31790.56908103,31769.62117653
2020-04-15,18067,26307.57198748,28184.21895351,32286.78472988,37310.68827723,36324.93757863,32661.87710366
2020-04-16,16660,28633.30094976,30584.20771926,33274.04600988,36016.12787565,33887.94532670,32648.51801273
2020-04-17,11211,27419.87714336,27849.63481232,29971.07888911,28436.52159297,26757.23400470,27507.29761391
2020-04-18,20331,26105.33468642,24297.12882932,24833.73854664,26564.69101183,25460.81120829,22821.34479546
2020-04-19,39996,27925.47039603,23929.67839164,26911.45467732,29352.10866232,27669.42738640,26787.81892295
2020-04-20,17453,28228.82634763,27853.29010254,32359.36112407,32691.60105706,29008.17033242,29444.13646779
2020-04-21,18745,29543.36880457,31452.16687767,36751.36160763,33512.22906984,30580.65650281,32993.57267602
2020-04-22,21173,30352.31800884,32224.34848636,36845.88907661,36758.43513008,33743.89681824,34207.93547126
2020-04-23,23869,31060.14856257,33008.28543897,36728.11911084,40186.14671037,38656.09698650,36068.81822879
2020-04-24,23367,30756.79261097,31182.74167692,35189.74664901,36996.85773308,35576.24741743,33676.67518157
2020-04-25,38063,26813.16524015,25004.15149757,26979.98576595,27500.26502133,28588.48583643,26690.19075462
2020-04-26,39116,28734.41960030,24737.70429821,27625.45580423,31602.73228939,32455.91945285,29219.83747002
2020-04-27,17205,29037.77555190,28661.31600911,31357.57877068,32315.25355400,31575.30767784,29364.07890177
2020-04-28,4872,24790.79222948,26705.01467657,25443.67317680,25125.35460012,23001.75803071,21232.50043891
2020-04-29,11432,26408.69063802,28285.22219183,28129.47075700,28525.92709835,27370.36552481,26406.46909848
2020-04-30,9116,25599.74143375,27554.11056962,27210.39262137,28439.56829448,25546.03267672,24211.87664166
2020-05-01,14663,26914.28389069,27344.61862071,28694.69176564,29095.48062274,30266.59900905,29036.50937470
2020-05-02,38474,27925.47039603,26115.18711910,29372.21226470,30731.15430678,34302.66276371,32677.66234048
2020-05-03,26982,28329.94499816,24333.69134492,26572.04900465,23933.26765762,28569.63173501,28162.53044804
2020-05-04,18332,29138.89420243,28762.31924743,31096.10258248,30446.58772025,30743.40583882,30297.22160935
2020-05-05,18503,26914.28389069,28826.08268132,32387.05703482,31395.14342805,31181.31546688,31316.54367133
2020-05-06,23350,27723.23309496,29598.26429001,32986.22670388,34281.28516917,34875.01364837,34278.52422239
2020-05-07,27389,31060.14856257,33008.28543897,35658.27764665,38983.97908833,38563.59923765,36112.27174460
2020-05-08,43669,33385.87752485,33808.82587328,37717.15361350,38671.01584104,40087.48996124,36507.95249678
2020-05-09,48752,33689.23347645,31872.37170342,35622.67056514,35588.07170351,32573.95775933,32831.82598770
2020-05-10,23540,29138.89420243,25141.71725150,27709.94957964,28517.50683841,24476.50819634,23239.29005910
2020-05-11,13366,24689.67357894,24318.17676129,30469.45637305,27309.36325512,24926.09314041,26177.07579611
2020-05-12,20120,25498.62278321,27412.03734482,32797.82790101,32861.83106065,35482.46130330,35886.55037590
2020-05-13,16886,25801.97873482,27679.20276190,32907.85227875,29072.49539185,30305.65583303,31232.90639790
2020-05-14,20445,24891.91088001,26847.08790137,31402.45143517,30855.92411099,32791.54918232,32685.58603010
2020-05-15,28363,27925.47039603,28354.65100392,32801.76398884,34330.95981119,35840.16510447,35351.21883292
2020-05-16,46227,29138.89420243,27327.22597896,32189.27596737,30908.08498456,32936.08692741,31699.89350239
2020-05-17,51422,30352.31800884,26353.75611135,29759.95713817,30089.97595925,31242.47775514,28944.73830616
2020-05-18,29598,32880.28427218,32499.43906532,36621.30668583,37074.66256684,36716.51494295,36193.50916695
2020-05-19,35525,34902.65728286,36805.33850871,39364.64504405,41149.64801665,43396.95790082,41296.43958495
2020-05-20,42827,36621.67434193,38486.54926229,41748.59506005,41589.75655754,42968.16005176,42158.46091317
2020-05-21,36203,37329.50489567,39270.48621490,42862.15206250,41483.44374338,43582.57623737,43619.50824853
2020-05-22,36817,35003.77593339,35424.87768642,39669.98375542,33807.70472871,30639.09403876,33542.09320994
2020-05-23,40769,30756.79261097,28943.27779210,32769.47932504,30756.97050556,25899.25169110,26260.13192258
2020-05-24,55805,32273.57236898,28272.81763946,31089.84421952,32626.88390435,30899.81048209,28108.05826408
2020-05-25,67034,34700.41998179,34317.49735511,37768.58481930,37894.46465473,38603.89158187,38814.67312631
2020-05-26,38386,35913.84378820,37815.37089192,41574.26259492,40374.05119024,41946.47769507,41905.46349131
2020-05-27,38327,35206.01323446,37072.50392579,40362.83969394,39546.30659417,41215.28840592,40428.88668470
2020-05-28,40682,32475.80967005,34422.33077547,38557.95961303,35047.46789214,35695.12529502,39001.39581422
2020-05-29,45693,32981.40292272,33404.81291999,37874.88809414,35998.13203077,35875.65069456,37909.78909280
2020-05-30,70170,33588.11482592,31771.36846510,35601.54712128,35407.78904945,33402.68395953,34812.86834941
2020-05-31,63116,34295.94537966,30292.88240589,35024.62280917,32437.81457405,31089.71325629,33122.44424362
2020-06-01,38376,34801.53863232,34418.50059343,38052.12220720,38679.39138734,39380.28699191,39711.38188810
2020-06-02,45524,35104.89458393,37007.34498535,41627.31761214,38914.71339010,40123.72040151,42938.91714481
2020-06-03,28915,32576.92832058,34446.41972943,36624.29144923,33230.12546019,34768.30402056,34732.98608602
2020-06-04,27752,29138.89420243,31089.22391087,33258.54910112,31595.23994642,33650.46234617,34100.20135150
2020-06-05,28586,28936.65690136,29364.68338714,32245.94228323,31047.38625197,30843.31368433,29670.32608008
2020-06-06,27731,26509.80928855,24701.14178260,26068.81653824,24896.85686831,22794.13329320,22963.66079437
2020-06-07,39225,28633.30094976,24636.70105989,24536.10778384,27253.48647995,30297.56394582,29575.35003142
2020-06-08,28859,28936.65690136,28560.31277079,30751.07037473,28404.44958428,31200.58936154,31637.47668551
2020-06-09,36702,30453.43665937,32361.19602256,36275.34489819,34948.87022273,36923.50562855,38257.56254642
2020-06-10,16957,29341.13150350,31214.31610315,30659.69098904,28167.46917910,29946.04135436,30912.92168180
2020-06-11,24710,30756.79261097,32705.27572401,32163.34035450,34124.00283142,33326.63210073,30961.90052195
2020-06-12,26990,32678.04697111,33101.80320503,31977.85392957,31793.70940029,30489.79557681,30830.97762688
2020-06-13,65045,34498.18268072,32680.39760999,33530.86105956,33692.21440670,34238.37664638,36467.79183355
2020-06-14,57516,34295.94537966,30292.88240589,30947.11383246,29640.14778604,32332.05359809,33950.66183320
2020-06-15,37990,34093.70807859,33711.47792518,34613.99095566,35830.93000419,38326.59889030,38605.48746058
2020-06-16,37758,34498.18268072,36401.32555542,37443.25366032,36371.38207134,38934.39826328,40047.76087191
2020-06-17,26514,33082.52157325,34951.43592104,34025.02647602,34661.76247523,33834.27541921,29210.09818318
2020-06-18,25666,32071.33506791,34018.31782219,32074.60274051,32291.17478409,29767.93387242,25062.83443484
2020-06-19,36582,32071.33506791,32495.78377510,32194.26996251,31085.82548003,31317.08337667,31447.64958121
2020-06-20,64041,33082.52157325,31266.35227349,31882.69174940,32296.13066925,33807.92685678,32786.02178949
2020-06-21,45485,34093.70807859,30090.87592924,31429.69483285,30716.47468657,30383.63889940,29945.32442254
2020-06-22,43004,33486.99617539,33105.45849525,35476.34900472,35312.61433882,34699.02179507,37095.12850384
2020-06-23,48287,36925.03029353,38825.40327513,41058.81226531,42289.05310950,42614.01233390,43141.45267687
2020-06-24,52131,39655.23385795,41516.64641193,44017.33910390,43732.46999056,42187.45987641,42985.09040344
2020-06-25,52389,40666.42036329,42603.59307950,44891.48111785,43897.94646168,43174.37351673,44570.94182933
2020-06-26,50978,39351.87790635,39768.01693424,40578.29184105,41633.05213126,40689.25547300,40284.42554015
2020-06-27,41381,33588.11482592,31771.36846510,31241.43851253,29766.27724928,27458.50451601,27521.76323452
2020-06-28,42221,32071.33506791,28070.81116282,29271.25678751,28457.81122236,27268.38107577,28476.57023942
2020-06-29,32538,31565.74181524,31186.39696714,33722.56247530,32625.10375602,29284.08721618,29331.92263741
2020-06-30,28707,31970.21641738,33876.24459739,33402.85785141,31763.08977671,33117.48081235,33270.69940692
2020-07-01,31474,33486.99617539,35355.44887432,34937.13345957,33004.55870441,33822.77997156,34129.84933062
2020-07-02,28054,31970.21641738,33917.31458386,32800.34975279,33569.97490460,36862.66042963,35335.47878067
2020-07-03,37423,32172.45371845,32596.78701342,32195.20771836,32200.77626684,30506.56373152,32553.62608575
2020-07-04,42173,33689.23347645,31872.37170342,29526.59278807,28097.56441349,27950.43881574,28044.52161170
2020-07-05,47227,34397.06403019,30393.88564421,32139.00718052,28717.17192014,25818.60676210,30729.62800453
2020-07-06,33688,31970.21641738,31590.40992043,34352.06982680,32214.05727667,30763.52050223,30723.91110330
2020-07-07,32208,31869.09776684,33775.24135906,35824.20265598,35067.87261924,35044.66975332,34436.98108274
2020-07-08,22306,32678.04697111,34547.42296775,31154.90775612,30887.70890287,30866.64611152,28559.75185691
2020-07-09,26128,33588.11482592,35533.36639701,32674.05403034,30814.42635077,32629.59827572,33020.22765940
2020-07-10,38143,31767.97911631,32192.77406014,33442.96935119,30711.52518313,33406.62330214,35306.76427381
2020-07-11,51371,31767.97911631,29953.31017531,33021.08513957,31543.30516686,34960.09554172,35385.90850700
2020-07-12,49653,33790.35212699,29787.86621428,32799.50834954,33024.34889306,34757.94679511,35589.49663421
2020-07-13,35317,35408.25053553,35024.52002335,38542.20525438,36881.11217989,36646.61386876,38296.13897684
2020-07-14,35224,34194.82672912,36098.31584046,36532.08443262,33256.72363037,36505.30169842,38107.58946672
2020-07-15,34126,32678.04697111,34547.42296775,35817.80168494,32142.89028055,37350.90686882,37805.53926170
2020-07-16,37401,34902.65728286,36846.40849518,37328.95309718,36405.91657027,41225.79690553,38492.34239509
2020-07-17,46734,38138.45409994,38555.97807438,40042.21088278,38859.15334017,40778.37157946,40724.53769196
2020-07-18,56654,36014.96243873,34195.44618481,35785.53876568,35420.35009820,37473.53117832,37108.75017232
2020-07-19,33988,33588.11482592,29585.85973764,30012.00789336,26860.84690563,31380.82778013,30925.12571217
2020-07-20,39255,33486.99617539,33105.45849525,37232.50386103,36088.92993172,38000.94917753,38941.20245918
2020-07-21,40542,33486.99617539,35391.29317221,40158.94398231,37883.65347042,40001.14413451,41131.78945639
2020-07-22,41579,35913.84378820,37779.52659404,41903.51627314,39783.25940339,40468.63052869,41563.29096088
2020-07-23,40105,35509.36918606,37452.42792511,40443.17558481,39948.77391128,40740.77549950,39913.27201937
2020-07-24,40929,36217.19973980,36636.91654628,37198.39720117,35973.14915018,38667.26511324,37381.34366985
2020-07-25,24828,34194.82672912,32377.38789503,30015.73807940,29414.25416405,29625.00323604,28315.81151625
2020-07-26,34216,33082.52157325,29080.84354603,27766.70774573,29544.46737449,29828.80297777,27217.36346968
2020-07-27,23892,33992.58942805,33610.47468686,31625.57137529,30374.13184939,29064.95608451,28946.11032283
2020-07-28,37887,32981.40292272,34886.27698060,37166.77337855,35546.21420031,36971.67283544,36964.20804160
2020-07-29,41163,33486.99617539,35355.44887432,38227.40060414,38358.13044281,41466.10523856,41583.71457155
2020-07-30,43105,37531.74219674,39472.49269154,43368.66977429,43194.68282842,44901.85028492,44376.82666966
2020-07-31,43267,41677.60686862,42091.09141563,44697.55489028,49355.94446851,45537.07845093,41286.66418460
2020-08-01,49591,37531.74219674,35710.49475963,37131.86051163,35897.15967614,37068.80303094,36719.92147524
2020-08-02,44097,34801.53863232,30797.89859749,33091.48554008,32083.17040706,34137.02007399,34107.57344540
2020-08-03,36822,34902.65728286,34519.50383175,38133.80271506,35794.51548904,38698.45900183,38822.32297807
2020-08-04,41429,34093.70807859,35997.31260213,37701.91658097,37013.01393256,38437.63057572,38352.21146110
2020-08-05,42674,36419.43704087,38284.54278564,40575.94964415,39565.66099490,39176.74570227,39704.02971799
2020-08-06,41172,38542.92870208,40482.52507475,40471.30826026,42328.45530943,45005.05942933,40256.21362563
2020-08-07,43349,41070.89496542,41485.07198570,43904.68652305,48399.82511838,47363.39059279,42847.13737720
2020-08-08,47667,41475.36956756,39649.62105416,41427.61315847,43105.74605218,43104.08179836,38223.17167836
2020-08-09,44699,40059.70846008,36050.06699020,36450.70167677,39820.34223879,38473.62898027,35154.50851876
2020-08-10,40033,42486.55607289,42094.74670585,43129.44227655,45739.09071832,44331.99606617,41018.11936607
2020-08-11,43139,43497.74257823,45390.61376602,46529.53078040,46422.38639933,46251.78590695,44518.59285006
2020-08-12,41957,42992.14932556,44849.75327653,45642.95439917,47231.75115714,44505.81198318,41686.36413323
2020-08-13,34296,39351.87790635,41290.55098132,40418.25324304,40826.65872049,39857.48579462,39587.64370515
2020-08-14,30322,34902.65728286,35323.87444810,32442.56969431,29110.23873401,30734.97282281,31523.51488735
2020-08-15,30834,34801.53863232,32983.40732495,28911.15177430,26880.09315953,28173.80837751,28509.21487145
2020-08-16,32727,36621.67434193,32615.95688728,29696.98387275,29974.99780893,29041.87612679,22651.55204199
2020-08-17,32065,34700.41998179,34317.49735511,32318.44905835,31386.51646694,31735.18859308,27302.54392233
2020-08-18,39694,35812.72513766,37714.36765360,37071.91641428,35782.80563848,38736.55747364,38289.74669685
2020-08-19,20690,34397.06403019,36264.47801922,32180.13400572,30168.12152965,29048.51572668,27104.70690104
2020-08-20,42900,36925.03029353,38866.47326161,39406.64839051,38152.74641537,36779.29945538,36633.70661398
2020-08-21,35563,36520.55569140,36939.92626124,37665.48129279,33492.49052792,28850.02514430,30501.05102711
2020-08-22,44600,35003.77593339,33185.41380160,34181.49185491,32368.03844641,30368.11561741,30898.38390407
2020-08-23,37229,33992.58942805,29989.87269092,30560.77249285,29178.93607864,30591.30862853,29407.32302232
2020-08-24,31659,33082.52157325,32701.44554196,32041.03102073,33922.60233376,37074.72759860,34820.38605369
2020-08-25,27213,33891.47077752,35795.30612549,33864.76034861,34142.37540881,28967.82212820,26518.41882190
2020-08-26,41188,34295.94537966,36163.47478090,37710.07476284,34714.57490661,32346.03339388,32515.58237528
2020-08-27,23767,31363.50451418,33311.29515394,31805.62450553,29947.87277120,32088.84040995,32348.00532451
2020-08-28,27689,31161.26721311,31586.75463021,30086.51860751,30883.68162855,31227.09749645,29989.13504583
2020-08-29,29091,29341.13150350,27529.23245560,27084.17241417,24998.11635625,25169.51965874,25302.37124593
2020-08-30,35248,30150.08070777,26151.74963471,27557.84163409,24714.54162668,26536.32367942,28332.73126891
2020-08-31,39872,29138.89420243,28762.31924743,30187.74662233,29829.65428455,34450.22148787,33943.07713376
2020-09-01,36669,29138.89420243,31048.15392439,31479.14601532,33688.83490321,39046.79198328,39962.64563177
2020-09-02,31809,30251.19935830,32123.34524804,31677.41519186,33723.96103179,36451.33912973,38624.07759228
2020-09-03,30832,33689.23347645,35634.36963533,32412.57784214,33192.45531311,33633.62252292,34533.07876304
2020-09-04,35992,31161.26721311,31586.75463021,31035.24594368,30497.08688218,33484.45326878,35677.78026287
2020-09-05,42640,29543.36880457,27731.23893224,28741.27434216,28387.90090288,32388.22309068,35094.91849205
2020-09-06,39964,29240.01285297,25242.72048982,25712.50422314,27742.29917560,34298.95273673,34289.54162816
2020-09-07,32954,30554.55530990,30176.36458393,28949.36254799,30885.02983421,34257.35044348,34874.68769726
2020-09-08,38508,35206.01323446,37108.34822367,35027.53539084,36774.58315534,42458.28200705,41700.02802543
2020-09-09,39425,33689.23347645,35557.45535097,34838.08053125,35478.11021695,42341.53516002,42163.25056053
2020-09-10,40273,29138.89420243,31089.22391087,32774.09258903,33612.34335210,39068.16741900,40599.28864679
2020-09-11,38358,29138.89420243,29566.68986378,30491.66293862,32553.20306351,34973.18497973,34737.56392595
2020-09-12,47615,31464.62316471,29650.30046035,30797.84619163,32208.37256903,37872.67510298,37031.60210208
2020-09-13,47141,33486.99617539,29484.85649931,29324.75674539,32834.77694262,36473.35048982,36696.62474211
2020-09-14,31631,33992.58942805,33610.47468686,33361.54054360,38763.01374399,41443.17505167,40850.07699900
2020-09-15,43592,36925.03029353,38825.40327513,38898.94364893,43390.50681222,43020.68645881,42782.64961153
2020-09-16,43355,35104.89458393,36971.50068747,36768.84947346,37812.95525594,37090.56173908,37735.39720015
2020-09-17,42033,31161.26721311,33109.28867729,34104.91742623,34691.17559297,36096.39917415,38788.15554994
2020-09-18,42106,30756.79261097,31182.74167692,32040.77932046,32791.85546700,35536.72891413,38127.06507154
2020-09-19,51764,32678.04697111,30862.33932021,31414.66990192,32958.43994472,33252.76432830,35436.71643743
2020-09-20,47835,32981.40292272,28979.84030771,28573.19751002,30948.89889306,32029.51870453,33794.74604132
2020-09-21,38776,31666.86046578,31287.40020546,30251.56189454,34904.47030883,36174.83673815,36161.94081782
2020-09-22,46181,33486.99617539,35391.29317221,35596.97849352,39588.42996875,38437.07320744,38777.80361537
2020-09-23,30731,31464.62316471,33335.38410790,30941.79780591,30463.47155283,32226.99875025,33752.76449402
2020-09-24,32999,26610.92793909,28564.14295283,27926.26925998,30610.12683525,34580.87839794,35231.08723114
2020-09-25,30833,25700.86008428,26132.57976085,26584.12714310,25320.88035925,25614.35457942,27975.50332479
2020-09-26,34352,24993.02953055,23186.09320778,24258.22396820,21961.09200417,23753.39532226,27601.14533247
2020-09-27,26694,26307.57198748,22313.62657850,20860.92987069,18925.71322239,18775.96559874,22740.63830932
2020-09-28,33146,28127.70769709,27752.28686422,28482.77127155,30000.80768901,34757.05736104,35836.58941935
2020-09-29,32116,28936.65690136,30846.14744774,27500.68996693,26693.62314377,27594.07158510,30993.11171557
2020-09-30,27200,29138.89420243,31012.30962651,28094.23310090,29888.96602590,31400.50048587,33527.09595941
2020-10-01,34441,28127.70769709,30079.19152765,28707.39174184,27621.52643842,32926.68911724,34612.56652499
2020-10-02,12207,27925.47039603,28354.65100392,25373.43080355,23837.67270093,20432.63396660,22108.57891098
2020-10-03,21909,29037.77555190,27226.22274064,23811.27769006,21132.50608733,18891.54263169,19938.16234725
2020-10-04,8779,25599.74143375,21606.60391025,18593.56852336,16649.56730132,14040.40619908,17629.37298915
2020-10-05,25748,27925.47039603,27550.28038757,25311.74274330,27127.73498092,29186.15029742,30921.61388528
2020-10-06,30723,28026.58904656,29937.11830285,28138.19218041,27902.08670331,29443.35566834,30183.63412757
2020-10-07,34225,27318.75849282,29194.25133672,29046.26651980,28616.53478909,33188.82144033,36038.33179011
2020-10-08,29150,29240.01285297,31190.22714919,28253.43623209,30248.93937054,30605.28246852,30768.50753788
2020-10-09,29389,24790.79222948,25223.55061596,23689.13395596,26265.93866121,29042.38003271,30156.18751639
2020-10-10,34838,24285.19897681,22479.07053953,21506.40610879,23411.17357338,29478.64079241,30137.71073362
2020-10-11,34123,24993.02953055,21000.58448032,19839.45464448,21177.51945633,29431.45923222,31246.53994914
2020-10-12,21308,24790.79222948,24419.17999961,22355.74755149,23680.21084063,26463.21779650,28626.76089167
2020-10-13,20948,24689.67357894,26604.01143825,23706.76625264,21474.78481476,21152.85981090,25739.54178925
2020-10-14,29591,25700.86008428,27578.19952358,26124.52335372,26712.60213764,28629.31530378,31244.63558823
2020-10-15,30112,24993.02953055,26948.09113969,25670.65379802,25582.12176392,30370.96894600,33262.79468810
2020-10-16,33858,24993.02953055,25425.55709260,24114.90891573,23621.62660338,30804.82799953,32913.35378256
2020-10-17,34167,25498.62278321,23691.10939939,21558.03055498,19391.58983902,24237.92663365,29047.28358268
2020-10-18,31540,25599.74143375,21606.60391025,19582.66723553,18519.09437263,24455.06368999,28267.31557199
2020-10-19,29221,27015.40254122,26641.25124268,26817.22954093,26150.30409098,28775.63749761,31168.73199384
2020-10-20,32568,29846.72475617,31755.17659264,30476.42590609,30613.46059565,32875.72093576,34720.60943917
2020-10-21,17842,29745.60610563,31618.32905643,27675.96018792,25447.43295921,25153.36785223,26277.77570166
2020-10-22,31992,28532.18229923,30483.20448094,29074.48514930,27521.96911779,31402.10650249,34220.78534264
2020-10-23,32333,27925.47039603,28354.65100392,26221.22969969,26127.83694332,28739.96544524,31162.33188914
2020-10-24,26255,27520.99579389,25711.17416581,23777.02566433,24981.25236041,24538.12383384,25274.93765634
2020-10-25,27462,25599.74143375,21606.60391025,20147.86649963,18583.03122947,23171.91227245,25471.83284242
2020-10-26,29578,24689.67357894,24318.17676129,23121.86593977,24114.08094855,27785.55100524,29624.60384380
2020-10-27,21496,24689.67357894,26604.01143825,24191.22276473,25801.60818782,26082.41113593,27828.19709958
2020-10-28,27747,24891.91088001,26770.17361701,26177.57837094,26891.47686301,27512.73048363,28721.76177166
2020-10-29,21958,26712.04658962,28665.14619115,26413.28041557,27465.16364829,27378.00898552,28243.49813340
2020-10-30,29425,30554.55530990,30980.73520028,28001.76620806,24702.79407420,25849.22375069,29979.38346459
2020-10-31,23300,28532.18229923,26721.20654903,24836.05899900,23545.79929433,22121.96640946,23486.03944994
2020-11-01,25625,29745.60610563,25747.73668142,23678.43851402,23845.53528555,21706.94073030,22739.50383239
2020-11-02,27663,29442.25015403,29065.32896239,28838.11879364,29074.35750297,26486.45258581,27268.44800752
2020-11-03,28623,22768.41921880,24684.94991014,24456.00503566,23330.73358237,25397.49507608,28238.96904289
2020-11-04,36971,21150.52081026,23033.05379912,22327.78637188,26521.06432746,30750.74655349,30974.26999629
2020-11-05,19762,20644.92755759,22604.95189187,20604.09398366,24528.55091813,26602.61992624,28546.66080346
2020-11-06,21849,23172.89382094,23607.49880282,23068.55922228,25041.60878025,25176.26647134,26440.34620709
2020-11-07,40469,24993.02953055,23186.09320778,20988.14251163,23729.71435035,25176.04148690,26924.83858740
2020-11-08,31318,27723.23309496,23727.67191500,20026.25955642,19584.83950945,20671.63755387,25288.78567571
2020-11-09,19955,28734.41960030,28358.30629414,24168.66057388,23208.97608923,23856.88705134,28303.95145036
2020-11-10,24860,27824.35174549,29735.11182621,26501.27594043,25835.36985303,28523.25419797,32305.96580487
2020-11-11,23661,26813.16524015,28689.23514511,25852.23903600,24497.60154741,25756.13056601,29969.67846409
2020-11-12,25865,26004.21603588,27958.12352290,27173.77226876,25107.18306694,28448.44757179,31294.86579027
2020-11-13,25767,25903.09738535,26334.58623750,25051.89036653,23148.89900812,28152.18586531,31327.34015664
2020-11-14,15491,27824.35174549,26014.18388078,23436.68223581,22572.91865208,21598.31176155,23858.54725437
2020-11-15,22687,26509.80928855,22515.63305514,20761.87694237,20923.47022652,17858.39711010,18172.16061173
2020-11-16,19152,25498.62278321,25126.20266786,23876.23844269,23474.77341121,25608.03532347,27608.07387918
2020-11-17,23524,28532.18229923,30442.13449446,28465.85196771,25444.80382689,27375.25621640,31144.81783425
2020-11-18,23011,27723.23309496,29598.26429001,28928.90341517,29071.24156937,29808.40046827,30782.01207731
2020-11-19,20455,22869.53786934,24827.02313494,25025.20459709,23807.70838527,26399.02467191,28267.87501834
2020-11-20,18225,21251.63946079,21688.43727471,19861.40315660,23154.89377074,24016.26745025,24953.84510587
2020-11-21,35358,26408.69063802,24600.13854428,23786.89603800,20318.59365246,25428.29526201,28535.25941746
2020-11-22,35315,23678.48707361,19687.54238214,18495.00841022,18665.23592765,24497.98084454,26054.93968949
2020-11-23,21680,20948.28350919,20581.05694340,19191.33118870,21433.11842193,24414.82164136,26021.48212073
2020-11-24,22773,25195.26683161,27109.02762985,25487.79557620,24032.60780456,28675.19886602,31903.49551352
2020-11-25,22103,24790.79222948,26669.17037869,24137.88612674,24856.34570609,27387.28149320,29672.29441198
2020-11-26,23694,20746.04620813,22705.95513019,20948.18843556,20979.53374263,23360.80087016,27425.94615766
2020-11-27,23667,18420.31724585,18860.34660171,16565.06453627,17564.00143022,18073.64246715,22584.19887505
2020-11-28,34416,23981.84302521,22176.06082457,19424.46697688,19216.76073636,19490.46026164,23812.16690495
2020-11-29,27107,22667.30056827,18677.50999893,15578.89177923,13086.08479681,13938.10083670,20394.04010127
2020-11-30,19199,22566.18191773,22197.10875654,19731.16317037,20294.66748100,19186.96595988,22422.38213236
2020-12-01,22282,20543.80890706,22462.87866707,22336.06285463,21452.84815770,26970.57691250,26064.82576421
2020-12-02,24615,19633.74105225,21518.00522430,20234.59416979,19720.85955226,22347.06681939,23333.66635397
2020-12-03,14619,20543.80890706,22503.94865355,20280.18521975,19513.41277513,17875.68379871,18834.06071090
2020-12-04,22624,18925.91049852,19365.36279332,18124.05129179,16451.87595632,13965.19770181,15968.93229277
2020-12-05,31470,19937.09700385,18135.93129171,17550.05913462,17109.76789782,21894.83338561,21309.05653543
2020-12-06,20583,18015.84264371,14031.36103614,12467.53043367,12956.50091666,15254.42148071,15908.50819950
2020-12-07,19778,15791.23233197,15429.89178901,13370.39887142,11185.76860643,12124.72005571,16692.13563534
2020-12-08,21625,16802.41883731,18725.75884918,16770.48737527,16925.52498216,17671.89978348,19874.59790621
2020-12-09,23013,20543.80890706,22427.03436919,20606.37635649,19378.24904918,20272.13267351,21816.58248587
2020-12-10,23516,21251.63946079,23210.97132180,21740.11904694,18848.51839022,20538.68701698,22478.72046792
2020-12-11,24943,23779.60572414,24213.51823275,20773.01732497,19294.85978471,17696.34992029,19495.73047303
2020-12-12,29258,22869.53786934,21065.02520303,18909.50946246,16817.19854835,18423.68579725,19828.96364450
2020-12-13,13220,21757.23271346,17768.48085403,15045.62408850,18853.41650207,17838.47341809,15098.76873805
2020-12-14,15959,25700.86008428,25328.20914450,23070.68643425,21317.57042538,20000.50665870,19384.95789711
2020-12-15,26241,23779.60572414,25694.98229335,23476.28388197,23564.90168849,25365.02200256,24614.74582615
2020-12-16,17574,24082.96167574,25962.14771044,24111.13614779,22253.63953252,25384.71615746,25751.53310406
2020-12-17,22945,23880.72437467,25837.05551815,23984.92637939,23459.27714598,26448.96661840,25631.51543030
2020-12-18,18542,26509.80928855,26940.60566742,24633.61745354,21086.33848346,23067.45105558,24037.97218939
2020-12-19,16643,25498.62278321,23691.10939939,22446.20082713,20924.51067919,21368.90838350,20385.14342026
2020-12-20,17397,23071.77517040,19081.52295221,18206.78224308,17171.77336068,21873.32769033,20332.68907058
2020-12-21,11190,25700.86008428,25328.20914450,22061.40203407,23500.53836836,23735.51210812,20957.20852907
2020-12-22,14805,25801.97873482,27715.04705978,25231.00816724,26008.98541499,27230.59758637,24903.72163639
2020-12-23,13215,26206.45333695,28083.21571519,24716.21397271,23639.65334756,23551.82092734,23593.17445920
2020-12-24,15630,19937.09700385,21897.92922362,21546.25702888,21345.34188197,23149.87810698,21943.08050676
2020-12-25,17741,17308.01208998,17749.31098018,18310.90407825,17304.68397489,23218.07243036,22289.64076549
2020-12-26,12557,21352.75811133,19549.97662821,18410.98661265,21414.40870415,21859.88563938,18212.10768400
2020-12-27,17726,21453.87676186,17465.47113907,16960.45118129,19547.60207357,14939.78433778,11537.21496603
2020-12-28,12631,17409.13074051,17045.94360215,15181.92919731,14512.49929214,15378.48067828,17804.62847734
2020-12-29,14666,17611.36804158,19533.78475575,18211.17327031,16246.56763673,17087.35188219,19672.96420671
2020-12-30,17079,17105.77478891,18992.92426626,18010.91028120,17934.32150070,21120.95895853,21945.06965505
2020-12-31,15004,14982.28312770,16948.77054587,15464.78627926,13533.01546017,14793.13131079,18659.88118168
2021-01-01,10986,16903.53748784,17345.29802689,15339.85691834,15397.62349267,15662.93786223,17563.23394242
2021-01-02,17564,17914.72399318,16115.86652528,15129.20714523,14300.59686290,19034.07405419,19971.29375237
2021-01-03,13621,18420.31724585,14435.37398943,12935.55228114,13264.46138626,15194.30677983,15577.89788957
2021-01-04,10374,18723.67319745,18358.98570033,17515.47414375,16162.68523162,17941.48001418,18533.64281268
2021-01-05,9567,18319.19859531,20240.80742400,19327.95040144,17284.50682507,19699.07374274,21141.78195011
2021-01-06,12387,18521.43589638,20406.96960276,19376.47995931,18195.68431060,22182.43874349,23406.94627480
2021-01-07,12596,16195.70693410,18160.80940573,17333.12264576,16897.17142692,18115.51110959,20156.12884999
2021-01-08,11389,14881.16447716,15325.23326047,13625.50400907,11545.12863481,12755.28106159,16903.69923661
2021-01-09,19703,14780.04582663,12984.76613732,11648.38406533,13468.82136103,14934.92234582,15976.03919410
2021-01-10,13800,15892.35098250,11910.29303139,10126.48344045,10743.99218767,11043.62511887,12931.95680960
2021-01-11,11688,21251.63946079,20884.06665836,19860.27216036,19343.93170256,20730.93018552,20553.48379115
2021-01-12,11761,21251.63946079,23169.90133532,21797.61356947,23198.62662710,22447.97201672,20866.37179886
2021-01-13,8590,19937.09700385,21821.01493926,19631.83679723,20814.65912028,21158.55986155,21519.81771222
2021-01-14,6735,19431.50375119,21392.91303201,19119.28568922,18616.63136555,11948.72563597,14102.86456057
2021-01-15,13991,17206.89343944,17648.30774186,16432.69733807,15783.87544521,18729.05218439,20282.52730777
2021-01-16,12300,19027.02914905,17226.90214682,15866.20722769,17039.54595576,16182.21314717,15891.29111353
2021-01-17,24898,20644.92755759,16657.44523250,16629.97812645,14855.58219931,18384.92388624,18615.10857439
2021-01-18,12990,20038.21565439,19672.02779851,18173.60698589,19507.60941574,20982.51424607,20410.85663385
2021-01-19,12767,25700.86008428,27614.04382146,25674.15554747,23951.37096366,25275.81782046,24957.94830264
2021-01-20,9220,25296.38548215,27174.18657029,25313.34481018,22045.28902192,22571.80404831,23548.88060159
2021-01-21,15096,21352.75811133,23311.97456012,24082.59661120,24343.35234169,24853.79620081,22393.99690613
2021-01-22,16864,18925.91049852,19365.36279332,19355.37826000,20881.31013784,26087.54445829,23998.34893422
2021-01-23,24467,16903.53748784,15105.83414207,14110.54518657,13269.68244216,16470.27975528,17771.49504157
2021-01-24,6632,15791.23233197,11809.28979307,10710.93063670,10592.48227646,11272.61503549,12853.45609819
2021-01-25,13252,16701.30018677,16338.92093390,17153.56233072,17904.82324609,21392.20472659,20736.89886846
2021-01-26,10903,17712.48669211,19634.78799407,18736.93891425,19785.45542856,22657.26188934,22288.36284728
2021-01-27,12485,23071.77517040,24952.11532722,22002.44703694,21871.35885975,22068.50403258,23532.17016023
2021-01-28,13791,25397.50413268,27352.10409297,24786.23454925,24823.88471668,21960.45728262,20477.12860469
2021-01-29,14815,24689.67357894,25122.54737764,23405.59656806,21286.54796333,21454.43529704,21199.65324951
2021-01-30,7918,19431.50375119,17630.91510010,16354.41476317,18457.83944444,14474.52514509,13506.88231803
2021-01-31,16737,17712.48669211,13728.35132118,14402.54321446,12417.50274474,14153.32147012,15291.30264394
2021-02-01,12567,18521.43589638,18156.97922368,16766.72817592,14518.70203523,15873.36777721,18610.30324809
2021-02-02,14462,23678.48707361,25593.97905503,23455.16043812,25534.08184789,23211.45077956,22174.24156420
2021-02-03,13019,23577.36842307,25457.13151883,24530.34681662,23104.40913279,25303.73780009,25255.99516803
2021-02-04,11154,21453.87676186,23412.97779844,20712.52447046,20546.39246481,20960.31632796,22494.03439842
2021-02-05,19522,22869.53786934,23304.48908785,21329.77678643,21558.79069156,24427.35312199,24760.09856007
2021-02-06,19065,21150.52081026,19347.97015157,16915.37018869,15667.40468304,14730.82584381,16782.34427350
2021-02-07,6253,16094.58828357,12112.29950804,11541.35711239,12471.32213309,6729.84441631,8135.29540824
2021-02-08,6727,13768.85932129,13409.82702258,13896.65733055,11147.04095351,8702.81220405,12411.75612251
2021-02-09,7266,14577.80852556,16503.68760611,18324.34041088,16175.96805102,-18054.74752515,3567.14989190
2021-02-10,11726,14577.80852556,16467.84330823,19138.05060119,18221.55628090,-13670.81006278,5705.37172389
2021-02-11,11146,13667.74067076,15635.72844770,17531.72131759,16531.87115909,14888.54681680,17156.75176752
2021-02-12,11862,14577.80852556,15022.22354550,19153.56925449,16345.11464182,11253.67411159,14447.59220422
2021-02-13,15964,14173.33392343,12378.74670739,18122.36337937,15490.85495505,12975.74778466,14687.05059679
2021-02-14,14038,16903.53748784,12920.32541461,17140.29473615,14446.88611164,-3697.83633146,2740.44312228
2021-02-15,13495,22667.30056827,22298.11199486,20297.30019031,23111.76765015,21817.27688470,19754.16846468
2021-02-16,12396,24082.96167574,25997.99200832,23882.81090959,21576.37512755,23291.24049132,24607.89861717
2021-02-17,12953,24790.79222948,26669.17037869,24904.94227087,23408.57643220,24142.25153251,24616.16643551
2021-02-18,16281,23476.24977254,25433.04256487,25898.81571633,23973.32589620,26507.13183700,26145.03918539
2021-02-19,17587,23274.01247147,23708.50204114,22807.08303408,24212.21857367,23048.06184800,21977.33182873
2021-02-20,39938,27925.47039603,26115.18711910,27474.75759237,25070.82473341,23803.65157523,24273.90229582
2021-02-21,33638,26914.28389069,22919.64600842,22743.82539011,21824.90604386,24147.00319613,24337.12706011
2021-02-22,13929,24689.67357894,24318.17676129,22173.13860361,22280.30132235,23632.04976349,23819.85573108
2021-02-23,21703,25801.97873482,27715.04705978,27895.51898371,27348.09793577,27409.62826235,27947.78770128
2021-02-24,22268,28329.94499816,30204.28371993,31437.55526270,29956.25749166,33626.18721328,31913.01648495
2021-02-25,18463,25498.62278321,27453.10733130,27996.69669766,25824.76323574,30898.79266045,29603.97367483
2021-02-26,29685,21453.87676186,21890.44375136,23537.07388494,26354.52566842,30697.45379685,28547.20773875
2021-02-27,52485,21554.99541240,19751.98310485,20350.68817268,23875.23229825,26640.69615810,24671.91475836
2021-02-28,31454,20341.57160599,16354.43551754,15315.09513868,19275.99632400,20122.46948293,18101.78301754
2021-03-01,18214,20543.80890706,20177.04399011,18541.63814919,17949.97639088,17584.22861187,19545.60954987
2021-03-02,19222,21049.40215973,22967.89485868,21250.72448168,22739.10618095,22243.22437276,22703.76649732
2021-03-03,12416,20139.33430492,22023.02141590,19391.48405289,17575.75002545,18353.25016662,21670.38307228
2021-03-04,15504,19835.97835332,21796.92598530,20677.33468888,18716.29681604,21866.09568818,23746.42635213
2021-03-05,20353,19027.02914905,19466.36603164,21536.37032023,19941.45836091,24036.53395502,23810.56433910
2021-03-06,30882,18521.43589638,16721.88595521,18465.47220091,17615.54863600,24480.66065790,23465.64261248
2021-03-07,28893,18218.07994478,14233.36751279,17596.57069826,16889.08810491,22364.07512186,21422.33740831
2021-03-08,18574,20341.57160599,19975.03751347,20921.67382191,22552.03942560,23133.66597807,21901.01687142
2021-03-09,25689,22667.30056827,24583.94667182,27018.64965626,29280.47530455,31942.83729426,30598.02546528
2021-03-10,11251,22970.65651987,24851.11208890,23757.66413740,24297.89842891,19986.52080552,19036.01280276
2021-03-11,16829,24588.55492841,26544.07818640,27766.21432699,25448.22095707,20439.57205593,21559.10326655
2021-03-12,18983,22566.18191773,23001.47937289,24496.11653544,24128.21051459,22374.49493153,22316.05548196
2021-03-13,24114,22060.58866506,20256.99929646,22192.27456024,20988.92419366,20295.81763897,20458.47461865
2021-03-14,21978,22869.53786934,18879.51647557,19759.20470766,19185.30237513,21133.16389036,21279.38492797
2021-03-15,16475,23577.36842307,23207.14113975,23454.70732150,22470.93213907,25702.77689212,25523.11637300
2021-03-16,18957,23476.24977254,25391.97257839,24220.34107055,25875.50174490,23411.36801505,22502.92624324
2021-03-17,18887,22060.58866506,23942.08294401,24052.00965482,23966.32061323,24622.46523965,24921.99132926
2021-03-18,16882,22161.70731560,24120.00046669,22515.61499371,20716.23521816,21430.22651358,23494.43019115
2021-03-19,26756,21959.47001453,22395.45994296,22916.00633607,22856.45401314,27343.40465250,29545.02755704
2021-03-20,34935,22161.70731560,20358.00253478,19851.67250769,20136.51446039,25365.39030824,24193.55504930
2021-03-21,32892,22465.06326720,18475.50352228,18806.72634810,18356.87459970,20442.67803759,21200.66028566
2021-03-22,25237,22465.06326720,22096.10551822,22475.47898300,24943.38623995,25971.40139706,26387.70502728
2021-03-23,24063,22566.18191773,24482.94343350,24999.14310006,28549.73111571,27470.84609172,26773.39212365
2021-03-24,23002,23375.13112200,25255.12504219,25093.67056903,27812.30221096,27361.48261980,26337.95928019
2021-03-25,20558,23981.84302521,25938.05875648,25156.63403944,27204.50824398,27695.06888241,27801.63320797
2021-03-26,17524,24386.31762734,24819.53766268,24694.66733274,25370.06312839,24944.25024324,23333.55464132
2021-03-27,40127,22566.18191773,20762.01548807,23226.43342767,22598.91469683,23012.77997607,24743.24926994
2021-03-28,23890,25903.09738535,21909.61362521,22229.80563154,19764.07884659,18653.62351352,19598.39220488
2021-03-29,34583,28127.70769709,27752.28686422,28886.48503162,33075.03742646,31529.13908463,29587.50311303
2021-03-30,50370,27925.47039603,29836.11506453,32719.40560136,37576.30485941,37218.36405355,34954.22875670
2021-03-31,40471,29442.25015403,31315.31934147,32881.05442528,35881.80250641,36183.11091130,33080.96652285
2021-04-01,36465,24689.67357894,26645.08142473,26677.12493065,26400.13391624,26135.19503313,28169.71344267
2021-04-02,39035,21959.47001453,22395.45994296,24934.57513642,23336.14982161,26692.58878421,26917.98410803
2021-04-03,33877,22161.70731560,20358.00253478,22960.26846023,20620.64992703,21083.26865404,22108.40998748
2021-04-04,47500,24082.96167574,20091.55533543,23060.72492241,26508.36769685,26644.05328851,25279.03060423
2021-04-05,26788,21251.63946079,20884.06665836,26844.52020958,25439.77554624,25926.73263720,26653.73380935
2021-04-06,22337,17914.72399318,19836.79447071,25561.57697113,24792.43632202,28560.44498592,29580.19771106
2021-04-07,24414,18319.19859531,20204.96312612,25733.09616872,25309.13305602,29578.16376582,29077.65031529
2021-04-08,27059,22869.53786934,24827.02313494,28799.92825375,29556.69936258,32872.03243722,31433.36111319
2021-04-09,30386,23678.48707361,24112.51499443,25616.64468996,26575.22617373,31821.56474447,31892.19550434
2021-04-10,23659,21352.75811133,19549.97662821,21216.79724514,19002.32249501,21193.35865458,22312.02089064
2021-04-11,31377,18925.91049852,14940.39018104,17482.02086118,19083.98482267,24109.82799253,24918.55154769
2021-04-12,28610,19431.50375119,19066.00836858,22548.27474756,23728.75769983,28830.07611700,29190.09811586
2021-04-13,29345,21049.40215973,22967.89485868,28557.94353895,29650.86060182,33633.42430213,31250.63807298
2021-04-14,30841,21858.35136400,23740.07646737,28168.01449584,27687.66015429,31660.26417116,31883.06373037
2021-04-15,26089,20038.21565439,21998.93246194,23545.57789708,26199.49264420,31491.93833303,30194.59016684
2021-04-16,33869,20847.16485866,21284.42432143,23894.78973391,26267.18588126,29314.26882663,30668.60994077
2021-04-17,43018,21352.75811133,19549.97662821,23517.96567754,26115.44433160,31245.69751907,32153.36543678
2021-04-18,36387,22869.53786934,18879.51647557,22867.80066020,25539.47578909,29981.07630639,30416.06337249
2021-04-19,30142,23678.48707361,23308.14437807,24202.51553348,29310.34122483,29631.79066671,29340.20475073
2021-04-20,35624,24487.43627788,26402.00496160,26833.67238149,30250.78023330,30054.23074248,31022.58083689
2021-04-21,30110,23678.48707361,25558.13475715,26610.41043684,28084.19129308,26991.35539842,27570.97899235
2021-04-22,32092,22161.70731560,24120.00046669,27037.20910650,29739.80039329,31533.76576371,33360.13266684
2021-04-23,34647,23071.77517040,23506.49556450,26801.97374708,28813.36057573,30601.28935304,32991.41904389
2021-04-24,45312,24386.31762734,22580.07377785,25665.59559336,28678.94076848,29919.01042375,30876.67464733
2021-04-25,29687,22869.53786934,18879.51647557,20788.67479584,21390.99817923,22370.16169372,23600.75243245
2021-04-26,26182,22363.94461667,21995.10227990,25764.80837172,26431.70180276,30251.61486932,30773.20002341
2021-04-27,30584,23375.13112200,25290.96934007,28074.86972338,31851.72785838,32136.68783108,33430.86049463
2021-04-28,21849,24487.43627788,26366.16066372,29908.17962820,28605.84238207,28485.93197275,27891.56951319
2021-04-29,27619,22869.53786934,24827.02313494,28174.17192564,26213.99427938,31449.53280610,32810.40143934
2021-04-30,28856,22667.30056827,23102.48261121,26091.72364356,26755.25889454,32044.52877553,33840.39963131
2021-05-01,34635,21757.23271346,19953.98958150,21301.29102054,23638.08219415,26464.35902280,28021.32784145
2021-05-02,30609,22869.53786934,18879.51647557,20990.53167587,22558.68587819,24830.18453993,26282.33589749
2021-05-03,21099,24588.55492841,24217.17352297,26027.66725643,26246.98206357,23428.30469349,24055.45890113
2021-05-04,22319,24588.55492841,26503.00819992,28247.60829759,26405.63559552,25768.04352956,27465.27858802
2021-05-05,22808,22060.58866506,23942.08294401,25465.00781506,27148.86833935,31913.98262791,33286.90049738
2021-05-06,27220,21757.23271346,23715.98751341,25358.04597882,26659.44482873,29391.20229899,30825.97391291
2021-05-07,31261,24285.19897681,24718.53442435,28347.33910553,29245.69325437,33448.11476279,35292.71782989
2021-05-08,22411,26813.16524015,25004.15149757,24799.93146157,27316.01248424,23340.86929136,18742.66412191
2021-05-09,34410,30959.02991204,26959.77554128,26737.73047273,26634.60390435,30288.61976763,30114.65403581
2021-05-10,26176,28835.53825083,28459.30953247,28751.74950653,27039.45855035,25254.38641332,28483.27425944
2021-05-11,30613,27622.11444442,29533.10534957,30657.65215746,32411.76811009,34654.98932995,34809.66057308
2021-05-12,31718,27723.23309496,29598.26429001,31290.62891158,30827.91892194,33988.58251214,36363.68460948
2021-05-13,24704,26509.80928855,28463.13971451,26895.86141595,25457.21376982,26854.30710123,27547.25549433
2021-05-14,31634,25094.14818108,25526.56033092,24257.14648760,22571.36035496,23481.08198611,24423.92467143
2021-05-15,28821,25397.50413268,23590.10616107,21355.23591909,20810.84575884,23873.34205818,25474.29534203
2021-05-16,17723,26408.69063802,22414.62981682,20720.56781051,20002.28172315,22346.60613972,25801.00936302
2021-05-17,21027,26408.69063802,26035.23181275,23985.60668534,24624.75081223,24862.89661055,24830.01976765
2021-05-18,27777,26408.69063802,28321.06648971,27820.40276678,29573.97849812,34281.91807900,36206.53915876
2021-05-19,29522,26914.28389069,28790.23838343,28436.94485630,30632.38952418,34722.98046098,34659.46906950
2021-05-20,27207,25903.09738535,27857.12028458,27293.94864093,27043.83395329,27485.79622160,27536.60977134
2021-05-21,21452,26813.16524015,27243.61538239,27139.45603352,24108.43209461,19773.71294286,22285.44194742
2021-05-22,30021,25700.86008428,23893.11587603,22609.56184286,21870.01850809,22689.71995722,22751.82933046
2021-05-23,22129,25397.50413268,21404.59743360,21175.46107611,20568.37083221,22883.34226729,25268.27597743
2021-05-24,21323,25599.74143375,25227.20590618,24543.30390265,23844.62432017,27657.05484556,31236.85217267
2021-05-25,29226,26004.21603588,27917.05353642,28099.25137544,29598.13856553,34218.40253098,32945.45441124
2021-05-26,32478,25700.86008428,27578.19952358,26992.50793787,28051.32319601,31974.34996765,34232.80105695
2021-05-27,37833,28329.94499816,30281.19800429,29758.92302972,31562.79441225,34126.46544749,38279.95802374
2021-05-28,32927,28835.53825083,29263.68014882,28853.80894279,29847.32993482,33160.43489237,36155.99231889
2021-05-29,49875,30048.96205724,28236.25512385,28846.89156142,30190.57803619,32724.81690789,34759.56458383
2021-05-30,47848,27824.35174549,23828.67515332,23176.16464082,26417.95702093,27937.82772820,31148.22575295
2021-05-31,53182,30251.19935830,29873.35486896,29955.83368062,34346.98003666,34159.33225097,36719.05573773
2021-06-01,46124,32273.57236898,34179.25431235,36009.62487141,38314.33941364,37819.24786682,41979.70973350
2021-06-02,46231,33790.35212699,35658.45858929,37382.41497554,39886.70739226,41047.53299993,43559.54376935
2021-06-03,47183,34801.53863232,36745.40525686,36157.24543713,36431.58575996,38377.64907189,42615.61552873
2021-06-04,22748,29745.60610563,30172.70929371,27166.65095313,25604.57811151,25888.05699059,25201.33931347
2021-06-05,56922,31666.86046578,29852.30693699,29245.42372706,32062.56580865,36914.72268026,38378.70220935
2021-06-06,41583,32172.45371845,28171.81440114,26526.94097488,27279.57146344,31031.53870044,32880.22731038
2021-06-07,39537,33385.87752485,33004.45525693,32629.22924038,32043.66128354,35971.10309575,41380.18426943
2021-06-08,44797,33486.99617539,35391.29317221,35475.86436550,37083.53436309,41149.99892779,45783.00055612
2021-06-09,46634,34295.94537966,36163.47478090,37326.54669077,38462.11796609,42111.25861988,46319.89002016
2021-06-10,44446,34397.06403019,36341.39230358,34478.08230944,35465.23722932,41004.55016277,40616.70872981
2021-06-11,44189,34700.41998179,35121.86797146,33349.05014277,33966.24544174,37567.50210562,38164.05239162
2021-06-12,56320,33486.99617539,31670.36522678,31603.84314074,31197.23919510,36150.15130344,38956.19682500
2021-06-13,48667,34194.82672912,30191.87916756,29957.07736444,33510.84699460,36243.63109137,38916.31794028
2021-06-14,41079,36116.08108926,35731.54269160,35682.40184882,37062.65323431,40689.66425370,44375.58373084
2021-06-15,44263,33082.52157325,34987.28021892,35734.52728615,35379.74378484,41025.04607777,44276.65432041
2021-06-16,44053,35711.60648713,37577.52011739,37400.23233666,40406.12046928,44023.54057912,45902.91932081
2021-06-17,30035,33992.58942805,35937.37935029,31668.52065356,29014.13300263,28799.04020906,28152.89848987
2021-06-18,19026,30251.19935830,30677.72548531,26242.79808421,23880.54325414,18971.80532338,16704.35968636
2021-06-19,35712,28835.53825083,27024.21626399,24031.44474640,22555.77792613,28208.31514667,29046.55842667
2021-06-20,28882,29543.36880457,25545.73020478,22182.82209007,21111.89648434,23292.35262839,24707.35317036
2021-06-21,20316,28026.58904656,27651.28362589,25312.68049915,22549.92671815,24068.92589800,27261.26285172
2021-06-22,35381,28633.30094976,30543.13773278,31111.11485202,29025.68353925,32850.28829981,35643.98141485
2021-06-23,42302,28936.65690136,30810.30314986,31463.36748579,34035.72009774,39558.56104480,42225.59590625
2021-06-24,40671,30756.79261097,32705.27572401,31577.95540240,33584.12563339,36506.66362180,40660.24335029
2021-06-25,39273,32172.45371845,32596.78701342,31004.25212616,29762.49839489,35454.66136111,37672.27099212
2021-06-26,50000,32374.69101951,30559.32960524,29352.91645802,29697.08122903,34031.73672783,39022.59651631
2021-06-27,29887,32374.69101951,28373.82087778,25115.81832633,25673.85190480,24166.96996922,25742.03535630
2021-06-28,28741,31767.97911631,31388.40344379,26740.18993778,25146.85936774,23029.08812027,24752.29957119
2021-06-29,31728,30655.67396044,32563.20249921,30120.58556881,27379.76602504,30159.41230119,32787.74054645
2021-06-30,36904,29341.13150350,31214.31610315,28681.49356470,26454.73546001,29983.65662560,32861.34609140
2021-07-01,41632,30554.55530990,32503.26924737,32565.17860287,33031.60285906,36478.17828307,41499.44901775
2021-07-02,42401,33385.87752485,33808.82587328,32589.98886061,34566.86560212,34092.59535950,38201.26298181
2021-07-03,39893,33588.11482592,31771.36846510,29021.01283214,27960.29557238,28453.93361956,28875.66043327
2021-07-04,32729,32678.04697111,28676.83059274,26410.51562610,26240.74675994,30709.79946238,31471.10379977
2021-07-05,30628,32071.33506791,31691.41315875,30739.76943002,30859.51447648,33995.45906701,37659.60481292
2021-07-06,24203,30756.79261097,32664.20573753,30222.45176468,29394.80416177,28108.09024407,28153.32711284
2021-07-07,38170,31767.97911631,33638.39382286,32216.30941767,32739.34465979,34305.54222169,34914.91700696
2021-07-08,38057,32273.57236898,34220.32429883,32197.59238023,33923.01445611,37258.81169927,38180.09457730
2021-07-09,39294,33284.75887432,33707.82263496,31014.56744049,32434.43829164,33712.57753793,34769.13530533
2021-07-10,40202,31464.62316471,29650.30046035,27830.55005512,25998.94877976,33496.53101026,34133.61907763
2021-07-11,41740,32172.45371845,28171.81440114,25961.74171078,26069.99164078,30318.54908316,32658.34019648
2021-07-12,26224,32374.69101951,31994.42287371,28724.01389722,30091.78250496,32654.37517305,33422.67711134
2021-07-13,38763,33284.75887432,35189.28669556,32910.40647735,33957.49383847,36662.55081101,38469.14928297
2021-07-14,41459,32779.16562165,34648.42620607,32649.58642423,34745.45201809,37221.08479034,35668.59701367
2021-07-15,38939,32678.04697111,34624.33725211,32827.09973173,32929.80612971,36291.15625898,36798.95597128
2021-07-16,43016,32981.40292272,33404.81291999,33131.25141331,36940.24961223,40274.07005412,36909.93767777
2021-07-17,52103,35307.13188499,33488.42351656,33255.76347430,36010.03909863,42835.58745239,42903.90597540
2021-07-18,46595,37430.62354620,33423.98279385,32934.19600010,36840.13817829,42502.29634344,41474.72877257
2021-07-19,38163,37026.14894407,36640.57183650,35145.82807536,37230.07153309,40162.60129761,41593.37064096
2021-07-20,39611,36014.96243873,37916.37413024,35600.23670172,39779.81534370,37949.51784782,38175.32125882
2021-07-21,44467,36925.03029353,38789.55897725,37391.29971884,39539.38189765,39553.86971438,42190.00827758
2021-07-22,46462,35307.13188499,37250.42144847,36141.74852836,38849.09984615,40360.51717897,42459.07309759
2021-07-23,43714,32576.92832058,33000.79996671,31209.86002958,31915.69888708,34206.01143143,37135.76693329
2021-07-24,36877,33385.87752485,31569.36198845,29200.80851247,30105.35503385,27917.00596697,27943.71115027
2021-07-25,18952,33790.35212699,29787.86621428,26259.34543640,26776.92655521,24177.80192092,20983.16830833
2021-07-26,35758,34397.06403019,34014.48764014,31629.32239869,32294.45860815,32961.70003900,34752.96316622
2021-07-27,36779,33992.58942805,35896.30936381,34269.41186453,33308.64534091,34574.53123288,36233.28676111
2021-07-28,26491,32374.69101951,34244.41325279,32363.23576879,31621.39844968,31129.42522991,32482.01823637
2021-07-29,41820,31970.21641738,33917.31458386,34818.91855314,35284.90596626,34757.99969101,37650.13116904
2021-07-30,27732,31262.38586364,31687.75786853,29401.14297124,28019.19147893,27505.32156815,28549.73293526
2021-07-31,35292,32273.57236898,30458.32636692,29069.37907012,28964.38532724,34245.56320815,34241.46628985
2021-08-01,34376,31464.62316471,27464.79173289,24925.70733166,24892.71834240,27994.33742290,29576.28420812
2021-08-02,34285,30756.79261097,30378.37106057,29839.40833184,29236.83375781,35535.15337336,36688.13753978
2021-08-03,38503,31767.97911631,33674.23812074,33986.36729182,34110.83687391,39556.78788077,39807.46331311
2021-08-04,44108,31767.97911631,33638.39382286,33851.35014596,35697.79817199,40415.93674923,41033.03951074
2021-08-05,32213,32172.45371845,34119.32106051,32418.69719242,34082.26453969,34469.69735262,37059.31131258
2021-08-06,29535,32981.40292272,33404.81291999,31576.95343704,32644.58819333,31579.06050783,30755.08004425
2021-08-07,24930,31161.26721311,29347.29074538,26757.89532339,27198.82435470,28485.47347928,26682.79637348
2021-08-08,25162,31363.50451418,27363.78849457,25873.49691198,26915.78831707,26992.68699486,26728.22615878
2021-08-09,21634,31161.26721311,30782.38401386,28268.67569096,31901.03890832,31037.51939804,29232.24236566
2021-08-10,40608,33385.87752485,35290.28993388,34405.08514546,36018.42625871,39143.60559992,41198.74398875
2021-08-11,43110,33689.23347645,35557.45535097,35342.72273134,37286.18943957,38512.02998134,39821.70177169
2021-08-12,39308,34093.70807859,36038.38258861,34253.22647386,33368.88533570,36930.84171268,36456.16738298
2021-08-13,36992,32880.28427218,33303.80968167,31878.80100125,32716.73499769,31275.69327117,31223.51202096
2021-08-14,45257,34498.18268072,32680.39760999,31815.07757926,33058.01359756,31665.76103717,32852.89455943
2021-08-15,38207,33891.47077752,29888.86945260,29227.57932877,30752.05884419,28849.13222198,29838.70998664
2021-08-16,33358,31060.14856257,30681.38077554,30104.63554343,28831.36238505,26742.49485927,28045.85176269
2021-08-17,33521,30251.19935830,32159.18954592,30217.76298543,30501.75975065,31327.96662321,30601.22561350
2021-08-18,38937,33891.47077752,35759.46182761,35203.29842701,35652.67193163,38389.83970258,37291.73772707
2021-08-19,38045,33385.87752485,35331.35992036,35155.01814307,34502.99098916,37009.60575767,38515.45572561
2021-08-20,37250,33689.23347645,34111.83558824,32330.38818411,32142.34017366,35286.34802237,36181.69057991
2021-08-21,33274,32981.40292272,31165.34903517,28430.00134495,27095.22683749,31155.32534354,31592.01425960
2021-08-22,33765,32880.28427218,28878.83706939,25544.40655364,26725.13864889,27701.88264532,25040.62835535
2021-08-23,35664,32273.57236898,31893.41963539,30297.55980564,30524.23925805,32915.07695939,32880.66002100
2021-08-24,39535,32071.33506791,33977.24783571,33464.35267127,35945.97978960,37212.98242302,36400.88873051
2021-08-25,40758,32273.57236898,34143.41001447,33189.91122109,34806.01144474,39083.56304389,38136.40961198
2021-08-26,37222,31363.50451418,33311.29515394,32794.72321770,30179.18731701,32192.09240448,33182.94279590
2021-08-27,38114,30857.91126151,31283.74491524,30992.06130013,31206.48938025,34006.44145937,34640.94689810
2021-08-28,39107,30756.79261097,28943.27779210,27541.38613213,29277.34842458,30827.03418931,29953.11010237
2021-08-29,37065,30150.08070777,26151.74963471,25397.97301772,25711.53366775,29272.72414111,29774.29569508
2021-08-30,32858,30857.91126151,30479.37429889,28790.69031150,25906.88780691,29610.72289728,30397.76964750
2021-08-31,34433,31060.14856257,32967.21545249,31173.99236839,29725.89877698,32746.80180026,33714.83848136
2021-09-01,37354,31363.50451418,33234.38086958,32535.52940234,31336.41286756,33907.97314645,36289.34244620
2021-09-02,38823,31869.09776684,33816.31134554,33304.05419703,32518.52347626,33296.42257814,36018.35658992
2021-09-03,39325,32374.69101951,32798.79349006,32398.94011010,33058.88915094,32534.55312431,34046.49793686
2021-09-04,41087,31262.38586364,29448.29398371,27707.56041540,27503.61671756,28625.26589136,30915.03877213
2021-09-05,45034,33284.75887432,29282.85002267,27566.72637739,31645.95687633,30886.36352244,31845.06076779
2021-09-06,41408,34498.18268072,34115.49087846,32659.73024272,37130.17533465,36125.83866163,36487.02396331
2021-09-07,46829,36014.96243873,37916.37413024,38204.19045418,41542.05404370,38551.67706092,39673.17569032
2021-09-08,45732,36621.67434193,38486.54926229,39003.34149157,40669.81302921,36468.52980658,38965.41981472
2021-09-09,40853,34801.53863232,36745.40525686,34078.11957276,35544.66382683,37086.79454353,38355.97155895
2021-09-10,37388,34194.82672912,34616.85177985,31890.99182728,31026.45923249,35789.72623505,37683.31223419
2021-09-11,45797,34397.06403019,32579.39437167,31410.42606334,31318.71717443,31755.30791944,33329.71989415
2021-09-12,40890,32172.45371845,28171.81440114,28384.02427120,28567.86650823,33432.94747262,35306.91333500
2021-09-13,38389,31363.50451418,30984.39049050,30006.52037096,30762.97143062,33908.61005641,36004.20668693
2021-09-14,22871,32273.57236898,34179.25431235,30075.03259838,27727.75830962,26458.16334791,28102.90594897
2021-09-15,41485,31666.86046578,33537.39058454,31367.57276568,30392.18598604,34779.98122642,37669.62438232
2021-09-16,43332,31565.74181524,33513.30163058,31787.31432922,36000.75963056,37476.17071909,38106.39457769
2021-09-17,41465,32273.57236898,32697.79025174,30985.00419400,31599.38263716,33415.61706517,36516.78363479
2021-09-18,51300,33486.99617539,31670.36522678,30675.30149258,32729.62274008,33799.46801018,35388.29103631
2021-09-19,30864,32779.16562165,28777.83383106,25846.25411785,26515.54489385,22265.97077170,18713.95987005
2021-09-20,37699,30655.67396044,30277.36782225,27194.14544753,27400.53390960,28917.56200484,30765.98243309
2021-09-21,44749,30756.79261097,32664.20573753,31191.36478885,33749.52528097,36733.28766887,39173.41773604
2021-09-22,46175,31060.14856257,32931.37115461,31725.28861465,35749.41479163,36884.91929878,37923.67221976
2021-09-23,42853,31767.97911631,33715.30810722,32435.13185703,36197.94940952,38892.85798490,38532.11813974
2021-09-24,46203,32576.92832058,33000.79996671,31189.67434158,35440.16856214,35737.10521827,35891.70756922
2021-09-25,48507,31970.21641738,30155.31665196,26180.01241807,25282.63613301,28084.93294759,31580.00322193
2021-09-26,45163,32475.80967005,28474.82411610,25540.65553025,27131.55360133,27990.31459971,29328.92963153
2021-09-27,32180,31262.38586364,30883.38725218,30187.25380714,27449.54517159,28859.55705681,32164.58736508
2021-09-28,32558,29037.77555190,30947.15068607,29722.05340317,30741.51784503,34009.71451614,35058.66167002
2021-09-29,39910,26914.28389069,28790.23838343,28820.47292837,28207.76832827,31408.37244415,33440.44008011
2021-09-30,34095,27419.87714336,29372.16885940,28216.37093882,29926.29233329,31493.00023432,31769.10076457
2021-10-01,34223,29947.84340670,30374.71577035,28944.86700913,28308.61414617,29740.67765087,30040.73904994
2021-10-02,17712,27116.52119176,25307.16121253,23006.21849680,26605.92685819,24167.08602319,21557.85354242
2021-10-03,33745,28228.82634763,24232.68810660,23220.28704022,23545.17458167,26617.61733070,28133.47161163
2021-10-04,30988,28329.94499816,27954.29334086,26607.37779892,28033.36482681,30110.16608121,31711.10915231
2021-10-05,34936,28026.58904656,29937.11830285,28703.39144451,26380.04186546,24890.23588995,25886.85999891
2021-10-06,40846,27622.11444442,29497.26105168,30179.47831554,30536.82927106,32973.67789062,34581.99699952
2021-10-07,38372,30048.96205724,31998.25305576,29007.80873501,28658.04281640,32886.59196806,35258.44247681
2021-10-08,37527,30857.91126151,31283.74491524,27399.00883550,26007.42264252,28930.63647225,32751.27068155
2021-10-09,47877,27925.47039603,26115.18711910,24144.11907178,27965.97181878,28756.62911473,30373.75314473
2021-10-10,36634,27925.47039603,23929.67839164,21299.83341234,24234.92155790,26948.27531042,27545.43733598
2021-10-11,36683,26004.21603588,25631.21885947,24910.39731011,27234.22672785,31400.42768271,32576.79093607
2021-10-12,38469,27015.40254122,28927.08591964,27200.27297376,28793.61437562,33586.89695513,34360.68355906
2021-10-13,40259,25801.97873482,27679.20276190,25802.49010151,29741.36133077,33313.88336148,34289.57987549
2021-10-14,40669,28633.30094976,30584.20771926,28691.89483308,28893.39755878,30835.20214187,33532.51787623
2021-10-15,38265,27520.99579389,27950.63805064,27832.33371658,27023.99474578,31094.64834492,33106.43020267
2021-10-16,35598,26004.21603588,24196.12559099,22572.00373439,24031.57478058,27882.49536705,29059.88412957
2021-10-17,34702,28127.70769709,24131.68486828,21745.79406011,22137.46140036,24424.28937903,26552.90522980
2021-10-18,30787,28835.53825083,28459.30953247,24936.65447387,25977.20943242,27077.70389541,29519.17942268
2021-10-19,35833,33284.75887432,35189.28669556,32062.60758120,30751.19635881,26361.35568177,30078.31831072
2021-10-20,34344,31060.14856257,32931.37115461,30695.81852647,28908.91629340,26462.33193567,29238.30309122
2021-10-21,35898,24184.08032627,26140.06523312,26632.06477540,25338.65429781,22849.85330677,25049.59055075
2021-10-22,35381,24184.08032627,24617.53118603,24490.93494101,25463.53926111,27113.79207335,28792.70650538
2021-10-23,38578,26105.33468642,24297.12882932,23864.82552247,22668.98934975,28440.22261524,30938.23676997
2021-10-24,35165,28026.58904656,24030.68162996,24570.85262476,21607.16040582,25041.27741652,28708.29151667
2021-10-25,34018,27824.35174549,27449.27714925,25290.61929945,26048.09414087,27097.54142044,29438.59529749
2021-10-26,38446,27925.47039603,29836.11506453,27430.75534444,28923.87187445,29118.10522324,31003.88813388
2021-10-27,39679,30554.55530990,32426.35496300,31458.18589136,29325.63767618,32262.92333118,34503.59827117
2021-10-28,40598,28936.65690136,30887.21743422,29239.72167672,28458.32341948,31513.69916780,33987.11136705
2021-10-29,30864,28633.30094976,29061.67367217,27600.42077487,25285.08032953,27763.77399105,30300.50210856
2021-10-30,36270,26813.16524015,25004.15149757,23427.30467733,23165.39235561,26425.02765830,28185.43623079
2021-10-31,27205,26509.80928855,22515.63305514,21367.44758247,22485.99383323,20193.08761155,19899.21767369
2021-11-01,32891,25195.26683161,24823.19295290,25569.02296744,25715.97506020,27730.08274171,28917.52903698
2021-11-02,34906,21656.11406293,23573.91428860,22608.79211301,26438.55621760,30073.68553427,30721.66438790
2021-11-03,34050,21453.87676186,23336.06351408,21422.24367927,22427.35628806,23781.23015707,27413.88379528
2021-11-04,33410,22465.06326720,24423.01018165,23547.89834944,22546.20824883,26564.30822465,29478.66058140
2021-11-05,33000,21757.23271346,22193.45346632,22510.41706430,23403.67992113,27266.79256925,28981.81511632
2021-11-06,33536,26004.21603588,24196.12559099,22814.23199044,21040.54595939,22136.29395952,25798.50432745
2021-11-07,29935,25195.26683161,21202.59095696,22606.76941266,20429.65635948,21280.47753696,24384.48946090
2021-11-08,30945,23172.89382094,22803.12818647,21775.54419381,23320.07503168,24479.38095684,26671.50953852
2021-11-09,35175,28026.58904656,29937.11830285,27936.33530037,27034.82029201,30724.26878500,33155.34566084
2021-11-10,29812,27217.63984229,29093.24809840,25654.13317936,23223.92018366,26453.18616956,31488.74402616
2021-11-11,35799,27419.87714336,29372.16885940,26641.88727454,25578.25425078,28440.56186884,32458.07546056
2021-11-12,29713,26914.28389069,27344.61862071,24839.22535697,25107.26122971,25674.68089270,27841.53196575
2021-11-13,35243,26813.16524015,25004.15149757,23931.94687742,21307.03295219,27812.59467100,30223.14548672
2021-11-14,28777,26712.04658962,22717.63953178,19976.51062193,18326.07434461,21744.27457606,25530.64935241
2021-11-15,31397,25498.62278321,25126.20266786,23593.63881064,20491.01095786,25453.83874278,29630.08280906
2021-11-16,34011,24588.55492841,26503.00819992,25684.02592114,24399.30945824,26048.86398706,29862.62476401
2021-11-17,35489,23880.72437467,25760.14123379,24856.13109223,25572.82303710,27785.07339909,30039.30878025
2021-11-18,36279,24993.02953055,26948.09113969,25287.12572595,27213.75211249,30195.19944080,31295.77788799
2021-11-19,34745,26105.33468642,26536.59271414,24185.78129407,22276.81893095,27918.41954753,31344.52548788
2021-11-20,34225,25296.38548215,23489.10292274,22000.24017936,18739.82026109,23580.01725920,27734.21038194
2021-11-21,26609,21554.99541240,17566.47437739,17223.80288119,17917.95465182,22022.62505989,23402.50415464
2021-11-22,29800,20746.04620813,20379.05046676,19835.39769312,22635.66005166,25038.67394882,25836.13773517
2021-11-23,33569,19835.97835332,21755.85599882,20532.97233137,23309.32582789,25338.44717133,27501.95853753
2021-11-24,32899,20442.69025652,22326.03113087,20262.28190458,19878.44522524,21336.90540485,26313.92633940
2021-11-25,32745,19835.97835332,21796.92598530,22130.70422514,21229.28775031,24802.03373233,28015.22559271
2021-11-26,31557,19835.97835332,20274.39193821,20332.73108681,22700.16013981,23904.36832100,24188.32667622
2021-11-27,17221,18622.55454691,16822.88919353,15781.71345229,15170.86669668,11636.37999852,16636.88979087
2021-11-28,20482,16903.53748784,12920.32541461,14314.29841566,13615.95153952,16669.68411007,19351.23838881
2021-11-29,25340,16600.18153624,16237.91769558,16102.96879869,16276.37985572,16789.67696710,20798.54974022
2021-11-30,31487,24790.79222948,26705.01467657,25463.85886480,24685.16170405,27698.91834103,29423.73560592
2021-12-01,28836,23172.89382094,25053.11856554,25051.42368132,25494.42236139,26308.70429465,23822.59421576
2021-12-02,29801,17611.36804158,19574.85474223,21605.43139638,20404.48046165,24075.52900065,22943.97537217
2021-12-03,28765,20341.57160599,20779.40812982,18884.05032980,20225.85658249,20215.36007171,19812.00035524
2021-12-04,27591,20543.80890706,18741.95072164,18564.97006989,17560.05247464,16218.51128695,16403.68537095
2021-12-05,16162,20442.69025652,16455.43875586,15053.61895048,14199.91132133,13787.58866930,14211.13414025
2021-12-06,23307,19431.50375119,19066.00836858,17400.92430666,17405.99293257,17875.75862210,18378.56169289
2021-12-07,23088,19633.74105225,21553.84952218,20793.51076372,21473.23933252,19404.96709219,18593.49869741
2021-12-08,29512,21656.11406293,23538.06999072,25279.58559964,22458.24296845,21272.67447848,21380.97563956
2021-12-09,28773,21049.40215973,23008.96484516,23332.91288753,21144.07962964,23779.60200714,24040.50462055
2021-12-10,28211,21049.40215973,21486.43079807,21333.08286916,19368.71306581,17719.01988231,17867.31081897
2021-12-11,21616,20644.92755759,18842.95395996,17697.92324159,21230.32488070,22910.81373424,19880.52421886
2021-12-12,22333,27217.63984229,23222.65572339,20344.54178523,18124.91328587,21685.65530343,21520.98110555
2021-12-13,25050,25903.09738535,25530.21562115,23617.57552204,21142.69819365,26887.51321266,26721.06307162
2021-12-14,27602,26206.45333695,28119.06001307,25921.07258275,24047.85051886,27879.97911104,27905.93719881
2021-12-15,27925,26509.80928855,28386.22543015,26939.45292064,24470.97535270,30484.78286521,29578.80575897
2021-12-16,26696,25903.09738535,27857.12028458,26950.79194487,24235.00722232,30217.39082706,29695.94946079
2021-12-17,24646,22667.30056827,23102.48261121,20338.80256256,19064.02446957,19918.15530877,21465.32387010
2021-12-18,25580,23071.77517040,21267.03167967,18124.14314202,15048.24929333,15253.14142611,18552.28882210
2021-12-19,17205,19937.09700385,15950.42256425,13030.36137088,11936.94827176,12554.63482152,15158.91500800
2021-12-20,19404,21150.52081026,20783.06342004,20000.63422054,17668.42630347,22010.79983405,23043.49769873
2021-12-21,18680,19532.62240172,21452.84628386,21337.58658397,19858.59845098,24146.43622153,24406.90125631
2021-12-22,17034,17308.01208998,19194.93074290,19183.55569710,17930.19096282,20133.89313136,21454.36661453
2021-12-23,16372,22566.18191773,24524.01341998,21974.35244101,23365.76180021,22697.84827548,22102.73173938
2021-12-24,10173,23172.89382094,23607.49880282,20464.60546982,19351.77730008,19775.55141772,21432.71765922
2021-12-25,15060,21656.11406293,19852.98634317,17465.07254403,16527.41815183,13597.44694189,14583.07008099
2021-12-26,8239,22262.82596613,18273.49704564,15090.68424375,13606.42512131,10874.11940589,13038.91948077
2021-12-27,9164,24487.43627788,24116.17028465,20758.26493166,19565.92658057,19141.20263518,20343.23054718
2021-12-28,13856,25599.74143375,27513.04058314,25996.18879968,22385.45107529,22334.84932877,23397.16081815
2021-12-29,15437,25801.97873482,27679.20276190,25560.26184547,27657.24872897,27210.66467395,23966.87339717
2021-12-30,19340,29543.36880457,31493.23686415,28962.74857976,25253.04643549,27974.88305008,28263.01653409
2021-12-31,21744,28835.53825083,29263.68014882,27057.28271047,23697.06564269,26180.79854302,26304.35620901
2022-01-01,22811,28734.41960030,26923.21302567,24837.93451069,22937.70886879,23272.85844848,23151.73512027
2022-01-02,16698,26914.28389069,22919.64600842,21270.27016585,18729.60742975,19217.14704523,18658.58304716
2022-01-03,19055,24689.67357894,24318.17676129,23323.72281981,20382.00044526,21099.70209063,22048.48150956
2022-01-04,15300,20240.45295546,22159.86895211,21586.37913095,23046.97630925,25053.72081150,22779.99041612
2022-01-05,20432,18319.19859531,20204.96312612,21534.47306399,21823.96776259,24622.74226619,22763.15541493
2022-01-06,17946,17813.60534264,19776.86121887,19830.96636377,22440.08245664,23058.80583971,20454.56692021
2022-01-07,19742,19633.74105225,20072.38546157,20633.64089516,19860.54546238,23919.28981096,22221.57792434
2022-01-08,12182,20948.28350919,19145.96367493,17741.10788514,20397.77999271,19021.95654959,16449.60041430
2022-01-09,21845,19532.62240172,15546.40961096,15872.79235599,16680.37840869,18763.79165229,17007.65872176
2022-01-10,22074,19532.62240172,19167.01160690,17078.89105446,18214.37775315,19029.92303636,19207.06351275
2022-01-11,21343,23779.60572414,25694.98229335,22547.74223381,20886.04621691,21547.58579019,23474.16054834
2022-01-12,26147,19633.74105225,21518.00522430,20073.10866577,23206.94694127,25196.91662562,23793.38066631
2022-01-13,26386,19431.50375119,21392.91303201,20814.88348151,25751.30561311,27873.33576676,24060.69774040
2022-01-14,26073,18420.31724585,18860.34660171,18200.10526456,21983.38857019,23785.70198482,21289.80817888
2022-01-15,26347,18420.31724585,16620.88271689,14629.25372439,13466.01898275,14244.93421358,16958.30181255
2022-01-16,24162,20543.80890706,16556.44199418,14751.77138627,16030.94255059,17144.13857473,17181.09570199
2022-01-17,25676,19128.14779958,18762.99865361,18205.53855926,22202.37036801,24881.00257427,21924.91921502
2022-01-18,26971,17611.36804158,19533.78475575,17423.93143817,17694.19107784,18005.42362649,20062.89646879
2022-01-19,27576,20847.16485866,22730.04408415,22042.37347229,23806.65730889,24212.06592953,22579.87878992
2022-01-20,27210,17914.72399318,19877.86445719,21063.23108783,19789.59344343,23749.28548680,23797.03147408
2022-01-21,25198,17611.36804158,18052.32069514,18757.80248187,18436.18163807,22141.39685304,21407.69183839
2022-01-22,27996,19633.74105225,17832.92157675,17405.94605105,18363.24162246,20474.42473531,19937.67593070
2022-01-23,23731,20746.04620813,16758.44847082,17034.62964237,14144.99452132,18293.85736436,19244.10074421
2022-01-24,25096,19330.38510065,18965.00513026,19640.59791921,17145.58063863,18584.67136690,19857.56232661
2022-01-25,27184,17914.72399318,19836.79447071,19546.24194609,16972.35232691,17095.64671411,19652.38523227
2022-01-26,29065,20240.45295546,22124.02465422,22682.68895331,23723.26485774,22233.16470610,21278.90873341
2022-01-27,29718,22869.53786934,24827.02313494,24702.23358903,26497.73258766,28631.57092235,25378.40228702
2022-01-28,28182,21150.52081026,21587.43403639,20425.66466485,20941.46182366,22173.72394725,22208.05141614
2022-01-29,32087,25599.74143375,23792.11263771,24183.10775128,23976.14356623,23596.52474346,21556.83603704
2022-01-30,27463,20341.57160599,16354.43551754,17636.44925908,17382.71843623,16373.22831851,15862.92551297
2022-01-31,26806,21150.52081026,20783.06342004,24300.18576529,21189.77654039,21940.90371262,21718.74015897
2022-02-01,32363,25296.38548215,27210.03086817,28052.31570849,29497.40149112,30194.52353958,26681.49616268
2022-02-02,32969,25498.62278321,27376.19304694,26627.29004211,24264.45936310,31841.09269581,30754.72727082
2022-02-03,32512,23981.84302521,25938.05875648,25681.46192753,22915.09130050,28862.01714382,28508.66008386
2022-02-04,24238,21959.47001453,22395.45994296,23016.93477609,23316.20263421,26034.31506513,23567.52092342
2022-02-05,29154,21554.99541240,19751.98310485,20532.35936471,21499.47792830,21875.48268529,20234.21988936
2022-02-06,20944,24082.96167574,20091.55533543,20638.44236199,18618.15506747,17737.83638521,17075.25229597
2022-02-07,28232,21858.35136400,21490.08608829,22227.62419186,23362.52872818,24323.20670309,22835.56667079
2022-02-08,32312,25903.09738535,27816.05029810,28179.05637160,26440.67563505,31825.15974289,29724.67718168
2022-02-09,32442,25296.38548215,27174.18657029,26080.40095432,26183.91145897,30831.77815376,29224.52595827
2022-02-10,32572,21352.75811133,23311.97456012,24042.22523519,22210.37291394,24917.47010635,25171.70400049
2022-02-11,29656,19431.50375119,19870.37898493,21257.52171157,22173.12844560,25176.63417857,24351.22645070
2022-02-12,28800,20543.80890706,18741.95072164,20300.93923819,21030.48543873,21289.06029637,20146.53567545
2022-02-13,13356,23375.13112200,19384.53266718,18169.22413462,16514.01836229,15866.64299711,16532.34163030
2022-02-14,23905,23071.77517040,22702.12494815,21855.34918998,20392.12182976,21807.33779700,21559.87571561
2022-02-15,22197,21858.35136400,23775.92076525,22287.69661665,22545.99038548,21936.97538972,20880.85084501
2022-02-16,26022,27925.47039603,29800.27076665,28224.27984674,28043.63566202,24705.42498787,24227.10057358
2022-02-17,29716,24487.43627788,26443.07494808,29178.27473139,25965.29198124,23888.40497086,24693.67413839
2022-02-18,14463,23577.36842307,24011.51175610,25454.22143009,25686.71277620,15401.09345990,14341.26350821
2022-02-19,16910,20644.92755759,18842.95395996,19999.09167399,21680.41792262,19730.37036172,16653.08191999
2022-02-20,15463,24689.67357894,20697.57476535,19654.97018491,19152.37078739,14642.57469061,13961.64010642
2022-02-21,22928,22768.41921880,22399.11523318,24920.76049897,25003.90796367,17764.68714430,15805.13893647
2022-02-22,30015,23779.60572414,25694.98229335,26140.79469843,28163.66420901,25438.91775511,23121.85310283
2022-02-23,32242,21959.47001453,23841.07970569,24111.62896298,24844.57764576,24736.37869862,24712.47098072
2022-02-24,25250,21554.99541240,23513.98103676,25033.19945906,23471.80955972,24229.21172991,24686.24172133
2022-02-25,31200,20948.28350919,21385.42755975,23814.98473774,25493.24467759,24330.48630449,22819.54315102
2022-02-26,33903,20948.28350919,19145.96367493,21152.48915773,23865.82374549,25709.18870582,24598.93462834
2022-02-27,29669,20746.04620813,16758.44847082,19335.79807477,19812.05210442,20312.65082256,21339.09902845
2022-02-28,26465,23779.60572414,23409.14761640,23961.22503328,25361.36429250,26725.70867763,25037.22549407
2022-03-01,37727,22970.65651987,24886.95638678,21813.55541889,19463.72338395,17405.03195686,20026.42308772
2022-03-02,28298,22161.70731560,24043.08618233,22276.60686636,19601.00139812,18326.82706214,21343.31703057
2022-03-03,56568,23375.13112200,25332.03932655,24161.90879218,24728.04907641,23863.55701732,24942.04043407
2022-03-04,31037,22667.30056827,23102.48261121,20702.14494662,18701.03364396,17972.96541998,20048.48768844
2022-03-05,24237,20847.16485866,19044.96043660,17639.24168927,15845.17114448,15051.46508548,17427.47789217
2022-03-06,24643,20139.33430492,16152.42904089,18219.95869948,16381.22324632,18760.46195988,19565.12223305
2022-03-07,28204,20038.21565439,19672.02779851,21786.84513852,19719.36717364,21440.48585242,23359.61903804
2022-03-08,34238,20442.69025652,22361.87542875,25262.04985929,26175.69664783,22954.37441683,24061.48143994
2022-03-09,34605,24386.31762734,26265.15742540,26798.64591981,26301.45189165,26851.80603142,27207.88206043
2022-03-10,37116,25801.97873482,27756.11704626,28504.15216530,30940.33336226,30589.23082242,29674.92641052
2022-03-11,25296,25094.14818108,25526.56033092,25125.13107175,24191.82197272,22345.91969790,22662.45791580
2022-03-12,34755,24891.91088001,23085.08996946,23510.41575623,23352.01267949,25752.25956422,26445.76234101
2022-03-13,22968,24487.43627788,20495.56828871,19632.90898521,19002.78031234,22061.49709459,21759.04130994
2022-03-14,31111,23678.48707361,23308.14437807,23011.55994127,25515.59138676,27632.79807602,27165.94724850
2022-03-15,36871,24386.31762734,26301.00172328,25904.19297748,28078.41144914,27738.23569867,28745.51766032
2022-03-16,23711,23981.84302521,25861.14447211,23363.32793581,21618.23978430,18645.95101564,20453.58676678
2022-03-17,37252,23577.36842307,25534.04580319,27252.19456841,29485.03575870,32234.53562002,30720.04205828
2022-03-18,37580,24386.31762734,24819.53766268,24714.85302074,28172.74518078,29127.02953995,29486.34291356
2022-03-19,39384,24891.91088001,23085.08996946,25488.61318057,24290.43627952,21830.74791887,24898.17331697
2022-03-20,31699,22060.58866506,18071.49056900,20256.34486096,20360.14724915,19969.40684707,21798.38419701
2022-03-21,33921,22869.53786934,22500.11847150,24941.88394282,30154.87037908,27414.26387286,25774.46765617
2022-03-22,39661,26509.80928855,28422.06972803,29940.83776300,34307.76754414,31544.89436062,29944.28195670
2022-03-23,41285,26813.16524015,28689.23514511,31504.23167698,34848.81990985,32328.32600389,31881.78066310
2022-03-24,40524,25296.38548215,27251.10085465,30861.18888246,34845.14760789,32530.39710408,31637.72209688
2022-03-25,40417,25094.14818108,25526.56033092,28475.95528034,32047.94614143,29292.77495565,28850.89824299
2022-03-26,50812,25903.09738535,24095.12235267,26890.80321130,30457.21080800,26925.79708754,26647.93846775
2022-03-27,28895,24082.96167574,20091.55533543,19487.85814579,21820.69707985,25273.09846351,24591.00841206
2022-03-28,32681,22768.41921880,22399.11523318,21832.35023443,26723.51765110,27576.97987156,27264.56020880
2022-03-29,32672,23071.77517040,24987.95962510,23288.04839900,21752.11402297,21458.33863824,23455.67891991
2022-03-30,31208,22465.06326720,24346.09589729,23349.26159809,23282.21329716,21428.13596190,22675.06594091
2022-03-31,27344,18723.67319745,20685.89036376,23856.35807911,24108.23774901,24190.34079027,26193.44344847
2022-04-01,25630,18925.91049852,19365.36279332,22322.67439652,22860.81418229,24610.95989761,25819.84219183
2022-04-02,26519,18925.91049852,17125.89890850,20326.30652062,21740.30367681,26339.39116253,25924.98942073
2022-04-03,26097,19835.97835332,15849.41932593,19650.32928019,21314.79227305,25559.96736461,26020.82777689
2022-04-04,21227,24689.67357894,24318.17676129,23868.73639590,26595.66429903,26120.58976534,22039.91937580
2022-04-05,32023,27318.75849282,29230.09563460,29786.85430576,27112.48274169,29676.72203848,30534.07888644
2022-04-06,25320,26105.33468642,27982.21247686,28167.02886547,26293.45926677,28054.54380556,28801.87192956
2022-04-07,29307,24487.43627788,26443.07494808,29057.16060336,27373.11978146,22937.79235143,24071.13678042
2022-04-08,29004,21150.52081026,21587.43403639,24119.64556949,25490.08999617,31245.39027637,30098.39820711
2022-04-09,33572,21453.87676186,19650.97986653,22449.06196920,24494.47663252,27846.98506577,29484.62858237
2022-04-10,32452,22667.30056827,18677.50999893,22179.61175638,23701.87614205,27628.25053780,28338.95298470
2022-04-11,33418,25498.62278321,25126.20266786,27873.00466739,27889.48298832,25132.64357881,27167.26998593
2022-04-12,35445,28734.41960030,30644.14097110,30990.93847984,33714.69999103,34804.10824332,33473.89189724
2022-04-13,37019,28936.65690136,30810.30314986,30635.75427765,31939.75563715,33257.83758541,32790.80131854
2022-04-14,38585,28633.30094976,30584.20771926,30407.67831338,32363.68469008,36842.75517845,37072.57241763
2022-04-15,43950,28228.82634763,28657.66071889,28000.38351155,31497.34967993,30498.79518598,32335.93585252
2022-04-16,42937,26509.80928855,24701.14178260,24655.81837800,26701.76395481,25593.80853529,28709.25286601
2022-04-17,37323,26610.92793909,22616.63629346,24739.39523491,26734.72531704,24684.06518264,26075.96880994
2022-04-18,35819,26813.16524015,26439.24476604,28712.80870156,29687.09942938,33044.87878347,33515.69001869
2022-04-19,33604,26509.80928855,28422.06972803,29961.02345100,30977.35181810,31824.39762170,30604.83597621
2022-04-20,41306,26509.80928855,28386.22543015,30633.43382529,32633.81132044,32061.61340371,33450.54178072
2022-04-21,41027,26813.16524015,28766.14942947,30774.32678017,32719.51979697,32139.97622527,33663.42738070
2022-04-22,34123,26813.16524015,27243.61538239,28310.22593773,28660.57116769,26817.57302490,28033.50707751
2022-04-23,37631,27419.87714336,25610.17092749,26117.62771689,25393.32336482,21978.86764039,24601.82699111
2022-04-24,38848,27217.63984229,23222.65572339,24926.69296203,26568.65978931,26073.48162879,27695.81757933
2022-04-25,32014,24588.55492841,24217.17352297,24998.19716825,27054.65147937,28455.90878217,26896.64329134
2022-04-26,38368,24285.19897681,26199.99848496,28285.16640605,29020.70513535,32460.77843092,33944.30908133
2022-04-27,35965,23779.60572414,25659.13799547,27681.18965687,26188.16500839,30159.13914026,29952.39988158
2022-04-28,37081,24689.67357894,26645.08142473,28453.46547496,27879.99390191,31052.24606901,32543.39780189
2022-04-29,32419,23577.36842307,24011.51175610,25595.52124611,23275.21096112,27402.45070866,28533.94086644
2022-04-30,43044,24891.91088001,23085.08996946,24983.97098048,28809.50878435,31974.27174468,32617.53410639
2022-05-01,29733,27318.75849282,23323.65896171,24907.44502988,23699.82977835,25556.04062509,26063.05212286
2022-05-02,36352,27217.63984229,26843.25771932,27788.01807679,28398.63970034,32542.72504049,32405.28997408
2022-05-03,37726,26509.80928855,28422.06972803,27639.66933060,27142.41487673,29081.06895680,28970.89802249
2022-05-04,34515,27419.87714336,29295.25457504,27755.32024342,29141.52006582,28900.58330837,28755.62913931
2022-05-05,42487,28532.18229923,30483.20448094,30689.34018958,32752.88200058,36650.49109850,36171.30961510
2022-05-06,41786,31161.26721311,31586.75463021,32589.54391995,35410.36592768,35827.83231431,36849.87787621
2022-05-07,41649,29644.48745510,27832.24217056,26319.92953758,25629.82412786,29020.48360426,31036.38921098
2022-05-08,44350,27318.75849282,23323.65896171,23837.60356569,25070.68864736,26496.28354048,30384.47428323
2022-05-09,37872,29240.01285297,28863.32248575,29805.15630611,34654.78667430,32994.64709998,32463.34228689
2022-05-10,39427,31464.62316471,33371.22840578,34548.75328837,32699.54930137,32728.04260357,31446.76598273
2022-05-11,31653,28936.65690136,30810.30314986,29646.65556548,26439.24571933,26852.47232043,28585.54109434
2022-05-12,41005,27824.35174549,29776.18181269,31005.74690670,32554.11960867,34535.65275404,35707.22520497
2022-05-13,41129,29947.84340670,30374.71577035,31791.04901763,33440.52585499,34189.48038777,33483.76791498
2022-05-14,53934,29745.60610563,27933.24540889,28460.55022181,32690.50071787,32915.70917390,33714.23080849
2022-05-15,22919,30352.31800884,26353.75611135,25500.77696943,24540.69128737,24996.91498736,24733.63478511
2022-05-16,36720,31869.09776684,31489.40668211,30455.29428628,32361.11007499,31746.20767321,30261.30610876
2022-05-17,45649,32981.40292272,34886.27698060,34401.33412207,36195.33148259,36537.62224283,39184.29183313
2022-05-18,44260,32374.69101951,34244.41325279,35269.97484130,35539.09880893,38322.61771437,40643.05172811
2022-05-19,43893,32071.33506791,34018.31782219,33931.68603683,33967.57772691,35747.27128140,34559.58960555
2022-05-20,31278,29341.13150350,29768.69634042,29564.99680215,28613.18376026,32196.86420536,29218.37628948
2022-05-21,46251,29846.72475617,28034.24864721,28865.20173772,29477.79810794,31866.82857048,31988.65547990
2022-05-22,45820,30655.67396044,26656.76582632,27542.34472533,30145.42093276,32642.02921249,34271.53836627
2022-05-23,34988,29543.36880457,29166.33220071,28294.04297339,27517.03499514,32660.87106371,31005.55153217
2022-05-24,33213,28026.58904656,29937.11830285,29813.60428470,31107.11666092,35728.08832559,34258.09637949
2022-05-25,37459,28835.53825083,30709.29991154,30130.17432171,31696.11945739,33165.19933450,32485.99021486
2022-05-26,40496,30756.79261097,32705.27572401,32082.59760248,33541.25765322,34269.52320334,34678.42684707
2022-05-27,44130,30554.55530990,30980.73520028,33088.55958495,31536.37163106,33877.36421594,40000.44692605
2022-05-28,42005,27622.11444442,25812.17740414,28138.07202894,28226.06313683,34153.81437353,34991.76223581
2022-05-29,38395,25498.62278321,21505.60067193,22205.86892014,22513.86472873,28356.03146387,29582.51116624
2022-05-30,30051,25397.50413268,25025.19942954,24945.14215103,26804.86519490,31440.38067001,31211.77902620
2022-05-31,29909,26914.28389069,28826.08268132,28107.69117807,28243.36619368,32814.01982493,34426.84525690
2022-06-01,38084,27723.23309496,29598.26429001,30705.24395948,32472.96031692,38241.24526067,40061.45543726
2022-06-02,45274,29037.77555190,30988.22067254,31703.31336900,32547.23524772,35916.61238422,40330.43589140
2022-06-03,40537,30959.02991204,31384.74815356,32426.18290422,34464.85809879,34018.06244381,37095.35924378
2022-06-04,34753,29644.48745510,27832.24217056,28116.45576990,28960.77714910,28263.14753790,31733.12730672
2022-06-05,23374,28127.70769709,24131.68486828,20736.50965994,18416.84129346,16747.98319996,18484.50613888
2022-06-06,43421,28633.30094976,28257.30305582,25782.57785832,25192.25042303,28902.19326309,30234.58109999
2022-06-07,41638,31869.09776684,33775.24135906,32877.09220747,33211.65679750,36397.09223168,41122.13936740
2022-06-08,41063,32273.57236898,34143.41001447,33633.99635716,34814.93679703,37541.07980333,37564.61931280
2022-06-09,40021,31464.62316471,33412.29839226,33784.75968572,34309.30814096,36284.04062454,37997.80766514
2022-06-10,41227,33891.47077752,34313.84206488,34774.73194423,34508.06495677,34282.28283028,36825.62274858
2022-06-11,45929,32678.04697111,30862.33932021,32141.35467005,32303.36985260,31725.40273549,34707.01536935
2022-06-12,40639,31666.86046578,27666.79820953,29933.63346823,29124.85182158,31509.15488350,34159.66836512
2022-06-13,40873,30655.67396044,30277.36782225,32785.58102450,32181.69811402,36964.12948882,38429.87488089
2022-06-14,46430,31869.09776684,33775.24135906,35440.67458392,37527.94959470,39792.03673907,40327.77573926
2022-06-15,47586,33082.52157325,34951.43592104,36205.08078040,38988.24814676,39401.47796078,40494.83976091
2022-06-16,47834,35206.01323446,37149.41821015,38482.35058092,40936.74483261,41044.91386490,41235.69652990
2022-06-17,49247,39756.35250848,40172.02988752,43024.51111287,43409.36721711,42207.56085510,41995.09745152
2022-06-18,35305,33183.64022378,31367.35551181,30450.44565699,31637.09069410,33710.44149097,32639.04018267
2022-06-19,32066,29442.25015403,25444.72696646,25896.05092686,25904.09734595,28430.03995261,28210.63417585
2022-06-20,43063,30655.67396044,30277.36782225,31453.32561627,33106.51107395,34866.43331595,35716.53484729
2022-06-21,65326,31565.74181524,33472.23164410,34832.29067627,36428.83537178,38718.98615861,39685.58166518
2022-06-22,54360,33385.87752485,35254.44563600,36853.83606406,39067.05913634,41967.43393066,41764.20165570
2022-06-23,43705,33385.87752485,35331.35992036,34509.07612696,37979.86136031,39616.10789849,36633.60080677
2022-06-24,43120,33790.35212699,34212.83882656,34127.85217227,32235.18184698,34180.05423559,36174.37580554
2022-06-25,47485,32071.33506791,30256.31989028,31388.85767883,28949.88889775,30505.14911099,33274.85487004
2022-06-26,42649,31970.21641738,27969.80792449,30097.93223980,29123.53423420,31576.18593620,35282.56652995
2022-06-27,37252,31161.26721311,30782.38401386,32265.44191565,32121.28452016,34973.09589148,36581.79863854
2022-06-28,44806,31464.62316471,33371.22840578,35497.48062453,36419.73190991,38582.96733985,38993.89138964
2022-06-29,41593,32475.80967005,34345.41649111,34988.31296510,33616.15063457,38746.32831093,39118.39235425
2022-06-30,41520,30655.67396044,32604.27248569,32021.10278263,31280.22640222,35644.01334783,35826.29545006
2022-07-01,41276,31262.38586364,31687.75786853,32267.51066774,32694.13524040,35874.38264984,36736.32146503
2022-07-02,42316,32273.57236898,30458.32636692,31653.14713457,32082.95016058,33791.82573901,36846.76139013
2022-07-03,38719,32172.45371845,28171.81440114,28807.92371927,29686.83321402,35088.26300125,36863.83217718
2022-07-04,42140,32576.92832058,32196.42935036,34297.13929788,33824.37172220,38485.35747188,41515.49138989
2022-07-05,44717,32374.69101951,34280.25755067,36939.10427542,36292.24423252,41764.82394567,42955.03776239
2022-07-06,45401,33486.99617539,35355.44887432,36531.80281185,37600.93307654,42568.74825032,40193.04624071
2022-07-07,46050,33790.35212699,35735.37287365,36874.55264677,35682.36586267,41494.86796705,41118.07524993
2022-07-08,44741,35711.60648713,36131.90035467,37375.37961396,40169.50536713,43813.33721051,44122.46236649
2022-07-09,47058,34700.41998179,32882.40408663,34380.53546740,34792.12637651,40449.11250593,41833.63313703
2022-07-10,44154,36318.31839033,32312.94717231,33933.16508595,35864.40364190,40384.77589919,41203.18714935
2022-07-11,42739,38138.45409994,37751.60745803,40041.07988654,40494.66554174,44232.31149754,45132.23373968
2022-07-12,45037,39452.99655688,41350.48423317,43060.45358587,42538.33045954,46705.16306700,45168.30811447
2022-07-13,46715,37430.62354620,39294.57516886,40968.85527470,40336.24143443,45106.44141188,46208.43684024
2022-07-14,46293,33891.47077752,35836.37611197,37481.06104272,36598.48534077,40065.95779071,43973.77262172
2022-07-15,45023,34397.06403019,34818.85825649,37746.71685999,36845.35839410,41629.45264450,43633.42397192
2022-07-16,48260,34700.41998179,32882.40408663,34663.13509945,35555.51445731,40181.43484025,42224.98744570
2022-07-17,40796,37127.26759460,33120.97307888,35595.89354902,35349.45998058,37375.13632364,38811.83242894
2022-07-18,38798,41980.96282023,41589.73051424,45365.36486570,45028.81367836,45256.01354229,47379.60514091
2022-07-19,36895,44407.81043304,46299.64291091,50716.40799976,46636.49175721,43289.52221684,47733.83917481
2022-07-20,42070,38542.92870208,40405.61079039,41181.02746907,38165.91364161,37495.23878188,40920.78500619
2022-07-21,41430,35408.25053553,37351.42468679,37898.84114052,34482.22038051,38603.58015724,40662.28140630
2022-07-22,39453,33790.35212699,34212.83882656,34995.83675642,33221.25078686,39141.23439082,39378.26991858
2022-07-23,43414,35711.60648713,33892.43646985,35136.78348202,36505.86280272,38946.79714240,38970.59499718
2022-07-24,40175,38138.45409994,34131.00546210,36008.98486758,35944.81303215,37084.03865929,37924.09164529
2022-07-25,38114,35812.72513766,35428.53297664,36507.20178941,33401.24268989,36025.04752794,38315.36140575
2022-07-26,41296,32475.80967005,34381.26078899,35103.14442295,33685.93675748,38148.09890256,38782.71541835
2022-07-27,39282,32172.45371845,34042.40677615,34965.31400955,33321.87911779,39036.46066415,39716.25359833
2022-07-28,43096,33486.99617539,35432.36315869,37255.26745129,35025.39518585,39923.96369669,41097.56306882
2022-07-29,41584,34295.94537966,34717.85501817,36070.36699985,36824.30327660,40378.62821102,40981.39424467
2022-07-30,42718,36621.67434193,34801.46561474,36154.50768483,34165.99628454,37861.67420611,38399.65333038
2022-07-31,36041,36925.03029353,32918.96660224,32041.33694871,31566.63555558,35373.25419110,33542.12014175
2022-08-01,39471,35206.01323446,34822.51354671,34018.73562989,37714.65641328,40610.04479963,38367.73685851
2022-08-02,43885,38037.33544941,39936.43889667,39817.61492342,37937.80009563,41039.50693723,40963.67259848
2022-08-03,43731,37835.09814834,39698.58812214,38772.36630571,38846.06992612,42879.09871972,42505.95061211
2022-08-04,43239,36116.08108926,38058.44735504,40973.63000799,37499.61864025,41945.43556745,44818.40621948
2022-08-05,41383,33385.87752485,33808.82587328,39009.03764573,34256.75148723,36241.27274743,40134.29001409
2022-08-06,43546,32779.16562165,30963.34255853,35149.95993842,34095.78089113,37674.12906956,39674.94489294
2022-08-07,40347,34599.30133126,30595.89212085,33432.76672444,33352.53042709,37207.19758530,38274.20745973
2022-08-08,41602,35509.36918606,35125.52326168,36302.53164183,38425.17920386,41473.60496550,40205.48211684
2022-08-09,44418,35610.48783660,37512.36117695,38059.13961476,40589.07052353,42219.88356187,41670.25486092
2022-08-10,44518,36520.55569140,38385.54602397,39345.56043179,44126.94956579,44503.21694996,42528.20816265
2022-08-11,43132,38138.45409994,40078.51212147,41719.06989309,44472.09274920,45354.77044852,44198.21801974
2022-08-12,40118,39452.99655688,39869.02017256,42658.35546126,42386.72590072,43835.41595164,44052.02639043
2022-08-13,42116,39958.58980955,38134.57247934,41050.20443668,40167.74766030,40098.35352855,41099.85449942
2022-08-14,38252,39756.35250848,35747.05727524,39455.55592175,37897.52150058,40001.93848904,40587.82947634
2022-08-15,37735,38239.57275047,37852.61069635,39880.53213836,40759.41663410,40211.63346795,39474.74139551
2022-08-16,36390,35307.13188499,37209.35146199,36078.12892287,33803.67963112,36822.88879079,36246.06124503
2022-08-17,32093,35003.77593339,36870.49744915,33921.72970912,36307.26279308,32735.57255541,27658.98891735
2022-08-18,41050,36419.43704087,38361.45707000,37040.23411485,37978.81916008,39742.31772224,39290.78624691
2022-08-19,66972,36217.19973980,36636.91654628,37723.22508926,35103.88605290,38718.12946396,39432.38557898
2022-08-20,48010,34093.70807859,32276.38465670,33708.78122820,35335.17710742,37429.54377537,35933.09068704
2022-08-21,39807,34498.18268072,30494.88888253,31231.58897621,31698.62347493,33252.72425880,33032.02752057
2022-08-22,38066,34700.41998179,34317.49735511,34377.38923471,34247.38216000,37056.70929309,38710.42059202
2022-08-23,41519,37026.14894407,38926.40651345,37123.54086047,37349.61361506,41490.09050369,40764.05053821
2022-08-24,42948,38239.57275047,40102.60107543,39078.90264916,39943.94890378,44876.92367948,42578.40916590
2022-08-25,24736,34194.82672912,36139.38582693,32316.33818137,30955.90264575,22209.77912440,7509.46777062
2022-08-26,36636,33486.99617539,33909.82911160,33499.28257662,34625.08151958,37757.03955819,38703.50048495
2022-08-27,37025,33689.23347645,31872.37170342,31908.50397249,33097.26254731,37229.70149638,36981.58252184
2022-08-28,35994,33183.64022378,29181.84678435,29422.87191786,29828.43649032,34092.01373131,35189.41761085
2022-08-29,34262,33183.64022378,32802.44878028,33374.22418481,31944.59661891,35831.29789408,35935.34621571
2022-08-30,36911,33790.35212699,35694.30288717,35942.94845712,36117.94587641,39353.89765235,37666.89551177
2022-08-31,40020,33486.99617539,35355.44887432,36430.87437183,36348.19360814,37986.26467208,37207.06138114
2022-09-01,37781,34498.18268072,36442.39554190,36921.48831371,36857.83434381,38849.23431702,40401.38219365
2022-09-02,36072,35307.13188499,35727.88740138,35191.57428618,35314.62068250,37049.02215571,38859.61499439
2022-09-03,37957,35104.89458393,33286.41703992,32204.23218642,32826.30619259,35017.33733832,37517.89763549
2022-09-04,33863,35307.13188499,31302.91478910,31138.16258298,30830.92789829,32763.97630430,34385.80855484
2022-09-05,35571,35307.13188499,34923.51678503,33010.38898556,31565.69085707,34374.99114186,36476.98690644
2022-09-06,34323,34295.94537966,36199.31907878,33969.43981202,34460.67458555,34006.27607331,34518.96307974
2022-09-07,36468,33588.11482592,35456.45211265,33989.34387925,33166.40732274,34148.86815181,37355.66155278
2022-09-08,27763,31666.86046578,33614.30486890,30678.03924487,29709.24179222,30455.20751943,32970.47193586
2022-09-09,30285,31970.21641738,32394.78053678,29649.93551822,30326.89187948,29580.40857731,32321.67401564
2022-09-12,22560,35408.25053553,35024.52002335,33758.19719754,35708.93106187,37881.02738146,34288.58224111
2022-09-13,22967,33082.52157325,34987.28021892,33292.05903772,31331.19716947,34502.56278535,32575.18037555
2022-09-14,30459,32172.45371845,34042.40677615,32966.93089720,34092.43376958,36588.65678886,33167.25883742
2022-09-15,29192,30048.96205724,31998.25305576,32217.33312757,31365.18749652,33679.16713180,32114.71901013
2022-09-16,26532,28127.70769709,28556.65748057,31572.31253232,29537.81430699,32314.63719071,32500.55318637
2022-09-17,24819,26914.28389069,25105.15473589,29160.97782618,29187.57624326,31212.70843640,29262.66597461
2022-09-18,22844,28026.58904656,24030.68162996,25882.92234499,26162.22598540,30729.61933150,28054.41525063
2022-09-19,23197,28835.53825083,28459.30953247,30023.44785075,29232.03497361,34444.02673022,33142.02392823
2022-09-20,29688,29240.01285297,31149.15716271,32126.02578728,32683.38728499,38113.05034514,34645.05115801
2022-09-21,31156,30655.67396044,32527.35820133,32730.82199143,32791.76305572,37691.87059740,33769.61870942
2022-09-22,31360,30959.02991204,32907.28220065,33113.94320236,33323.37160854,36369.59368065,33856.47240693
2022-09-23,24856,30453.43665937,30879.73196196,28909.18441237,28399.24068836,31577.08325003,29409.99193616
2022-09-24,25246,28633.30094976,26822.20978735,25725.16702700,27585.59866698,30419.41948237,27994.51516488
2022-09-25,21402,27622.11444442,23626.66867667,25152.48655347,24352.16892826,28278.84867111,27521.59209458
2022-09-26,22458,27520.99579389,27146.26743429,26983.40382420,25399.07295988,26803.75159861,25234.83648325
2022-09-27,25701,25599.74143375,27513.04058314,27328.44420791,28297.13445378,32077.78400146,28925.21396302
2022-09-28,29470,25094.14818108,26972.18009365,26643.72470672,28231.09143573,32203.64700495,29544.29407252
2022-09-29,28322,25801.97873482,27756.11704626,28564.70922931,31506.15765639,37022.36001607,33809.21031543
2022-09-30,18638,27217.63984229,27647.62833567,25508.16632863,27688.33298403,22449.90636756,19491.93213292
2022-10-01,26895,30453.43665937,28640.26807713,28103.77212868,28535.90930946,29123.46685911,27913.88135093
2022-10-02,22417,29240.01285297,25242.72048982,24985.81945501,24309.27264110,26952.77840809,25644.28501193
2022-10-03,28739,27116.52119176,26742.25448100,26172.22528066,30477.15974083,33209.47097310,28310.96970584
2022-10-04,31355,30857.91126151,32765.20897585,30990.44566466,29343.72623408,31704.07290922,30191.78509852
2022-10-05,27420,31565.74181524,33436.38734622,33203.53261815,32873.44539416,31659.60381976,27715.82031369
2022-10-06,32978,28431.06364869,30382.20124262,30910.44500177,33563.29981331,32267.29607321,28918.16057894
2022-10-07,28071,29745.60610563,30172.70929371,28902.62012143,30220.65404142,29433.96222650,26011.89207301
2022-10-08,30983,26509.80928855,24701.14178260,25019.16076206,27484.41609502,29729.21068719,26650.22468459
2022-10-09,25691,27116.52119176,23121.65248507,24178.88475005,26813.93749880,29923.22608223,25497.50799081
2022-10-10,26070,27015.40254122,26641.25124268,27140.20054898,27690.19963342,29241.91253262,26337.07973726
2022-10-11,33076,24891.91088001,26806.01791489,27523.73679701,31056.72577723,34562.73571031,30355.48564720
2022-10-12,28307,26813.16524015,28689.23514511,28052.47902838,30514.67640807,32063.36506125,28641.14735549
2022-10-13,31433,28835.53825083,30786.21419590,28330.42796071,28577.38639976,30242.53428934,28411.14604417
2022-10-14,28015,27824.35174549,28253.64776560,25130.26479166,26172.77019244,26628.59679580,25151.45380894
2022-10-15,26042,28127.70769709,26317.19359574,24953.42210362,25787.26139501,24750.72116550,23641.96562563
2022-10-16,22793,29138.89420243,25141.71725150,24783.02481913,22961.44812086,24355.74574191,24707.80524671
2022-10-17,27900,31262.38586364,30883.38725218,29218.34078297,28046.82308546,27734.90869497,26680.35441394
2022-10-18,32208,26914.28389069,28826.08268132,27744.34879401,31532.03562882,32803.52302196,30709.29498217
2022-10-19,31765,28734.41960030,30608.29667322,29341.99473373,27905.23970551,28040.04520684,28943.51457279
2022-10-20,25295,30352.31800884,32301.26277072,28667.46530650,27236.75390442,27003.66140752,24894.39611914
2022-10-21,25143,30453.43665937,30879.73196196,28182.49964424,28367.68727179,27461.32574156,26188.55621354
2022-10-22,27676,30756.79261097,28943.27779210,26895.44411602,25669.53200047,26836.47172893,26583.01046189
2022-10-23,14625,30352.31800884,26353.75611135,22634.40927293,21929.42940598,21282.39090298,17465.11118398
2022-10-24,26888,29947.84340670,29570.34515400,27692.22335668,26887.79335083,24315.67431200,21404.13709210
2022-10-25,31397,29138.89420243,31048.15392439,28572.40694282,28608.71652685,31068.10956255,29255.28913239
2022-10-26,32015,31464.62316471,33335.38410790,31769.41101405,31572.39121707,31147.71005242,29479.99263436
2022-10-27,31983,32071.33506791,34018.31782219,31125.87540435,31884.77868311,32556.60158977,30036.40874556
2022-10-28,30083,30959.02991204,31384.74815356,29317.58695168,28815.98892179,29162.56897493,27472.70136188
2022-10-29,29650,31363.50451418,29549.29722203,26840.51358710,30504.04066620,31903.37978045,27215.35233835
2022-10-30,20989,29947.84340670,25949.74315807,22812.32944157,20594.48266635,23261.33155234,22155.86618283
2022-10-31,26467,29644.48745510,29267.33543904,26215.85486488,26159.08215414,26239.34922511,24923.91151277
2022-11-01,24850,28228.82634763,30139.12477949,29351.20897232,28004.61516964,21119.72023760,19050.69986242
2022-11-02,27494,27419.87714336,29295.25457504,29168.31840367,28252.74621658,27314.26153554,25410.65038549
2022-11-03,22601,25397.50413268,27352.10409297,24362.33510118,24445.67802741,21706.43804282,18431.95024582
2022-11-04,26995,23172.89382094,23607.49880282,22200.57463813,23861.48589135,25600.68591124,23020.00704903
2022-11-05,16082,24891.91088001,23085.08996946,20482.56255570,22922.59705182,22987.16578465,19666.29403088
2022-11-06,12392,28026.58904656,24030.68162996,20876.87172011,18362.77336860,15956.69446774,12592.53764481
2022-11-07,21608,28532.18229923,28156.29981750,25882.56854249,23921.33630768,23442.82509136,22476.65875924
2022-11-08,24779,28633.30094976,30543.13773278,29718.30237978,26953.46883220,23937.50080537,22590.21157881
2022-11-09,28454,26813.16524015,28689.23514511,27668.95095632,26806.19982554,27926.56524467,25988.14367438
2022-11-10,44677,28329.94499816,30281.19800429,29274.46651764,27323.65764957,27315.91393420,25765.29065295
2022-11-11,30498,29543.36880457,29970.70281707,28577.77360168,26187.79709424,28432.98528961,26960.50862710
2022-11-12,27228,27318.75849282,25509.16768917,22099.73804834,21098.75242131,22184.36498084,22351.37087718
2022-11-13,21305,27217.63984229,23222.65572339,19456.37151308,19993.46556363,20050.33294819,19286.55399071
2022-11-14,27264,25397.50413268,25025.19942954,21109.86143036,20421.04404136,20394.77033761,21332.22895605
2022-11-15,22414,26408.69063802,28321.06648971,26104.61928648,25346.15629903,25418.40325814,23183.14011159
2022-11-16,19784,25094.14818108,26972.18009365,24988.49829043,24110.07407364,20065.91241142,19263.45845006
2022-11-17,23733,25195.26683161,27150.09761633,25692.71499772,23070.99913756,20082.37437918,18935.30961477
2022-11-18,26442,24993.02953055,25425.55709260,25245.30744392,24348.43721537,26617.32845406,24518.63561045
2022-11-19,22308,23476.24977254,21671.04463296,20166.64865377,17853.30064266,20902.15066561,20713.40319291
2022-11-20,16513,22869.53786934,18879.51647557,17518.59333927,18489.36205173,18452.81569028,16921.62465395
2022-11-21,19990,21554.99541240,21187.07637333,19419.00029183,20845.68655918,16855.06312012,14675.14495426
2022-11-22,27394,22566.18191773,24482.94343350,24030.23007589,22926.22464076,25158.02313785,23856.91219389
2022-11-23,24250,23577.36842307,25457.13151883,24570.71819263,26259.88913646,22882.92773539,20196.10706567
2022-11-24,25170,24588.55492841,26544.07818640,25788.01690264,26959.68145817,26702.06987941,23351.74561219
2022-11-25,26857,23981.84302521,24415.52470939,23762.37466118,24418.63879583,25379.10763789,22739.67731579
2022-11-26,22226,25094.14818108,23287.09644610,21513.90815557,21400.46987185,20653.45250382,19692.93578971
2022-11-27,12985,26610.92793909,22616.63629346,19127.77396993,16842.81807730,15869.20765827,15480.66779621
2022-11-28,24307,23476.24977254,23106.13790143,20224.05948509,20994.11327882,22840.72116018,22505.32019389
2022-11-29,27072,21959.47001453,23876.92400357,20895.82190025,17730.13956717,19619.25028303,22473.67715369
2022-11-30,27884,22566.18191773,24447.09913562,21816.08706567,20049.41766703,22032.63260916,23437.63610529
2022-12-01,27401,21453.87676186,23412.97779844,21116.23823053,21487.93444006,22931.06625610,19617.19228372
2022-12-02,23550,21251.63946079,21688.43727471,19639.36058856,18128.47334092,17689.58882113,15449.55286695
2022-12-03,19139,21251.63946079,19448.97338989,19883.60408106,17685.22243058,17288.76854153,13540.82783914
2022-12-04,14513,20038.21565439,16051.42580257,16018.78095125,12880.18044535,12423.35609725,9841.01672963
2022-12-05,23342,21352.75811133,20985.06989668,19659.35303617,18375.06155315,20250.56642403,16709.43044838
2022-12-06,25860,19431.50375119,21351.84304553,20226.43598793,19550.73374882,22433.31677638,19536.66657704
2022-12-07,24575,17510.24939104,19396.93721955,18559.67488069,17908.89391124,20069.81983757,17494.50790548
2022-12-08,22686,14982.28312770,16948.77054587,17463.16939161,18699.59896080,21111.93864260,17051.57489582
2022-12-09,21496,15184.52042877,15628.24297543,15505.58626094,16986.28209444,18472.48168624,14604.11418924
2022-12-10,16795,14476.68987503,12681.75642236,12452.99831793,16485.16315277,17124.09513585,11723.98866932
2022-12-11,9848,13162.14741809,9183.20559672,8102.78092019,9358.07956621,8534.48498419,6336.34944691
2022-12-12,13351,15892.35098250,15530.89502733,14239.32121142,12986.36704547,14046.17313182,12359.14829916
2022-12-13,16527,13162.14741809,15089.64226961,15767.81514056,16191.17697841,18051.27855329,14776.02866889
2022-12-14,16593,13667.74067076,15558.81416333,15516.37264592,15117.87609876,16141.69509817,14040.90781530
2022-12-15,17166,12656.55416542,14625.69606448,15887.30303082,16440.40223079,18945.61324951,15691.62555643
2022-12-16,15580,12858.79146649,13305.16849404,12980.99256399,15977.58251723,16367.37798034,12652.04112668
2022-12-17,13024,14678.92717610,12883.76289900,12878.77327770,15779.48490810,17420.57044840,12338.72645409
2022-12-18,5853,16903.53748784,12920.32541461,11569.04484718,16875.60260217,13865.88220012,6892.64044609
2022-12-19,13202,27520.99579389,27146.26743429,24440.00713575,22159.56307919,20473.35242718,16133.38612810
2022-12-20,18194,25094.14818108,27008.02439153,25486.85782035,26830.38042363,26433.17189978,20385.62813311
2022-12-21,16661,22768.41921880,24649.10561226,22463.90459348,23224.51688635,24553.51460220,19727.66915985
2022-12-22,13645,23577.36842307,25534.04580319,22125.02981552,22141.82192531,22060.01525446,18439.04250664
2022-12-23,9269,24487.43627788,24920.54090100,22253.13684016,22154.72674044,18869.77876222,13190.58674166
2022-12-24,8291,23577.36842307,21772.04787128,19380.34457748,18089.13315937,19196.30896737,16313.74604712
2022-12-25,16298,25094.14818108,21101.58771864,18528.32268010,16310.02113835,21244.78733783,17596.05207288
2022-12-26,7301,21757.23271346,21389.08284997,22024.82955598,23072.66056339,24053.07154942,17537.83423540
2022-12-27,7002,21656.11406293,23573.91428860,22467.49229698,23862.60322005,23166.57845001,17354.04379363
2022-12-28,6461,25801.97873482,27679.20276190,25398.77634144,23336.57003449,21289.17448612,17038.78192197
2022-12-29,11264,23779.60572414,25736.05227983,26466.82824797,24243.70182666,22411.49122463,18102.64520788
2022-12-30,9327,24891.91088001,25324.55385428,23811.18583983,25303.21319038,24618.75417001,17062.07915452
2022-12-31,7619,27925.47039603,26115.18711910,24043.19063177,21848.91992768,18102.09003553,12568.58981347
2023-01-01,10139,25700.86008428,21707.60714857,20814.93195959,18758.82818941,15383.18236763,10945.28847626
2023-01-02,11695,21251.63946079,20884.06665836,19335.44427227,18910.85934154,21953.82446058,18068.64022017
2023-01-03,12497,23274.01247147,25189.96610175,22744.91033460,25996.77582691,22560.94649918,15564.35201269
2023-01-04,16650,27723.23309496,29598.26429001,28747.23222314,25543.40788944,22636.76694922,19023.57941528
2023-01-05,18493,26105.33468642,28059.12676122,26528.76800850,25398.17292098,25145.66573156,20255.68168163
2023-01-06,18171,25094.14818108,25526.56033092,24075.47529557,23607.41781006,25476.30874052,19690.12630189
2023-01-07,12131,25801.97873482,23994.11911435,23377.55574284,21748.02902130,21013.45121490,14950.30468183
2023-01-08,9263,22566.18191773,18576.50676061,17616.70851174,17350.74385350,17509.12781849,11829.96244031
2023-01-09,21921,21352.75811133,20985.06989668,21072.35119642,21134.04560169,22240.48641576,16587.09737515
2023-01-10,17184,23678.48707361,25593.97905503,23899.24557420,26899.47916630,22358.63859276,14248.53848144
2023-01-11,23001,24082.96167574,25962.14771044,25725.99118807,25756.74760243,23063.83433542,17301.91613718
2023-01-12,21966,26307.57198748,28261.13323787,27297.69966433,25086.89308571,21655.01092069,16177.87514318
2023-01-13,21638,23476.24977254,23910.50851778,25634.95486627,23888.35665276,22175.00493740,16555.21452306
2023-01-14,14227,24082.96167574,22277.06406289,21544.90197310,22575.39708800,19552.36474721,12250.48231097
2023-01-15,15303,20442.69025652,16455.43875586,17637.38701493,17281.11469812,19339.85815842,13087.26727344
2023-01-16,19783,17813.60534264,17449.95655544,17224.43470906,16401.41740419,16909.12200116,13271.42566831
2023-01-17,22254,13869.97797183,15796.66493786,16844.22089568,19184.23336562,24384.80918317,18570.30070604
2023-01-18,22755,15690.11368143,17578.87892976,18139.08151535,20538.89340913,24543.51388324,18564.27910758
2023-01-19,22915,15993.46963304,17958.80292909,18199.23171822,20394.50882596,24106.19701556,18525.99434862
2023-01-20,20272,17813.60534264,18254.32717179,18699.12092956,19271.81229067,23946.69174324,18731.41898349
2023-01-21,17236,17004.65613837,15206.83738039,15221.69578262,18176.89405890,20704.41806243,15313.68984318
2023-01-22,14056,15285.63907930,11304.27360147,10908.09873749,15068.81920859,17917.73413925,12190.97701352
2023-01-23,20458,15791.23233197,15429.89178901,15429.33904778,17093.54962194,20460.25277892,15930.64978747
2023-01-24,23567,18015.84264371,19937.79770903,20072.00759003,18414.00813610,21856.68687160,19093.11809168
2023-01-25,20321,17308.01208998,19194.93074290,17427.40084079,19728.80753795,18621.32639132,14503.40151955
2023-01-26,22319,20139.33430492,22099.93570026,20740.70502044,21091.31692976,22290.10206252,18285.16566303
2023-01-27,21288,19734.85970279,20173.38869989,19948.26525889,20274.38604077,23497.87582318,19083.12150101
2023-01-28,17475,19431.50375119,17630.91510010,18736.32594759,17781.55357995,22639.66823249,17723.28202316
2023-01-29,14276,21251.63946079,17263.46466243,16110.77677345,15592.92305332,16136.66669784,12365.90623509
2023-01-30,22557,21453.87676186,21086.07313500,22001.83060043,22795.16409789,22828.27273770,17472.50464249
2023-01-31,25322,22060.58866506,23977.92724189,25216.49688885,27193.53738984,26345.18671318,19478.16264368
2023-02-01,22585,22262.82596613,24144.08942065,25587.99745478,25537.83306290,23646.24162875,17958.62473135
2023-02-02,25034,24082.96167574,26039.06199480,26146.67050746,26434.86086569,30804.97620499,24538.18732499
2023-02-03,22559,25296.38548215,25728.56680757,25167.37795946,25046.86251752,30910.97651618,24303.76351828
2023-02-04,20058,23880.72437467,22075.05758625,22047.66866149,19492.86163558,27015.81206078,21888.48644843
2023-02-05,17685,20543.80890706,16556.44199418,17093.31119468,17626.97022391,20533.67207748,15924.67594298
2023-02-06,23252,19330.38510065,18965.00513026,19277.25553514,22813.22261579,24452.92303967,18840.29902575
2023-02-07,24642,16701.30018677,18624.75561086,18081.61933965,23977.94189315,24572.51768892,18459.91800106
2023-02-08,24594,16499.06288570,18386.90483633,19095.31089830,23604.84428226,23492.31569864,18318.17835045
2023-02-09,25102,18824.79184798,20786.89360209,22202.06941867,26035.48947853,27488.65726714,20851.96382917
2023-02-10,22001,19128.14779958,19567.36926996,20184.86697984,23373.00402054,23085.53391525,16990.32592641
2023-02-11,18973,22970.65651987,21166.02844135,20404.18813057,20727.17249439,23706.56717562,18182.16123209
2023-02-12,16234,22970.65651987,18980.51971389,18710.48668732,15767.66981385,17112.52232225,14044.33376170
2023-02-13,23135,21858.35136400,21490.08608829,21622.05355176,23421.44259569,22065.60354928,18066.53131285
2023-02-14,24692,19937.09700385,21856.85923714,20796.32403127,29363.30209972,29040.89310147,20721.73172600
2023-02-15,24962,22768.41921880,24649.10561226,24502.65908183,30859.95688195,28659.36979808,20570.03288464
2023-02-16,24128,25094.14818108,27049.09437801,25207.32072978,24238.11726453,27396.47589599,22651.15877904
2023-02-17,22381,27723.23309496,28152.64452728,26946.03895612,26679.79417506,30042.09511830,23746.06137656
2023-02-18,18352,27318.75849282,25509.16768917,25087.21987286,22972.03495990,26853.15592639,21561.57417881
2023-02-19,18961,25195.26683161,21202.59095696,22788.44060469,21808.02722595,27511.25852422,22114.99131002
2023-02-20,23158,24993.02953055,24621.18647625,23730.24984742,26041.64179835,29270.97337379,23312.82841232
2023-02-21,25505,23779.60572414,25694.98229335,24384.63984213,23706.04061578,25183.15697978,22020.64172421
2023-02-22,21067,22363.94461667,24245.09265897,22540.89632210,21552.96391557,23233.68751867,19843.95046009
2023-02-23,24275,21049.40215973,23008.96484516,22384.18555136,21760.18410456,23222.88651543,19787.53499100
2023-02-24,21713,19633.74105225,20072.38546157,20472.15539113,25091.21271554,25737.48850488,18597.23232758
2023-02-25,17754,19633.74105225,17832.92157675,18637.27301927,19620.71241461,21643.33752404,17655.25182300
2023-02-26,14344,18925.91049852,14940.39018104,17784.80618123,17785.74253316,21729.65391341,16489.24550526
2023-02-27,21973,19027.02914905,18661.99541529,20364.46941979,22945.19459056,27911.70242636,21182.42329806
2023-02-28,24206,19532.62240172,21452.84628386,21196.28676795,22076.04631703,26130.56768124,20492.31622397
2023-03-01,24590,20644.92755759,22528.03760751,22767.18272872,22614.03467647,29753.04760946,24174.71782247
2023-03-02,25076,19633.74105225,21594.91950866,23138.11311362,25399.40011327,25920.19783052,21590.31671388
2023-03-03,21714,20442.69025652,20880.41136814,22881.75431034,20766.15645680,24954.09838840,20277.10992400
2023-03-04,17136,20847.16485866,19044.96043660,20243.19544173,17728.64655741,22483.05868844,18614.89673106
2023-03-05,13536,19128.14779958,15142.39665768,18008.72426097,14837.64518280,16609.87807759,13116.63509866
2023-03-06,18509,19633.74105225,19268.01484522,19037.84054665,21181.83386746,22677.84760344,16760.94489414
2023-03-07,22692,17914.72399318,19836.79447071,20515.15497025,20110.51892119,24084.26232114,20962.14604465
2023-03-08,12930,16701.30018677,18588.91131298,17704.37393775,16396.10379419,13729.78141762,13053.73440070
2023-03-09,16466,19229.26645012,21190.90655537,18754.06779346,18988.77571836,15258.50704632,12691.93162706
2023-03-10,16908,18824.79184798,19264.35955500,18526.82729601,19433.65548286,16446.70648232,13330.83497465
2023-03-11,16110,18015.84264371,16216.86976361,17512.05608550,19937.54559813,22527.04812814,18262.42176020
2023-03-12,15161,24993.02953055,21000.58448032,19395.36950841,20164.77425641,16868.38732446,14111.21684965
2023-03-13,20996,27925.47039603,27550.28038757,27673.46823971,25376.57187692,18180.75280191,17105.74002608
2023-03-14,22602,21049.40215973,22967.89485868,23753.74979411,26506.34973529,26661.66167505,20633.12974034
2023-03-15,35319,19835.97835332,21720.01170094,21992.62453780,23094.59821155,26582.63466966,23266.01706460
2023-03-16,25403,25801.97873482,27756.11704626,27070.96831705,26964.64895601,29819.99127572,24677.10225306
2023-03-17,20555,26408.69063802,26839.60242910,24329.89437764,23402.31774833,25861.48732600,21003.46174615
2023-03-18,17470,25195.26683161,23388.09968442,20808.34683130,20192.72714322,23618.66518752,19628.08521312
2023-03-19,16549,23779.60572414,19788.54562046,20252.10102238,19532.09605447,25040.15115837,20720.37897938
2023-03-20,21543,25498.62278321,25126.20266786,23492.71037062,22973.71599760,24832.24511244,19784.13518901
2023-03-21,26474,26408.69063802,28321.06648971,27275.38919069,26814.01859311,27361.22330604,23812.93868725
2023-03-22,24920,27217.63984229,29093.24809840,28641.61500388,28304.62189117,27376.18178745,22822.44858286
2023-03-23,22781,26712.04658962,28665.14619115,28593.33471995,29481.68265990,25505.97973115,20760.00413826
2023-03-24,19171,25397.50413268,25829.57004589,25854.62910742,26368.44827608,24753.12647369,20310.63161756
2023-03-25,20778,25498.62278321,23691.10939939,25110.71164359,25999.06770812,26237.20101071,20932.47052501
2023-03-26,11915,22768.41921880,18778.51323725,18123.22622352,14761.15163463,14358.60335227,12380.38672941
2023-03-27,24102,20746.04620813,20379.05046676,23610.12134977,23626.70594492,29271.97929113,25876.25136154
2023-03-28,19949,21858.35136400,23775.92076525,24427.37954502,22517.21657971,24173.66501368,19689.08943698
2023-03-29,22309,26509.80928855,28386.22543015,26192.58246451,26905.93525574,25279.86795160,20229.93337477
2023-03-30,24147,28127.70769709,30079.19152765,29393.70513396,28410.32325722,26742.19613855,24567.13846944
2023-03-31,12794,26307.57198748,26738.59919078,24026.17130174,22704.93179331,18197.36412923,13771.91167596
2023-04-01,17964,23880.72437467,22075.05758625,20352.07086919,18349.46204827,20147.99085970,17558.01760233
2023-04-02,17095,22768.41921880,18778.51323725,20242.72346389,19490.17708012,22399.79875629,21742.26665124
2023-04-03,23224,21251.63946079,20884.06665836,23130.35361693,25171.24643959,28662.87082675,25486.56288850
2023-04-04,27231,21049.40215973,22967.89485868,25812.68997047,28186.11668298,30559.53068349,28066.02762739
2023-04-05,22420,22667.30056827,24548.10237394,26318.43324630,29182.06227156,29949.29865055,25641.51245336
2023-04-06,19418,25700.86008428,27655.11380794,26747.05955314,27060.10801554,28724.40425594,24580.02898826
2023-04-07,20576,24386.31762734,24819.53766268,26632.49338108,28105.00575782,33569.98009372,31176.16588233
2023-04-08,19223,23274.01247147,21469.03815632,21254.80029426,23699.57031882,26195.43068365,23479.75687495
2023-04-09,18747,25296.38548215,21303.59419528,21235.08038427,22909.46716951,20478.71146488,19281.81793704
2023-04-10,9934,26712.04658962,26338.24152772,26491.44526532,26290.37245727,19816.86895562,15043.85608286
2023-04-11,17631,24285.19897681,26199.99848496,26851.98255780,27757.96466134,25478.56564953,23363.12037333
2023-04-12,20210,23071.77517040,24952.11532722,25635.87087758,26524.01119556,23962.81029716,22061.14765108
2023-04-13,24677,24082.96167574,26039.06199480,29113.96664398,28837.92858772,30496.42377587,29149.23007443
2023-04-14,17135,22869.53786934,23304.48908785,22783.14632268,23595.98711742,23104.82697440,18871.20126799
2023-04-15,20678,24993.02953055,23186.09320778,22219.46947985,25375.29304053,24715.83742728,20635.09688630
2023-04-16,19581,25599.74143375,21606.60391025,21520.49328387,23685.24037491,25292.16061482,22162.68952320
2023-04-17,25688,26307.57198748,25934.22857443,26144.53754587,27183.06645803,28790.74613330,28663.61565941
2023-04-18,26225,24487.43627788,26402.00496160,26652.00118946,24273.06245225,22573.16134777,22678.30991191
2023-04-19,28238,25397.50413268,27275.18980861,28241.20732654,29085.72569605,26302.56108711,25364.69620445
2023-04-20,25061,24082.96167574,26039.06199480,27600.04004372,30183.08705316,28067.09027645,25266.65314920
2023-04-21,21039,23779.60572414,24213.51823275,23679.75639747,23845.04714484,22822.05704523,21423.80204298
2023-04-22,23052,24386.31762734,22580.07377785,23102.01321691,24469.01530993,24639.06639230,22263.41234550
2023-04-23,14472,25903.09738535,21909.61362521,20473.65077523,18637.01681220,19202.25260516,16475.90696788
2023-04-24,18532,23577.36842307,23207.14113975,24040.09227360,24315.05047239,26413.48116763,22923.27177365
2023-04-25,27531,21656.11406293,23573.91428860,26282.58732965,27022.08432062,30634.81161637,28750.13751233
2023-04-26,27130,22869.53786934,24750.10885058,27188.29334215,25753.68471868,28191.50871461,26657.58073789
2023-04-27,20535,24588.55492841,26544.07818640,27645.10019897,27578.12804554,24233.13368304,22253.67255011
2023-04-28,24240,27824.35174549,28253.64776560,26301.03469586,27041.69558819,26953.84136811,22353.11306740
2023-04-29,26845,26307.57198748,24499.13530596,24875.98543434,27050.30438687,28426.39435323,27383.42737680
2023-04-30,22567,27116.52119176,23121.65248507,23068.67190986,25064.77214369,23542.74998159,22572.12808316
2023-05-01,21842,30251.19935830,29873.35486896,31752.35991293,30276.04992372,31903.43327379,26637.10419160
2023-05-02,27325,28026.58904656,29937.11830285,31367.90226097,29622.33241987,30250.09416750,26510.91794062
2023-05-03,29881,26610.92793909,28487.22866847,31017.89965320,31234.54862397,30663.68959531,27188.49017889
2023-05-04,29177,29644.48745510,31594.24010247,32758.59568027,34460.65079488,32569.93106156,27923.50843196
2023-05-05,25198,31363.50451418,31788.76110685,31884.92035152,31949.65097048,31664.91972682,25191.95071984
2023-05-06,12502,29442.25015403,27630.23569392,25147.28412168,22585.13366629,22852.22509982,19698.87081610
2023-05-07,24094,31767.97911631,27767.80144785,27451.73159965,28849.77175187,31013.47786704,24156.61304042
2023-05-08,17283,29543.36880457,29166.33220071,27708.65802129,26113.25539068,26635.70290791,23263.65695316
2023-05-09,25650,30959.02991204,32866.21221417,31374.91149257,32351.66218017,31616.78318991,24296.43515589
2023-05-10,28208,29947.84340670,31820.33553308,31472.74504428,32262.14764883,33749.71784546,29539.49940668
2023-05-11,28515,29442.25015403,31392.23362583,31969.47833644,30771.37478110,34383.24470912,30692.35731574
2023-05-12,21517,27723.23309496,28152.64452728,27107.52446015,27440.40158214,26192.14005923,20918.02187399
2023-05-13,22245,27217.63984229,25408.16445085,24541.26854092,23327.04401290,23919.60540657,20248.60984012
2023-05-14,24365,30048.96205724,26050.74639639,27213.74718218,30677.98712375,30078.99066164,23900.47472069
2023-05-15,26345,29543.36880457,29166.33220071,32250.43782208,27966.49866997,28941.99837752,26356.50393775
2023-05-16,31329,28936.65690136,30846.14744774,34323.45251212,33913.35688572,33953.60334265,31772.97830663
2023-05-17,30921,29644.48745510,31517.32581811,33528.87195309,32783.88650609,33700.32575953,30214.98853473
2023-05-18,32610,30554.55530990,32503.26924737,35270.06079534,34706.88411263,35916.06270955,32009.05952354
2023-05-19,28230,29644.48745510,30071.70605539,32333.24932618,31077.50343286,32033.30524326,26815.30480769
2023-05-20,27578,30251.19935830,28438.26160049,31432.53513757,32348.40032551,31345.17874934,27661.40273735
2023-05-21,22658,30352.31800884,26353.75611135,29093.82943406,27256.32382143,28683.93849946,25519.04075502
2023-05-22,28254,31060.14856257,30681.38077554,34000.47332811,33262.11784950,33553.86499842,26224.12119202
2023-05-23,31538,29947.84340670,31856.17983096,34353.01575861,33126.97506596,34281.96121301,30572.91165157
2023-05-24,32716,31767.97911631,33638.39382286,36374.56114640,36787.69940643,37097.12251176,33970.24489757
2023-05-25,31233,30959.02991204,32907.28220065,35273.81181874,32203.23717755,32650.31469825,29874.03346628
2023-05-26,28057,30150.08070777,30576.72224699,33528.89369763,34188.86135963,32157.97530128,29729.92148625
2023-05-27,26196,30554.55530990,28741.27131546,30749.03501299,33809.13805515,33376.68793953,29168.51019173
2023-05-28,28227,32071.33506791,28070.81116282,31612.79659592,31485.03377489,29146.00700050,26873.29567734
2023-05-29,22885,29442.25015403,29065.32896239,32552.28538628,31281.52042279,29414.96994252,27188.29042172
2023-05-30,27842,29138.89420243,31048.15392439,33114.18674361,31958.34921345,31903.70847484,28472.14548188
2023-05-31,27012,29846.72475617,31719.33229475,32400.34893659,33650.67911285,35036.50106467,28667.14085538
2023-06-01,29301,29644.48745510,31594.24010247,33000.82393631,35910.37071880,35783.37010397,28622.57467441
2023-06-02,26403,29846.72475617,30273.71253203,33627.00887010,34160.43034768,33904.75873388,30522.15930485
2023-06-03,25014,30959.02991204,29145.28426874,30995.01429243,34130.36373839,33275.26136432,26176.20697459
2023-06-04,25537,31970.21641738,27969.80792449,30582.38875189,31828.92013303,33263.74038664,30353.89694697
2023-06-05,27052,29644.48745510,29267.33543904,31201.71980174,31226.76427765,33236.54189644,27640.41764131
2023-06-06,29621,29644.48745510,31553.17011599,33704.26047495,31462.18238170,33368.78053316,29508.43297835
2023-06-07,31445,30756.79261097,32628.36143965,34144.75790753,38216.22380620,37991.78418838,31190.31626581
2023-06-08,31881,31666.86046578,33614.30486890,35724.46124575,38427.02498885,38066.62046953,34611.24468291
2023-06-09,28768,34397.06403019,34818.85825649,35889.63356367,39749.62163759,37245.88598306,32846.95191262
2023-06-10,29037,38239.57275047,36417.51742788,38551.42296282,40713.90367495,37257.58064318,33554.50029938
2023-06-11,23980,38947.40330421,34939.03136867,37126.69975456,39418.71919387,36082.90156085,31400.20275250
2023-06-12,27387,38745.16600314,38357.62688796,38694.26532540,39292.73442764,37084.51946944,32580.64279945
2023-06-13,33722,38138.45409994,40037.44213499,44441.07523208,41968.34520232,37613.81000592,37260.75381633
2023-06-14,34239,36823.91164300,38688.55573893,42981.79753996,43720.65695720,42515.55403365,39375.68174878
2023-06-15,34087,37228.38624514,39169.48297658,42457.50054658,42333.94886256,41370.86400097,38415.92869259
2023-06-16,31299,37430.62354620,37848.95540613,42235.88658422,40850.09568882,39100.54986912,37634.46562832
2023-06-17,28062,36419.43704087,34599.45913810,37787.67290142,36499.21064607,36124.57458869,32836.33047943
2023-06-18,19854,36419.43704087,32413.95041063,31209.03496132,35441.93910656,32878.23035095,26454.83123808
2023-06-19,31379,36116.08108926,35731.54269160,36065.92992088,36242.69446135,34119.67586169,32043.54214807
2023-06-20,27861,36217.19973980,38118.38060688,37681.23807778,34789.45147930,33885.68766227,31723.41598691
2023-06-21,34536,36823.91164300,38688.55573893,39530.04489136,39155.09804985,36058.18418187,30068.54404137
2023-06-22,33494,37531.74219674,39472.49269154,40906.01583786,41398.00917838,40170.48826423,37108.21559482
2023-06-23,31466,38037.33544941,38454.97483606,40707.40083105,39273.61355588,37378.76247057,33714.61888796
2023-06-24,27903,38239.57275047,36417.51742788,36956.75361054,37684.83026923,37547.05230060,32862.42419235
2023-06-25,26511,39958.58980955,35949.06375188,38367.40428126,38798.15587547,34693.89436792,31501.58089936
2023-06-26,30564,35104.89458393,34721.51030839,37913.63565872,33102.45829450,30123.79519516,30276.49184844
2023-06-27,33363,35104.89458393,37007.34498535,39144.47798771,36535.73206022,35470.23897078,32650.61912010
2023-06-28,33620,36823.91164300,38688.55573893,37955.56122709,37378.18078139,37156.72750552,32383.34578804
2023-06-29,29539,35206.01323446,37149.41821015,37392.32342873,35222.77107357,35435.21275254,32809.30475472
2023-06-30,27805,33082.52157325,33505.81615831,34060.73081732,30636.00385547,29473.54215640,27398.63464578
2023-07-01,26059,35408.25053553,33589.42675488,34568.77095037,31141.66472101,28620.03784379,26613.33580276
2023-07-02,23634,33183.64022378,29181.84678435,32470.91080640,28198.12742468,23866.40937888,23334.50932363
2023-07-03,27828,32475.80967005,32095.42611203,34699.91530211,34197.66897815,28959.47400249,25498.80820298
2023-07-04,22508,31363.50451418,33270.22516746,33074.26030826,32489.70991672,32325.60738954,27527.06240218
2023-07-05,31386,31767.97911631,33638.39382286,34376.17803405,34774.39856689,33013.75784594,29140.06395258
2023-07-06,33482,33183.64022378,35129.35344372,37696.53931982,36238.48993846,34901.77036258,33103.28006165
2023-07-07,30999,37531.74219674,37949.95864445,41066.05443587,43155.99160597,40167.96114143,37026.51937798
2023-07-08,21428,37733.97949781,35912.50123627,35438.13823104,33826.56764737,34877.47807886,30050.98526181
2023-07-09,25178,35711.60648713,31706.92774238,31787.85562248,29908.77696377,29054.12012430,25945.09465979
2023-07-10,29560,35509.36918606,35125.52326168,35898.81788176,35280.03790732,32489.80857083,32862.14517357
2023-07-11,31414,35812.72513766,37714.36765360,38303.24338250,35754.71602361,33181.12387987,31307.07182376
2023-07-12,32066,34194.82672912,36062.47154257,36619.10985480,35164.39110503,33571.34929908,34139.65476499
2023-07-13,30853,33689.23347645,35634.36963533,35803.77342673,36096.87211433,35674.14283997,31734.04369406
2023-07-14,16854,32880.28427218,33303.80968167,30930.07366508,28591.66943984,28606.58204926,24870.58113181
2023-07-15,23218,34194.82672912,32377.38789503,32720.62027187,30490.59851929,23221.26902437,22322.69851818
2023-07-16,20743,33689.23347645,29686.86297596,31264.45830543,28987.12953753,24826.70983740,24368.44431750
2023-07-17,28656,33486.99617539,33105.45849525,33437.59451637,34549.12646119,31650.13433734,29870.68331859
2023-07-18,32085,34194.82672912,36098.31584046,37723.04002482,37598.17953594,36841.83304538,32889.57583491
2023-07-19,30549,35003.77593339,36870.49744915,38019.42437383,36847.33958478,35796.57441146,32347.58403940
2023-07-20,29287,34599.30133126,36543.39878022,39627.30826203,35877.16609649,36546.80239248,33408.24124749
2023-07-21,26732,31970.21641738,32394.78053678,34393.57219905,33099.63240089,32743.46271509,29505.69642243
2023-07-22,12578,30756.79261097,28943.27779210,27016.55824404,26834.73069129,24578.57761134,19501.78542886
2023-07-23,22251,34498.18268072,30494.88888253,28829.49210379,28689.64415231,26832.21519647,23648.20873316
2023-07-24,23875,31161.26721311,30782.38401386,28632.01807502,25440.40608382,26690.22441306,24034.86243582
2023-07-25,31327,31869.09776684,33775.24135906,35178.26063987,33505.05734695,33427.98170417,31042.71448650
2023-07-26,25760,32172.45371845,34042.40677615,34844.19988153,37302.73340905,34273.19184302,28788.15823921
2023-07-27,28322,35307.13188499,37250.42144847,34345.22229605,33385.45906272,32364.41367631,28059.43338436
2023-07-28,26933,35408.25053553,35828.89063971,34849.35534597,33725.20639999,34323.34650505,29682.22774963
2023-07-29,25104,35104.89458393,33286.41703992,33899.82997871,32490.09142386,30656.96225490,27214.84916256
2023-07-30,14707,33385.87752485,29383.85326099,28496.20578140,27086.29098372,25048.04000551,23227.89643536
2023-07-31,23312,34093.70807859,33711.47792518,31767.80894717,30116.85644831,26334.75590052,19005.11853035
2023-08-01,30114,33891.47077752,35795.30612549,35883.32914896,37090.63604667,35358.02045050,29974.67064283
2023-08-02,20685,33082.52157325,34951.43592104,32147.75749169,29884.16186935,26823.74226070,23728.20860904
2023-08-03,29898,33992.58942805,35937.37935029,36472.71439839,33479.66005573,33190.22174902,29550.43020940
2023-08-04,25021,33082.52157325,33505.81615831,33556.08861723,31119.21056450,32287.39761622,29098.24498379
2023-08-05,11677,31161.26721311,29347.29074538,27646.06559554,27780.15617806,26529.91099875,21698.63072183
2023-08-06,20559,31767.97911631,27767.80144785,28844.54407189,29106.49503567,27565.96808976,22288.97273828
2023-08-07,26708,32475.80967005,32095.42611203,33468.58833389,34332.12593167,32932.03689463,28375.65555435
2023-08-08,22258,31161.26721311,33068.21869081,30892.33049219,29618.44202587,30026.35979104,26571.71824466
2023-08-09,31870,34194.82672912,36062.47154257,36033.72490270,38061.44280449,37755.30141523,32479.92421197
2023-08-10,31007,36722.79299247,38664.46678497,38819.38792671,40687.61879527,40740.54836467,34754.23466389
2023-08-11,25972,37127.26759460,37545.94569117,37004.98012377,35741.97501102,35334.96746773,31902.40144864
2023-08-12,21691,34599.30133126,32781.40084831,32623.44285525,30152.46028501,27820.79005534,25639.57529093
2023-08-13,21062,34700.41998179,30696.89535917,31112.35035988,30188.39418970,28046.41577766,23346.61496307
2023-08-14,23692,34498.18268072,34115.49087846,32558.80180270,31858.34512171,30662.04316705,26758.86666673
2023-08-15,30997,34599.30133126,36502.32879374,36414.72132799,39103.76817257,39419.42843003,34314.32217525
2023-08-16,31194,36014.96243873,37880.52983236,38977.52926848,40609.44116766,39897.46798474,34448.06071096
2023-08-17,30261,35711.60648713,37654.43440176,37235.52670395,36473.03495916,34364.36245366,29517.15892922
2023-08-18,22135,36217.19973980,36636.91654628,34513.70069670,32870.63020419,31647.17028486,28137.64607253
2023-08-19,24014,36419.43704087,34599.45913810,33790.90667672,32065.82034069,29868.43109500,28097.91109073
2023-08-20,22268,35812.72513766,31807.93098071,31788.79337833,32380.19971670,31617.36328715,26232.34060730
2023-08-21,26965,35307.13188499,34923.51678503,34443.57283381,35366.00204257,34976.85213751,29548.64818215
2023-08-22,30047,36014.96243873,37916.37413024,38204.19045418,40202.35712886,38616.78758962,32727.36131619
2023-08-23,31178,37127.26759460,38991.56545389,40340.28567905,41968.60603923,42446.14929906,36293.72148746
2023-08-24,25143,36318.31839033,38260.45383168,37200.78186303,37378.19100051,38411.58659784,33020.28979142
2023-08-25,24224,33588.11482592,34010.83234992,36366.58802897,33787.40305275,31238.95807674,31809.30385993
2023-08-26,17598,30959.02991204,29145.28426874,27563.44733183,29109.74256069,26632.82884782,23827.31004216
2023-08-27,19458,31666.86046578,27666.79820953,27531.53659581,27578.71180373,25481.00525286,21918.01337470
2023-08-28,20974,31869.09776684,31489.40668211,32049.96363855,32763.02048185,31992.51288318,26345.84499281
2023-08-29,25538,32880.28427218,34785.27374228,35732.65177445,34067.88112547,32392.62718995,28703.04297162
2023-08-30,28786,31767.97911631,33638.39382286,34840.44885813,35505.54904022,33533.33799854,28262.02492214
2023-08-31,25342,30453.43665937,32402.26600904,31272.35681480,30604.60727392,31493.38408247,27820.34354000
2023-09-01,22562,34397.06403019,34818.85825649,32417.69522706,33194.95793046,35121.66071315,31865.70387007
2023-09-02,24753,35711.60648713,33892.43646985,32573.20110557,32488.08561619,33261.92854755,30304.20891594
2023-09-03,23748,35812.72513766,31807.93098071,30819.88035416,34757.51327427,34317.50371322,30534.25539511
2023-09-04,29360,37632.86084727,37246.59126643,37432.43735484,40738.74061660,38489.44144010,34272.58897973
2023-09-05,32355,37936.21679887,39835.43565835,40341.50505567,43514.06751520,40689.77454462,35714.66091223
2023-09-06,32926,39149.64060528,41011.63022032,41085.72556414,45185.04923477,44688.01732898,40698.35533159
2023-09-07,33064,40160.82711062,42098.57688790,41959.86757810,44311.25007871,42305.55983157,38141.94343409
2023-09-08,29055,39756.35250848,40172.02988752,39572.75846427,41752.71186802,42462.73268479,37212.12509835
2023-09-09,27173,41273.13226649,39447.61457752,40275.15343057,42264.80074469,42030.28574136,36879.68575892
2023-09-10,23971,39958.58980955,35949.06375188,35278.99401672,38082.75083606,36291.96862967,31390.00064766
2023-09-11,29900,37632.86084727,37246.59126643,36544.26708269,35873.35254060,35437.29492394,33513.01628822
2023-09-12,30202,35812.72513766,37714.36765360,36304.86027015,35415.08348913,36612.45199969,33695.67975308
2023-09-13,32568,32981.40292272,34850.43268272,35315.97275239,34489.42931698,34567.49515501,32090.63393732
2023-09-14,33814,33992.58942805,35937.37935029,36634.19990242,38735.15271575,38873.66291448,35960.81156898
2023-09-15,31139,34700.41998179,35121.86797146,34822.60536703,40129.04578356,40590.79220221,34854.51898795
2023-09-16,30441,36217.19973980,34397.45266145,34475.34455714,37588.16566819,36753.76961782,32430.31672342
2023-09-17,18611,34700.41998179,30696.89535917,28165.23991137,25953.20582593,24898.07897079,24112.36499799
2023-09-18,27708,33385.87752485,33004.45525693,31619.94484020,30190.76343071,23082.67938379,18226.46971604
2023-09-19,29412,32576.92832058,34482.26402731,33509.41282652,31560.98513828,27733.17288882,26525.69277949
2023-09-20,20300,33891.47077752,35759.46182761,34012.34283480,32738.59955127,28244.43313011,26518.68804150
2023-09-21,25549,30048.96205724,31998.25305576,30097.83588720,32116.18642332,28370.33634015,20372.94396055
2023-09-22,27104,29442.25015403,29869.69957874,29041.10666991,30686.98993172,28939.05534441,24833.98761660
2023-09-23,25767,29240.01285297,27428.22921728,28617.34694659,29236.63751100,29397.04438290,27309.80148688
2023-09-24,21664,32576.92832058,28575.82735442,28488.70373461,27951.35171943,26348.28927243,23191.89524755
2023-09-25,30011,34498.18268072,34115.49087846,34234.21390699,33936.41284177,31858.85250560,29738.08795224
2023-09-26,32815,34295.94537966,36199.31907878,35342.06659626,37008.53796822,34673.35598489,31185.67384008
2023-09-27,32972,33992.58942805,35860.46506593,34477.55141473,33827.16574362,30719.93921681,28957.33441871
2023-09-28,31853,33183.64022378,35129.35344372,35597.22776746,32142.09732663,30223.02650964,29575.34103609
2023-09-29,29334,33486.99617539,33909.82911160,33721.32514466,31051.74501855,30167.93990448,29421.59004095
2023-09-30,26977,31464.62316471,29650.30046035,29707.81903944,30935.14755511,30090.86204468,26561.60363550
2023-10-01,23661,34599.30133126,30595.89212085,28547.83022759,28546.73162165,29040.80242763,26196.94380281
2023-10-02,27629,33689.23347645,33307.46497189,29967.53169146,28936.89824366,29392.15790262,28146.62713513
2023-10-03,32414,31464.62316471,33371.22840578,33438.54044817,31743.37479361,30444.70852094,28889.22822918
2023-10-04,28910,30251.19935830,32123.34524804,32222.42876795,32130.85880206,31008.58108304,28783.75323773
2023-10-05,32954,31262.38586364,33210.29191561,33681.95573400,32729.84513256,32945.64089154,30106.41860210
2023-10-06,30427,32678.04697111,33101.80320503,32421.93906564,33265.47405735,32148.73314766,28323.10670893
2023-10-07,29353,34498.18268072,32680.39760999,32360.09115535,34795.47292666,33274.08942113,28131.33026937
2023-10-08,26987,34093.70807859,30090.87592924,29693.72566455,33994.85145053,34447.29915179,27238.36966005
2023-10-09,32177,33689.23347645,33307.46497189,32268.70012386,37494.17865674,38764.18730350,31333.53212626
2023-10-10,34850,33385.87752485,35290.28993388,33839.88588136,38103.95221534,36310.78168355,30570.19858626
2023-10-11,30972,33385.87752485,35254.44563600,33280.96928743,32474.30480874,31642.31696516,29429.91938721
2023-10-12,26120,30857.91126151,32806.27896233,28853.82527777,26485.66860610,28379.41920648,28500.74039504
2023-10-13,23309,33082.52157325,33505.81615831,31053.06330480,31404.60785723,27707.11891751,24612.22076467
2023-10-14,25107,26105.33468642,24297.12882932,25156.70955469,26518.60485958,26500.31586205,22758.33760138
2023-10-15,20718,23375.13112200,19384.53266718,21802.64797525,21379.40537538,22757.69737490,20769.17698489
2023-10-16,26476,24386.31762734,24015.16704632,25440.40679263,26561.48007092,27906.45796566,24482.22528673
2023-10-17,30175,28532.18229923,30442.13449446,32765.40351246,30199.48364001,27658.01768521,26188.74106430
2023-10-18,20814,29341.13150350,31214.31610315,30195.42016496,30220.17419711,27309.20392659,24708.61277034
2023-10-19,24305,32374.69101951,34321.32753715,31592.95949597,30161.65512864,26752.62133283,23154.28485464
2023-10-20,23331,30857.91126151,31283.74491524,28166.06497963,28401.46521542,25129.10266966,17186.44892899
2023-10-21,13662,29341.13150350,27529.23245560,24661.88985375,25144.17953894,26284.18523922,24438.06352857
2023-10-22,20686,26813.16524015,22818.64277010,22318.98818619,25231.51677002,24282.94579570,18689.52367838
2023-10-23,23064,27622.11444442,27247.27067261,25086.88690771,25824.37393465,26605.74322396,24812.82609216
2023-10-24,24096,27015.40254122,28927.08591964,27321.38710178,28919.53743925,30186.87650195,27292.66169724
2023-10-25,25798,27015.40254122,28891.24162176,27489.15527598,28344.35404139,28649.22135119,25916.00967680
2023-10-26,24995,28127.70769709,30079.19152765,28142.19247774,29460.76761521,29602.48368072,26628.15778580
2023-10-27,23226,26509.80928855,26940.60566742,24774.91726957,27433.19176869,28046.71287770,24396.48437777
2023-10-28,18970,28026.58904656,26216.19035742,24124.87113963,24304.15096048,24447.21630110,22482.84420370
2023-10-29,12317,26610.92793909,22616.63629346,20419.65800216,18524.29004539,17975.77112340,16951.02454431
2023-10-30,25269,27015.40254122,26641.25124268,24576.61817254,26529.09517431,27084.27561920,22902.93689708
2023-10-31,27035,26610.92793909,28523.07296635,26207.42323820,27929.43915507,28845.66728148,26112.88019050
2023-11-01,23706,28329.94499816,30204.28371993,28793.23013424,26661.88193922,23674.52758301,21803.07592802
2023-11-02,18045,26307.57198748,28261.13323787,26288.41526415,23780.70130038,17486.52075593,16158.56216359
2023-11-03,22618,25801.97873482,26233.58299917,25616.15187478,27561.13439916,26754.44080905,22700.77586754
2023-11-04,16553,24993.02953055,23186.09320778,21129.44232766,24014.38141624,22477.49457769,18724.60468299
2023-11-05,16786,26105.33468642,22111.62010185,21424.25362309,21765.88404648,20267.01331868,18452.87936105
2023-11-06,25607,25903.09738535,25530.21562115,25535.21588237,25797.44807519,24388.00080405,22174.09447586
2023-11-07,28731,24487.43627788,26402.00496160,25683.08816529,27320.22446724,27310.28335397,24789.42203874
2023-11-08,20839,25397.50413268,27275.18980861,25152.79706200,26698.55802858,24705.72171542,22055.50795194
2023-11-09,24709,24082.96167574,26039.06199480,25480.54280335,25558.52326931,24155.88069763,22181.34993203
2023-11-10,21416,23375.13112200,23809.50527946,23393.40574203,22148.37710164,23427.04213042,22365.58093076
2023-11-11,23666,21656.11406293,19852.98634317,18999.18483230,23183.22555170,24470.89547820,20572.56459968
2023-11-12,13178,23880.72437467,19889.54885878,18012.42740984,17148.57029827,19268.59950489,18637.63163893
2023-11-13,22757,28431.06364869,28055.29657918,27335.00032289,26924.03887809,17978.64161352,13032.27256538
2023-11-14,24032,26712.04658962,28624.07620467,27056.15989019,25412.28540613,21535.32985793,19238.55128721
2023-11-15,27817,24891.91088001,26770.17361701,26439.99231499,26385.93375527,24525.80977633,23046.33829131
2023-11-16,23937,23071.77517040,25029.02961158,23715.01038856,21728.82915916,23954.38757573,23959.99924216
2023-11-17,23990,22970.65651987,23405.49232618,22077.58499841,23974.22608348,24956.49006723,22236.28027283
2023-11-18,15789,28329.94499816,26519.20007239,23804.71339912,23323.34661015,21648.42329143,19453.37706492
2023-11-19,15982,28329.94499816,24333.69134492,24048.83800421,21468.21372879,18562.48265824,17400.46510321
2023-11-20,24967,26307.57198748,25934.22857443,25135.25314569,23268.39240211,23410.27852069,22507.02262721
2023-11-21,26871,26105.33468642,28018.05677475,27090.90473111,23837.28090735,24606.55406329,24398.01303472
2023-11-22,27043,24184.08032627,26063.15094876,25040.61555180,24390.55253712,25946.89986869,24606.86606896
2023-11-23,28508,26509.80928855,28463.13971451,26976.60416797,27062.45952392,26898.86703881,24594.68008900
2023-11-24,22974,23981.84302521,24415.52470939,28566.56840602,27456.78232372,25397.88349101,21505.92477751
2023-11-25,18246,19027.02914905,17226.90214682,19802.41638838,19918.16149366,20308.42857090,17835.60030796
2023-11-26,12374,19937.09700385,15950.42256425,14746.14485118,17644.38482689,17954.61869874,15069.56746901
2023-11-27,18914,23981.84302521,23611.15409304,21641.74642458,20866.10609478,19908.31326135,18462.40869132
2023-11-28,25817,21049.40215973,22967.89485868,23269.29328203,21950.01663367,23027.87141641,22278.33899231
2023-11-29,25418,19633.74105225,21518.00522430,23060.59049029,22102.32003951,23878.95752647,23014.12194144
2023-11-30,23691,17712.48669211,19675.85798055,20637.45612806,21165.12014552,21964.56475311,20388.77034524
2023-12-01,19526,17308.01208998,17749.31098018,17927.37600618,18143.32347612,19201.83111471,14896.07572608
2023-12-02,13980,15285.63907930,13489.78232893,12884.39981279,11240.36402227,12943.30191013,11526.69011488
2023-12-03,9849,21251.63946079,17263.46466243,15545.57750935,16004.78070490,16483.27109493,11817.40963121
2023-12-04,18419,22667.30056827,22298.11199486,20337.67156632,18107.82945183,16353.54993345,13555.28269371
2023-12-05,21115,22161.70731560,24078.93048021,23017.19465232,20880.80484205,21815.50480720,18723.11907568
2023-12-06,23529,19633.74105225,21518.00522430,21062.20737794,21904.51062322,23785.82294730,18737.17149200
2023-12-07,20903,23071.77517040,25029.02961158,24542.62359670,22449.64092536,21594.13977015,17690.59366972
2023-12-08,22701,24689.67357894,25122.54737764,23587.26776009,23616.50784661,23460.28420124,18481.14715050
2023-12-09,14850,26206.45333695,24398.13206764,24249.29135038,24495.82655047,18293.13087292,11855.78909688
2023-12-10,11483,25700.86008428,21707.60714857,21420.50259970,19686.95911826,14639.64463998,8935.23161272
2023-12-11,23354,25498.62278321,25126.20266786,25390.16504295,22958.06157267,18755.38422203,14563.22529360
2023-12-12,21554,25296.38548215,27210.03086817,24459.26324387,23770.30941416,23709.65104122,19033.13215632
2023-12-13,21712,23678.48707361,25558.13475715,24410.17044445,21361.81219546,19637.42899068,16522.09265285
2023-12-14,21168,21858.35136400,23816.99075173,22492.61603816,21866.12227787,23568.36067869,19339.82379933
2023-12-15,20826,23375.13112200,23809.50527946,23413.59143003,21426.44364618,23225.11879401,18944.06829115
2023-12-16,16087,25903.09738535,24095.12235267,22268.28065849,19809.57331770,19926.92272027,16418.95787238
2023-12-17,13560,26206.45333695,22212.62334018,22111.50477106,18294.06894144,17534.31895059,14335.02483826
2023-12-18,19049,27116.52119176,26742.25448100,26353.89647269,23783.79901569,23065.28303765,18609.44009545
2023-12-19,12532,26206.45333695,28119.06001307,26223.85790281,25762.97344926,21946.70610602,14739.40877278
2023-12-20,18769,24184.08032627,26063.15094876,25686.55756792,25425.34247019,24062.50522658,18568.53280636
2023-12-21,16115,28026.58904656,29978.18828933,31169.10792242,28758.45740479,25830.11836458,20128.74194800
2023-12-22,12966,26914.28389069,27344.61862071,28250.60662957,25209.28764411,22581.87050510,17696.14261163
2023-12-23,9674,26712.04658962,24903.14825924,25626.60691386,22428.89388769,21685.62956999,17227.09606226
2023-12-24,6942,29341.13150350,25343.72372814,24017.84418669,21720.67003786,19334.12868039,14085.08558734
2023-12-25,13365,28431.06364869,28055.29657918,25699.95959461,23631.61397568,21474.09068822,15932.31202872
2023-12-26,7214,23880.72437467,25795.98553167,26060.98970227,25346.62753052,25052.77352073,19690.83524412
2023-12-27,6721,26408.69063802,28285.22219183,26999.07222881,25313.77660569,20873.64394801,15874.85116797
2023-12-28,7956,27622.11444442,29574.17533605,30115.70112285,26095.12831391,21707.76221489,18377.10777823
2023-12-29,11006,25700.86008428,26132.57976085,27008.02659117,24553.44408269,21612.02201706,16236.27486911
2023-12-30,8801,25700.86008428,23893.11587603,23094.01835494,22196.43186489,18816.03561123,13702.02556095
2023-12-31,8397,24386.31762734,20394.56505039,20116.42774144,21052.23488149,14666.83787553,7623.90036839
2024-01-01,8212,24487.43627788,24116.17028465,24169.64620426,23561.99567258,20375.86966008,15119.18891351
2024-01-02,9769,27622.11444442,29533.10534957,28356.48372505,26515.20079843,16040.64220353,10578.33857373
2024-01-03,15255,25903.09738535,27780.20600022,27620.13977767,25639.88487160,23890.78501799,19287.46387571
2024-01-04,12987,23880.72437467,25837.05551815,24852.91096354,22066.37354384,17234.53618749,12773.38893625
2024-01-05,15430,22465.06326720,22900.47613457,22395.86722722,19976.72914840,18061.94500885,14984.66446674
2024-01-06,13370,21959.47001453,20155.99605814,20939.82414818,17629.31198555,19473.51795281,16181.55660058
2024-01-07,11508,19835.97835332,15849.41932593,18903.45882406,15413.05507636,14986.44858895,11578.08499380
2024-01-08,17428,18925.91049852,18560.99217697,22624.32872033,18386.00250248,16645.42695623,13208.42494264
2024-01-09,20665,18723.67319745,20644.82037728,24680.90874577,21194.67527249,18476.62581681,15065.98369842
2024-01-10,20887,18925.91049852,20810.98255605,25395.56600775,23687.49459136,22021.97778030,16783.93026500
2024-01-11,21096,19027.02914905,20988.90007873,21780.04548229,21382.75373769,21232.85113006,16605.79072619
2024-01-12,18811,21352.75811133,21789.44051303,22587.40879292,19000.50228984,19565.39728438,16480.67512408
2024-01-13,14698,19128.14779958,17327.90538514,18027.01359992,15799.12705839,16408.33603946,13413.00087542
2024-01-14,12909,20240.45295546,16253.43227921,17050.12655113,15604.74806147,15759.62218402,11783.97908174
2024-01-15,20275,16802.41883731,16439.92417222,20606.25273517,19157.54789242,18774.13097775,14233.64937352
2024-01-16,22379,15892.35098250,17816.72970429,21485.49856546,23164.99339956,23402.69121763,16826.66817630
2024-01-17,22084,17105.77478891,18992.92426626,21361.73448978,19726.35377307,20682.71474347,16648.22287285
2024-01-18,21403,15386.75772983,17352.78349916,21665.54351973,22604.89025169,22617.99685319,16329.92498708
2024-01-19,18804,16195.70693410,16638.27535864,18663.93114798,22587.76962399,23379.46186532,15550.72928905
2024-01-20,14573,19835.97835332,18034.92805339,21061.43109139,19271.44175570,17899.36037586,13457.82276650
2024-01-21,11607,25397.50413268,21404.59743360,21518.61777217,21438.56375001,14373.11494273,8947.44868387
2024-01-22,21077,26004.21603588,25631.21885947,26767.48060643,26195.78006143,18009.40065647,12105.52904961
2024-01-23,20436,25397.50413268,27311.03410650,26276.91292003,28162.22254719,21834.71948912,15042.16646061
2024-01-24,24682,26914.28389069,28790.23838343,30980.34154474,28796.75798188,20031.22399935,15534.23325928
2024-01-25,24677,25903.09738535,27857.12028458,26143.36442473,26527.70650880,25244.01902719,20130.23642765
2024-01-26,21669,24993.02953055,25425.55709260,27788.70413237,27253.97570584,22151.16515118,17027.49417957
2024-01-27,16959,20847.16485866,19044.96043660,19556.88204961,20904.80397533,20861.53601964,15572.37165401
2024-01-28,15540,22869.53786934,18879.51647557,18790.29168349,21280.87537331,22010.42420776,15666.16412559
2024-01-29,22839,26712.04658962,26338.24152772,24533.43352898,22286.49863931,21604.27456125,18867.61504383
2024-01-30,22303,24993.02953055,26907.02115321,27504.48886485,27922.93025816,26242.12044936,19243.26985299
2024-01-31,24505,24689.67357894,26568.16714036,28295.20009961,28175.95188695,26514.91790508,19910.23258961
2024-02-01,24839,23577.36842307,25534.04580319,27918.32227253,27506.60630465,26861.69732305,21992.16365889
2024-02-02,21427,25700.86008428,26132.57976085,25413.35723889,26883.15833634,25493.37546348,19603.26297593
2024-02-03,17434,28026.58904656,26216.19035742,25013.04141178,21836.66178440,22619.64545191,18785.77005064
2024-02-04,14998,27824.35174549,23828.67515332,22247.62299266,20108.11870286,19337.34689509,15328.65803760
2024-02-05,22260,26509.80928855,26136.23505107,26873.09782569,23240.51211069,20105.20528670,16766.56681512
2024-02-06,23315,28532.18229923,30442.13449446,30645.90627209,27425.86705896,23311.60285892,20066.26079603
2024-02-07,23542,21757.23271346,23639.07322904,22979.35492309,20602.30505313,16903.82079332,14035.44193065
2024-02-08,12260,23779.60572414,25736.05227983,23600.46055148,25597.39418197,23261.59455950,17245.38525908
2024-02-09,17511,27015.40254122,27445.62185903,25082.39136886,22966.21768722,17408.24402772,12035.63845261
2024-02-10,15964,25801.97873482,23994.11911435,22489.38547068,21360.75114695,23309.96788836,19412.20670560
2024-02-11,15157,24790.79222948,20798.57800368,20322.03564487,20632.40888263,19755.77552709,14560.53263159
2024-02-12,22298,22566.18191773,22197.10875654,23667.37233105,24583.89149283,24431.77271515,20406.48319367
2024-02-13,20228,24386.31762734,26301.00172328,25338.99371338,26991.97401640,25290.84380664,18889.41490862
2024-02-14,21864,28532.18229923,30406.29019658,28189.53500583,25653.68592408,24918.63113449,21263.75322197
2024-02-15,24887,29846.72475617,31796.24657912,30802.45945563,31205.15851751,31156.64765641,25724.28908725
2024-02-16,21651,27723.23309496,28152.64452728,27793.83785227,26238.33375694,24827.14512496,21000.53155230
2024-02-17,16787,27217.63984229,25408.16445085,24137.55478085,22667.24259703,20395.18227693,15810.98769761
2024-02-18,14945,28329.94499816,24333.69134492,22716.58259598,23839.09094221,19470.40755342,11532.05379707
2024-02-19,22584,26206.45333695,25833.22533611,25800.44309396,27048.86995621,25540.82601930,19013.49817914
2024-02-20,25160,25094.14818108,27008.02439153,26415.39946851,26689.92462432,24123.08433715,19593.87629496
2024-02-21,16906,26408.69063802,28285.22219183,26797.21534877,24886.84892325,21227.34331734,16509.76499319
2024-02-22,16240,24082.96167574,26039.06199480,24632.74390720,26035.43946698,20928.80815214,13875.48473491
2024-02-23,18487,21656.11406293,22092.45022800,22448.92224444,23874.27333064,23327.72705272,18609.96659478
2024-02-24,17561,20847.16485866,19044.96043660,19213.72535355,22924.83388750,24805.73005265,18352.08799582
2024-02-25,12595,21049.40215973,17061.45818579,16048.34419774,18861.28908191,15337.84969661,10273.23700854
2024-02-26,20621,22970.65651987,22601.12170983,24862.07894665,22984.77156584,19392.87526465,16209.89747672
2024-02-27,24669,22465.06326720,24381.94019518,26088.23249640,24672.13954701,25447.37941416,22442.76803625
2024-02-28,24061,25397.50413268,27275.18980861,26121.71008617,25360.52009819,24659.57803338,21000.39689615
2024-02-29,17788,25296.38548215,27251.10085465,25915.69532160,25017.90638891,22280.80251984,17483.51888936
2024-03-01,15299,21656.11406293,22092.45022800,22428.73655644,23362.87720990,19565.48172782,14773.33294995
2024-03-02,13137,21757.23271346,19953.98958150,20130.52111634,20319.27269727,18644.37270717,14346.59459234
2024-03-03,16221,21150.52081026,17162.46142411,18269.70763398,20882.86335963,22077.69139239,18266.94556374
2024-03-04,22740,22667.30056827,22298.11199486,23708.68146291,26809.32113149,24415.37302166,18482.29070586
2024-03-05,24567,24082.96167574,25997.99200832,25861.00833393,25033.68871079,25317.25989621,21494.12006928
2024-03-06,25869,23779.60572414,25659.13799547,25581.87810450,25582.83780186,26876.41697433,23617.35637624
2024-03-07,25347,23880.72437467,25837.05551815,26124.60930776,25492.27954330,22917.52161552,19656.26301341
2024-03-08,22662,23375.13112200,23809.50527946,25210.11766235,24052.09243046,20581.50403103,18109.14474231
2024-03-09,21041,25700.86008428,23893.11587603,25213.51559531,24740.53871737,23071.15710247,18602.71366937
2024-03-10,7479,24487.43627788,20495.56828871,17937.31119291,14687.41733566,14498.34004307,11559.72733286
2024-03-11,22058,23981.84302521,23611.15409304,22287.68844069,19327.86953680,18598.87360965,15703.51705252
2024-03-12,16085,26307.57198748,28220.06325139,25962.38171461,26396.42254745,22786.04063731,16376.03909969
2024-03-13,26083,28026.58904656,29901.27400497,29214.31631477,26199.25687700,25993.30393748,22525.85514251
2024-03-14,25698,28026.58904656,29978.18828933,29251.46756209,31998.16021713,29603.10671257,24218.51658560
2024-03-15,22516,28835.53825083,29263.68014882,28853.80894279,28666.23118945,25700.72378645,21786.90727478
2024-03-16,23067,26105.33468642,24297.12882932,26367.85083490,24956.61854806,25982.60089710,22136.67421747
2024-03-17,16637,28228.82634763,24232.68810660,22311.93108006,24443.31128156,23401.36862369,16230.96254346
2024-03-18,25575,27622.11444442,27247.27067261,26419.14231595,25709.32687334,25404.12892514,22297.58410524
2024-03-19,27103,27824.35174549,29735.11182621,28822.63006083,25845.26999888,25584.07873599,23183.70140682
2024-03-20,28381,29543.36880457,31416.32257979,31913.07915696,31496.38920820,32411.59448988,29072.98844593
2024-03-21,28215,28431.06364869,30382.20124262,30385.61711368,31790.53053745,29657.44759931,24361.98940653
2024-03-22,22273,26206.45333695,26637.59595246,27880.69995456,25649.11195862,24587.78978294,19842.14727919
2024-03-23,19159,23476.24977254,21671.04463296,25213.07065465,24526.08268747,19943.91950113,17500.29247855
2024-03-24,18219,24790.79222948,20798.57800368,24520.65874960,25192.30558279,22109.53839023,17886.62427789
2024-03-25,23399,25094.14818108,24722.18971457,26900.34061982,25614.84512662,24463.59111368,20567.14300880
2024-03-26,19287,26105.33468642,28018.05677475,29311.33041150,29802.27076998,27176.16399832,21611.81522142
2024-03-27,23166,23981.84302521,25861.14447211,26613.22370438,27109.53162133,21304.81442252,19099.70086462
2024-03-28,16576,24487.43627788,26443.07494808,26897.29198699,25761.62955195,17655.51564492,13464.59716869
2024-03-29,15713,26105.33468642,26536.59271414,27334.74862262,27431.50453684,23081.51519354,20242.74957355
2024-03-30,19917,25801.97873482,23994.11911435,25860.39536727,28618.08425012,26294.04715015,24099.49275137
2024-03-31,13883,25397.50413268,21404.59743360,20448.77630798,19232.57628034,16913.47123646,14706.18123616
2024-04-01,17320,26610.92793909,26237.23828939,26773.10714152,25498.47102240,24595.39174327,24544.72630495
2024-04-02,18489,26914.28389069,28826.08268132,28693.07613018,29329.94945920,26796.20765800,23661.54847552
2024-04-03,22786,27824.35174549,29699.26752833,29394.11199510,27146.44254181,22773.66869806,19446.62289490
2024-04-04,22111,28532.18229923,30483.20448094,29740.61285341,29702.54784947,25012.35116457,20640.98442509
2024-04-05,20842,30352.31800884,30778.72872364,30381.80188078,28776.83176970,24900.59570833,23939.79773486
2024-04-06,23408,32475.80967005,30660.33284356,32321.15035038,29477.74955273,23966.40823830,21276.02374600
2024-04-07,19581,29644.48745510,25646.73344310,27855.93817490,24840.45126499,19283.40998669,18637.47525015
2024-04-08,21438,28936.65690136,28560.31277079,28793.05863839,29669.77113832,27670.87787150,22927.28625980
2024-04-09,22347,26206.45333695,28119.06001307,30402.29531954,28559.46372421,22906.46855691,19616.17792495
2024-04-10,24265,25801.97873482,27679.20276190,27437.53082979,28398.98353905,25681.30673337,22213.10647698
2024-04-11,27813,30959.02991204,32907.28220065,31458.71678607,32180.26368680,31213.31715363,27744.71683192
2024-04-12,26661,31161.26721311,31586.75463021,32609.72960795,35744.48315068,32113.11735194,27402.08572926
2024-04-13,27993,31767.97911631,29953.31017531,31103.44477923,31663.27542065,28574.82733376,26192.54362565
2024-04-14,21193,27824.35174549,23828.67515332,27394.97343355,23999.68009728,22218.72364637,21800.38855574
2024-04-15,20604,25599.74143375,25227.20590618,28459.32737534,27570.22138044,20217.85035429,17732.38106484
2024-04-16,25005,26105.33468642,28018.05677475,30946.37113978,29129.74143568,26074.21348899,22984.44387841
2024-04-17,26063,24386.31762734,26265.15742540,29806.31343233,28811.17861790,27087.05125649,25767.96097694
2024-04-18,27085,25599.74143375,27554.11056962,31449.38710211,31555.59808373,28604.07590139,27522.76120186
2024-04-19,20665,26509.80928855,26940.60566742,28065.18441414,29506.52710209,26020.89599956,20803.36087139
2024-04-20,21582,24082.96167574,22277.06406289,27217.08030209,25049.08364063,22717.61195776,19906.53784066
2024-04-21,18359,24487.43627788,20495.56828871,24578.40254607,23154.03753301,20682.62038454,18364.67621223
2024-04-22,23807,23678.48707361,23308.14437807,25999.04176579,23265.32151917,23671.45786052,21613.26380035
2024-04-23,24262,24082.96167574,25997.99200832,27354.74924619,27054.40175095,26729.32169032,22015.75229514
2024-04-24,26428,24082.96167574,25962.14771044,30994.45575699,26884.00923050,25860.06827380,24246.87701701
2024-04-25,23416,23678.48707361,25635.04904151,27555.91764432,28719.58240896,27756.95043863,22017.86566223
2024-04-26,25391,24993.02953055,25425.55709260,28979.65972458,28423.46822205,27674.92380872,24409.44794017
2024-04-27,15570,24487.43627788,22681.07701617,22113.85226059,22232.91899239,20851.60741552,15785.17759674
2024-04-28,13022,25094.14818108,21101.58771864,20869.86248851,20938.09475984,15568.68814865,8767.29419366
2024-04-29,26963,27622.11444442,27247.27067261,29446.99551647,30034.69085562,26206.69139011,24412.78692589
2024-04-30,30777,29644.48745510,31553.17011599,33603.33203493,35478.63828530,33332.46661123,27714.11142583
2024-05-01,29968,30655.67396044,32527.35820133,31317.82383119,33169.28661700,32262.36134344,26226.74862893
2024-05-02,27686,29240.01285297,31190.22714919,29363.64907229,29036.97033658,26128.02465184,20205.48655911
2024-05-03,15983,26813.16524015,27243.61538239,25383.30117722,24127.01302604,22386.75895590,17918.17958422
2024-05-04,24179,28532.18229923,26721.20654903,27621.68394348,27901.05770872,28756.78761028,23219.48476487
2024-05-05,23303,28633.30094976,24636.70105989,24859.07879190,26378.95370081,26942.37963460,23164.35662796
2024-05-06,10684,28329.94499816,27954.29334086,25335.67945469,24853.74360719,24944.94415103,19497.51805298
2024-05-07,28825,30959.02991204,32866.21221417,33514.59442095,34649.63008560,33622.11937965,31055.56288610
2024-05-08,31973,30756.79261097,32628.36143965,33216.21625937,35890.02045311,34811.99441435,30762.47732251
2024-05-09,34978,32981.40292272,34927.34696708,36160.55151986,39001.35889526,37863.12080365,33315.89056471
2024-05-10,32947,33588.11482592,34010.83234992,35397.67500480,37663.01169463,36183.22163141,31929.65853685
2024-05-11,31353,32273.57236898,30458.32636692,30684.23411040,34195.29821004,30823.79879299,25303.49796607
2024-05-12,28808,35206.01323446,31201.91155078,32691.52280340,33871.72108918,32358.76193612,28444.46617772
2024-05-13,28958,31666.86046578,31287.40020546,31341.58904673,28915.72962976,27667.37472240,23562.05866994
2024-05-14,25584,31565.74181524,33472.23164410,32773.35049991,29548.87893419,28546.62966474,24751.53240608
2024-05-15,32757,32576.92832058,34446.41972943,35231.47897699,34824.34937918,34459.98015191,29788.47487639
2024-05-16,26093,30150.08070777,32099.25629408,29351.90318692,28351.90058936,28806.53632793,23256.68806356
2024-05-17,29357,32273.57236898,32697.79025174,33245.80125039,34605.43545328,36156.42606578,32263.57671455
2024-05-18,27078,31666.86046578,29852.30693699,29063.75253503,30454.68521362,31155.50407583,24422.19972636
2024-05-19,29443,32880.28427218,28878.83706939,30671.57130654,32519.73224414,30313.19930611,27346.96105503
2024-05-20,32109,31565.74181524,31186.39696714,32551.79257110,34293.74907176,32996.43783415,30435.97517677
2024-05-21,18813,29442.25015403,31351.16363935,29160.60516246,26500.26574806,24821.00312195,18423.89558525
2024-05-22,16947,29947.84340670,31820.33553308,28202.66358771,25201.50333561,22482.46747221,18543.90595450
2024-05-23,30434,30554.55530990,32503.26924737,32908.33529893,32633.01042112,31584.78692024,27459.06175736
2024-05-24,27523,30453.43665937,30879.73196196,33148.17889311,32237.34976586,32044.54174763,29259.18178662
2024-05-25,27107,31666.86046578,29852.30693699,31889.74885552,32714.90898795,31768.15575269,28800.86716731
2024-05-26,25074,31565.74181524,27565.79497121,27429.67039995,27395.94014153,23293.02486017,19680.90687729
2024-05-27,21412,29745.60610563,29368.33867736,29930.95921337,28615.38777734,26559.98597596,24229.45772008
2024-05-28,22870,30150.08070777,32058.18630760,29671.81165349,30222.37612578,27694.90896214,22324.20216360
2024-05-29,30748,32475.80967005,34345.41649111,35311.28397315,34874.30561762,32865.01929396,29395.77132965
2024-05-30,27013,31161.26721311,33109.28867729,34003.98898621,33701.49595568,32532.19785148,27288.12578908
2024-05-31,22963,29543.36880457,29970.70281707,30253.18570597,25709.61337453,24758.15690137,21388.56316910
2024-06-01,23264,29341.13150350,27529.23245560,28517.35626242,27546.41723728,25806.42807713,23269.15457520
2024-06-02,27710,32880.28427218,28878.83706939,31378.07038666,32887.01689513,30537.81937569,28805.54826874
2024-06-03,27676,33082.52157325,32701.44554196,33292.54367695,31480.23023010,32179.80532786,29084.82643784
2024-06-04,28880,33082.52157325,34987.28021892,34947.28545401,33354.98254892,31638.80387896,28828.23558808
2024-06-05,31142,29138.89420243,31012.30962651,34412.35344600,31706.99915527,29051.70875198,27414.47915089
2024-06-06,31558,30352.31800884,32301.26277072,35530.59922769,33417.50368476,31587.32862542,29206.71403473
2024-06-07,28592,30959.02991204,31384.74815356,33738.25262445,32252.43322205,30086.99032755,30060.59005671
2024-06-08,26163,31060.14856257,29246.28750706,31621.70837638,29952.80689802,28496.94887802,25640.19201647
2024-06-09,25644,29442.25015403,25444.72696646,28580.74743133,25534.23161491,24049.66690901,21385.37154077
2024-06-10,23647,28431.06364869,28055.29657918,28243.35628305,28809.75766953,26225.23909066,21330.85131949
2024-06-11,29836,28026.58904656,29937.11830285,31690.87326903,31955.21880964,31431.58935197,28852.96688311
2024-06-12,30467,29037.77555190,30911.30638818,33482.87404199,32529.31486274,32587.40475707,27222.04972964
2024-06-13,27347,28936.65690136,30887.21743422,32287.76056525,31602.73448917,28853.03480457,25427.82082231
2024-06-14,25700,31262.38586364,31687.75786853,32065.65378771,32002.24204985,27919.38782878,24417.57655756
2024-06-15,18048,29644.48745510,27832.24217056,27490.69944179,29036.32023511,24717.06952827,19533.64196239
2024-06-16,26152,31869.09776684,27868.80468617,29430.86677984,29369.39527484,26916.20551209,23707.84808408
2024-06-17,31296,32880.28427218,32499.43906532,34703.66632550,34884.66616071,33480.05800171,33466.42971400
2024-06-18,32158,33689.23347645,35593.29964885,37314.63748551,36864.23496357,36013.15995494,33159.68038048
2024-06-19,32589,32172.45371845,34042.40677615,35752.55584168,35786.97908257,34570.89226757,32379.93849819
2024-06-20,33836,32981.40292272,34927.34696708,37492.80692809,37759.34959639,36904.06271716,35515.25184991
2024-06-21,30186,34194.82672912,34616.85177985,36271.28612404,36789.35357837,33150.17472268,32667.67089286
2024-06-22,27408,33689.23347645,31872.37170342,32695.74580463,33183.38997006,31885.23832504,25858.94461363
2024-06-23,31919,34801.53863232,30797.89859749,32062.01545190,31832.88346741,31987.85489404,30243.10060052
2024-06-24,31578,38138.45409994,37751.60745803,38325.29640624,38362.16964829,38863.31026479,36051.52880853
2024-06-25,35190,38239.57275047,40138.44537331,41838.05923547,42798.76596818,41748.56779993,38424.40002610
2024-06-26,34515,39149.64060528,41011.63022032,42781.32335644,41906.38080524,40020.11642527,38640.06876113
2024-06-27,33718,36318.31839033,38260.45383168,40087.33524753,36978.13917178,33248.10716763,32687.88381458
2024-06-28,29513,32678.04697111,33101.80320503,35772.76327423,33191.68975264,30449.10752778,26531.82282171
2024-06-29,29372,34498.18268072,32680.39760999,36498.15719608,35638.16834859,34457.72907157,34039.88838673
2024-06-30,24226,33486.99617539,29484.85649931,31040.54022569,27229.51263467,27259.91483189,26368.97710510
2024-07-01,28380,32779.16562165,32398.43582700,34541.24306562,31721.64188280,30230.42822935,28100.06823452
2024-07-02,29851,31666.86046578,33573.23488242,34691.92861609,33256.80339945,32442.05371415,28252.93118462
2024-07-03,29102,31869.09776684,33739.39706118,33509.13120575,33403.07965251,31748.37347506,26719.61643599
2024-07-04,33013,32779.16562165,34725.34049044,38015.75930448,35330.03338291,29576.39241133,30144.75111687
2024-07-05,16115,32576.92832058,33000.79996671,31230.04571759,32109.89866888,28373.62264505,19726.99080582
2024-07-06,16330,30554.55530990,28741.27131546,27761.55318847,27052.86236560,22428.58748084,16841.79431092
2024-07-07,18236,30251.19935830,26252.75287303,26044.85278968,25146.42477839,23240.77318307,19373.36759814
2024-07-08,25248,31161.26721311,30782.38401386,29681.67385120,30730.52449970,30851.35768900,26303.73946765
2024-07-09,23098,33082.52157325,34987.28021892,31152.37610935,29667.62194191,27601.59089112,21657.37524247
2024-07-10,31742,34093.70807859,35961.46830425,35689.63045079,34383.95006655,33176.56210069,29054.33140752
2024-07-11,31555,34295.94537966,36240.38906526,37565.55481813,37127.46768501,34632.76171671,33261.65117143
2024-07-12,27299,31767.97911631,32192.77406014,32655.72751905,30554.48620128,30083.75709124,27740.97360467
2024-07-13,26402,31970.21641738,30155.31665196,31912.74781107,30559.29640361,30714.58976517,26886.36721292
2024-07-14,27051,33284.75887432,29282.85002267,30190.86581785,29654.21617270,29067.77078689,26031.96916206
2024-07-15,23478,33183.64022378,32802.44878028,31577.69795250,32543.14205482,28700.00433311,18259.16965968
2024-07-16,30739,33689.23347645,35593.29964885,34064.74171695,33186.52887279,32963.17572118,31544.57875607
2024-07-17,33580,35104.89458393,36971.50068747,37495.53424159,38021.78757025,37698.05242769,34001.16608585
2024-07-18,33700,37026.14894407,38967.47649993,39912.22834644,41762.39993350,40446.08505758,37603.50627898
2024-07-19,31605,40059.70846008,40475.03960249,41594.14053217,42793.40454558,40606.86624125,36172.78697250
2024-07-20,27887,36419.43704087,34599.45913810,33205.52172462,32177.11087182,32563.17985890,29529.94871156
2024-07-21,26903,36217.19973980,32211.94393399,32176.07247379,29338.33456805,29149.50704019,26651.50577983
2024-07-22,29737,35003.77593339,34620.50707007,34117.78855821,35487.38968059,32791.00195399,26369.96695088
2024-07-23,32088,35812.72513766,37714.36765360,37112.28779029,35255.07196483,34902.68698283,31266.92908497
2024-07-24,32806,36014.96243873,37880.52983236,37645.27386025,38026.41367102,36184.26823500,31920.13552567
2024-07-25,28334,33891.47077752,35836.37611197,32999.83830594,31502.80461138,31332.85249709,27589.43510784
2024-07-26,29953,34498.18268072,34919.86149481,35325.37205542,34632.08200957,34010.86658899,31859.52064486
2024-07-27,29777,34498.18268072,32680.39760999,34318.10289170,35241.18113422,33628.23176029,30988.26983865
2024-07-28,28508,35913.84378820,31908.93421903,33707.37149451,33727.83236820,33533.11557331,30602.84857084
2024-07-29,31615,37936.21679887,37549.60098139,39655.67630278,41077.49306206,39801.91033960,34803.18169943
2024-07-30,34809,39958.58980955,41855.50042477,43468.85612518,45369.50701455,43118.37599909,37874.34058460
2024-07-31,34683,39149.64060528,41011.63022032,43023.55161248,42527.65410227,39722.00172839,35654.24222272
2024-08-01,29579,38340.69140101,40280.51859811,39843.67642046,41743.30346522,41654.57154950,35089.94070947
2024-08-02,29585,37835.09814834,38252.96835942,37092.28716672,38240.65702130,35952.93750203,30287.97235996
2024-08-03,28892,36925.03029353,35104.47532970,36076.57820036,32608.59143459,29684.49266278,27794.86674280
2024-08-04,26129,34397.06403019,30393.88564421,32825.32057264,33082.81507761,31185.50909582,25673.39424467
2024-08-05,30355,35913.84378820,35529.53621496,34994.21294500,36687.89289203,34666.59027607,32619.60974371
2024-08-06,28834,35408.25053553,37310.35470031,36280.92355875,34763.39625333,33927.09707039,29975.47798263
2024-08-07,30746,33588.11482592,35456.45211265,36472.18350369,35965.14097621,33964.01835603,29342.19701773
2024-08-08,28459,33891.47077752,35836.37611197,34735.80747424,33775.36377881,30805.18345013,27441.44955746
2024-08-09,29086,37127.26759460,37545.94569117,38236.30709198,36014.30668381,32794.41089580,29897.73490102
2024-08-10,27441,35610.48783660,33791.43323153,33843.96169394,35099.46211649,32985.85598438,26526.74123854
2024-08-11,28189,38340.69140101,34333.01193874,34476.74809101,35075.16713932,31889.64378958,27876.93461240
2024-08-12,29969,40969.77631489,40579.69813103,40228.82255432,44119.90238258,40029.43418090,33593.42642853
2024-08-13,33449,36722.79299247,38623.39679849,40330.25198549,41102.32952603,39211.75204030,34774.65330792
2024-08-14,32118,36722.79299247,38587.55250061,37974.80915924,36686.93950495,37560.54661674,33873.88506298
2024-08-15,30900,35206.01323446,37149.41821015,36100.43939651,35283.97329264,32668.10810660,30223.44998238
2024-08-16,29739,35711.60648713,36131.90035467,36164.23833374,36443.61557837,35614.86530890,28984.27050141
2024-08-17,29922,34295.94537966,32478.39113335,35123.65490014,34297.33228978,34760.28610975,31351.02616216
2024-08-18,27020,34700.41998179,30696.89535917,32646.46264815,32334.44696234,30725.84063739,26190.88349442
2024-08-19,28023,33183.64022378,32802.44878028,32950.32473674,31583.16498092,28652.53054501,25646.63158181
2024-08-20,31355,35711.60648713,37613.36441528,38827.13351474,36466.67102048,33322.60176513,30861.08386999
2024-08-21,30177,32678.04697111,34547.42296775,36463.74370105,35416.73531444,32711.83210126,30325.37558724
2024-08-22,25142,33790.35212699,35735.37287365,34553.19852636,31828.74819303,29022.12026760,24826.92185058
2024-08-23,25825,35408.25053553,35828.89063971,37110.15240236,34811.30613120,29879.94286362,28380.74078748
2024-08-24,10985,31262.38586364,29448.29398371,26657.90463922,25333.23086023,23898.63915744,17736.93236490
2024-08-25,22053,31464.62316471,27464.79173289,27812.26071616,28703.90553022,25218.84289612,21751.11234917
2024-08-26,22491,34397.06403019,34014.48764014,34636.98991121,34927.32772431,32564.85828511,27881.01139163
2024-08-27,29762,35913.84378820,37815.37089192,38405.10957836,39374.41658330,36619.23900657,32794.14445789
2024-08-28,31389,37329.50489567,39193.57193054,40463.27531877,43441.84754178,41406.13491656,33410.38846245
2024-08-29,31271,34295.94537966,36240.38906526,37989.45426620,36589.54113701,35199.14265294,31751.01484165
2024-08-30,28656,33385.87752485,33808.82587328,35415.98518110,36050.87358039,34595.34054399,29450.41974923
2024-08-31,24206,33790.35212699,31973.37494174,32333.34117641,30130.99055000,27777.44957308,22746.42487154
2024-09-01,25754,37632.86084727,33625.98927049,32249.75811968,36023.50710402,34144.24742042,29543.60694869
2024-09-02,26535,35913.84378820,35529.53621496,32491.18763256,29254.21071164,29338.30120113,28861.81945357
2024-09-03,31455,35206.01323446,37108.34822367,35693.66309495,36611.64512454,36048.49707179,32932.98018731
2024-09-04,30954,33284.75887432,35153.44239768,36065.65647607,32137.76609765,33458.71028658,33968.40390708
2024-09-05,22364,32779.16562165,34725.34049044,31273.73951131,30859.28268390,26710.90365184,21736.90895572
2024-09-06,24344,33588.11482592,34010.83234992,29584.19685978,27396.40760326,28708.16024560,28829.54775357
2024-09-07,25392,33183.64022378,31367.35551181,28714.47648869,29276.84491630,32384.09950150,29360.64643498
2024-09-08,21605,33082.52157325,29080.84354603,26313.33820947,26449.31459317,26993.60277340,22773.81110590
2024-09-09,27188,31464.62316471,31085.39372882,30229.50069484,27599.28147943,28872.45173238,27777.99531412
2024-09-10,26707,30251.19935830,32159.18954592,31449.08995365,33416.12379658,30228.30611233,25725.92663375
2024-09-11,28335,27116.52119176,28992.24486008,29932.56128026,32291.29691865,30340.99243073,27667.69372906
2024-09-12,28408,26610.92793909,28564.14295283,30247.62338039,31396.24277717,32141.03928944,30264.55414169
2024-09-13,26739,27419.87714336,27849.63481232,30758.32072124,30797.15989610,30997.79578285,29369.99344478
2024-09-14,27141,28734.41960030,26923.21302567,28249.31578329,32328.02139972,32134.23573733,27855.58306128
2024-09-15,22895,30554.55530990,26555.76258799,26310.08000127,28883.18654008,29418.04482655,26238.78830059
2024-09-16,29063,32172.45371845,31792.41639707,32295.00516214,32198.80510684,32739.60292358,30068.47266588
2024-09-17,31957,32071.33506791,33977.24783571,35099.39339955,37141.17270937,36452.83442159,32795.16993992
2024-09-18,32452,34902.65728286,36769.49421082,37089.94496982,38692.15586816,36977.74811805,34768.89619875
2024-09-19,32997,35711.60648713,37654.43440176,37275.89807995,39469.91679336,35626.87209645,30552.53152401
2024-09-20,29257,34700.41998179,35121.86797146,35004.27655906,35585.14787188,32973.38134336,28492.83900964
2024-09-21,29215,35206.01323446,33387.42027824,32427.21251030,33663.02625766,33609.69901819,29625.52853413
2024-09-22,18458,33992.58942805,29989.87269092,26241.03526010,25269.33211091,22689.57390024,16568.40186634
2024-09-23,24471,32880.28427218,32499.43906532,29838.91551665,28442.70633954,21886.43114134,14445.93540793
2024-09-24,30929,30959.02991204,32866.21221417,32000.66782068,29314.98470510,29952.33647910,28878.84039140
2024-09-25,25974,29846.72475617,31719.33229475,30502.89426426,29753.61013190,30481.21232475,27396.91317747
2024-09-26,24899,30453.43665937,32402.26600904,29778.61590254,29800.44875868,26140.36827914,22004.50614964
2024-09-27,19499,27520.99579389,27950.63805064,27933.26215660,25616.02111277,23282.24295319,19991.09451371
2024-09-28,25514,25599.74143375,23792.11263771,25051.09233543,27800.20450527,28869.91219825,24382.83322720
2024-09-29,18982,26712.04658962,22717.63953178,23044.73519846,23814.14800957,22755.64258384,19772.51112575
2024-09-30,22482,29947.84340670,29570.34515400,27127.02409258,27422.79339232,24563.60669296,21468.18627180
2024-10-01,20774,28633.30094976,30543.13773278,28466.78972356,25501.79825825,22481.86256228,20214.84747062
2024-10-02,28360,30352.31800884,32224.34848636,30487.39735550,31184.07942173,30647.31413176,27579.93675385
2024-10-03,30605,28026.58904656,29978.18828933,30200.19489825,30659.97645396,32269.41210099,28650.01423778
2024-10-04,27988,26914.28389069,27344.61862071,26918.35122133,29871.45078918,31429.73350508,27447.22760665
2024-10-05,26582,28936.65690136,27125.21950231,28210.81991898,29215.61869968,29784.55784716,25907.53401878
2024-10-06,18408,29543.36880457,25545.73020478,23959.16263437,21604.71167365,23107.26596219,22145.07854783
2024-10-07,28125,30857.91126151,30479.37429889,28447.53361544,30817.14054906,29784.67143750,25928.42641213
2024-10-08,25316,30857.91126151,32765.20897585,30283.94658454,30739.70217551,28117.12713182,24561.23978535
2024-10-09,30708,30150.08070777,32022.34200972,30424.96477979,28354.80345142,30521.67540815,29192.56288723
2024-10-10,28815,26914.28389069,28867.15266780,29765.98013585,28244.22254582,29310.35511936,27414.79433546
2024-10-11,28213,24184.08032627,24617.53118603,25681.89053321,27620.07657367,29300.73288209,26180.37136214
2024-10-12,22239,27217.63984229,25408.16445085,25812.96688514,26506.66523252,27147.57224790,23295.26365674
2024-10-13,20126,24386.31762734,20394.56505039,22215.73929381,20829.11546113,21886.37603654,20079.43147799
2024-10-14,19090,26408.69063802,26035.23181275,23985.60668534,22245.77827021,21680.89142489,20132.76063344
2024-10-15,30500,29644.48745510,31553.17011599,28859.69535411,30450.06761178,29945.04144387,26909.77614120
2024-10-16,31214,33790.35212699,35658.45858929,33062.67774279,34971.37789990,34694.28201497,30267.61176315
2024-10-17,32080,31565.74181524,33513.30163058,31706.57157721,30906.35414815,31756.18909859,29634.54366353
2024-10-18,28261,28431.06364869,28859.66719553,26629.63223901,27936.51292242,27924.64935007,25987.34993316
2024-10-19,22395,30048.96205724,28236.25512385,26121.82368094,25977.58023834,24276.77513510,20688.04183936
2024-10-20,15468,30453.43665937,26454.75934967,24351.13050908,24275.61222326,21142.96612453,18342.77128740
2024-10-21,27584,29037.77555190,28661.31600911,27481.92667401,25013.10182063,25258.28177476,24342.84598266
2024-10-22,31865,27925.47039603,29836.11506453,27693.16928848,29810.25651238,29394.32045847,26992.94015063
2024-10-23,31895,29543.36880457,31416.32257979,29591.72503656,29758.68424947,30679.80790923,28659.16343526
2024-10-24,32346,29240.01285297,31190.22714919,29545.32026432,31878.18050781,31882.86082994,28611.86375912
2024-10-25,24816,30048.96205724,30475.71900867,26624.45064458,26258.47644903,27984.73142098,26204.30406417
2024-10-26,23337,28127.70769709,26317.19359574,22934.85330327,22857.68148542,25459.43966668,24200.93299650
2024-10-27,24795,27217.63984229,23222.65572339,21555.68306545,22625.11319370,23699.06476509,22099.17904936
2024-10-28,25700,29745.60610563,29368.33867736,26499.39225277,24089.24183632,24113.98012715,24247.95790336
2024-10-29,30592,30048.96205724,31957.18306928,29105.67463354,27599.32990564,30206.60807698,29083.29066285
2024-10-30,31214,29341.13150350,31214.31610315,30316.53429298,27931.66893918,30623.17770539,29642.98019175
2024-10-31,31566,28329.94499816,30281.19800429,29052.42394960,28764.30638841,30979.31449301,28708.34301587
2024-11-01,27055,28228.82634763,28657.66071889,28040.75488756,24325.26793988,25287.21868677,25215.42377947
2024-11-02,23955,29037.77555190,27226.22274064,25829.84649041,23269.09514958,24169.97690353,23519.11799467
2024-11-03,20510,28228.82634763,24232.68810660,23846.04336833,19398.30992031,20540.82607369,20731.31914360
2024-11-04,27091,27116.52119176,26742.25448100,26212.59665667,23974.92645820,24890.60733646,24095.82286115
2024-11-05,29545,26813.16524015,28725.07944299,27420.44003011,24190.15577461,26084.41427660,26579.60822882
2024-11-06,28631,26004.21603588,27881.20923854,25259.35203711,21932.56225511,24447.96132835,25684.64429926
2024-11-07,28350,26408.69063802,28362.13647619,26450.83852403,25426.74976572,26078.34832033,24957.10732847
2024-11-08,25490,25296.38548215,25728.56680757,25449.97759151,21809.84058206,22812.70567163,22959.27542480
2024-11-09,21189,24285.19897681,22479.07053953,23565.34628515,19592.23542050,21508.48396238,21494.81829705
2024-11-10,18237,24891.91088001,20899.58124200,19656.84569660,18191.62824337,20121.81278627,19317.62288111
2024-11-11,27148,26206.45333695,25833.22533611,26022.48566200,23951.32796359,25026.45059512,23832.41571985
2024-11-12,28036,25700.86008428,27614.04382146,27692.72434782,27392.20116120,25443.54092301,23796.27964546
2024-11-13,29515,25498.62278321,27376.19304694,26950.26105016,25927.49729546,27477.98111446,26316.62938005
2024-11-14,29426,26004.21603588,27958.12352290,27799.52859687,26388.11194705,27121.97453909,25520.73964688
2024-11-15,25653,23880.72437467,24314.52147107,24932.20680954,22657.54326919,24744.68552199,23653.58016129
2024-11-16,21136,24184.08032627,22378.06730121,21081.56890486,21160.48102951,21889.63252964,19962.19321637
2024-11-17,17346,24588.55492841,20596.57152703,20320.16013318,19689.97339302,19416.07357504,17662.90513261
2024-11-18,19615,23577.36842307,23207.14113975,21395.76714514,18677.15815747,17937.47018061,18505.37319178
2024-11-19,17590,20442.69025652,22361.87542875,21204.72657058,28880.69214716,23583.52340200,16632.57274275
2024-11-20,25180,17914.72399318,19800.95017283,21772.95029664,23045.70996108,20392.66548359,18047.68011789
2024-11-21,24396,17206.89343944,19170.84178894,20996.10973288,20005.90687517,19913.19183577,19220.95350912
2024-11-22,22179,19937.09700385,20375.39517653,22836.69415509,23705.08685463,22044.46202817,18522.52634681
2024-11-23,12075,24891.91088001,23085.08996946,21653.33245990,26928.03005740,21076.35797830,14567.76690534
2024-11-24,13503,31970.21641738,27969.80792449,27594.90692737,24137.83047794,16815.52668765,14403.60223023
2024-11-25,24620,25801.97873482,25429.21238282,25635.20656654,24173.88184135,21659.93563529,19771.57803739
2024-11-26,27994,23274.01247147,25189.96610175,25954.43472716,25671.87455887,27180.90870583,24702.31150080
2024-11-27,23679,22262.82596613,24144.08942065,22862.92957431,23088.09585748,17803.52383742,15186.00550684
2024-11-28,26533,19431.50375119,21392.91303201,20310.24128143,23098.00471232,25323.17248891,22735.52187440
2024-11-29,24375,22667.30056827,23102.48261121,23548.32695512,24765.85364133,25455.49722184,21953.70434665
2024-11-30,21570,27723.23309496,25913.18064246,23778.90117602,22557.67051164,23838.98104533,22624.50274785
2024-12-01,12955,28026.58904656,24030.68162996,21421.88529621,18355.65283355,18685.37238193,15132.66253288
2024-12-02,24806,25903.09738535,25530.21562115,25333.35900234,23784.53869806,24326.31514157,19079.04286212
2024-12-03,27533,22262.82596613,24179.93371853,24875.21570449,22119.72697956,24408.31171623,20760.17279544
2024-12-04,26448,22667.30056827,24548.10237394,23674.10811784,24706.58797374,24463.51790607,18596.15773060
2024-12-05,21609,28026.58904656,29978.18828933,27777.91233783,26717.94301001,22064.15283668,16036.36475503
2024-12-06,23488,24487.43627788,24920.54090100,26673.80251293,25272.06902477,22363.76786318,16739.31534599
2024-12-07,9901,24487.43627788,22681.07701617,23022.20822075,23995.49539391,15779.66973450,8506.86798004
2024-12-08,8730,23375.13112200,19384.53266718,18673.86633471,16400.23882302,12123.75844966,8084.06570028
2024-12-09,23017,23779.60572414,23409.14761640,23920.85365728,20373.61781431,19533.27839720,16407.11647079
2024-12-10,24695,22970.65651987,24886.95638678,25346.05081951,21682.53750597,20279.02281642,17322.50996198
2024-12-11,25218,22768.41921880,24649.10561226,25592.68623402,21770.16437261,21564.17394224,18373.25049671
2024-12-12,22734,23071.77517040,25029.02961158,23533.33919653,21055.76252966,22929.12647047,19806.68418392
2024-12-13,19553,21251.63946079,21688.43727471,20265.11691667,19056.75010256,20444.10546224,16846.97677542
2024-12-14,17956,21959.47001453,20155.99605814,19789.23993198,18646.93540493,20021.38366467,15577.60560428
2024-12-15,15240,25397.50413268,21404.59743360,19701.90585185,19728.90237021,20539.03796505,14655.85491756
2024-12-16,21272,26509.80928855,26136.23505107,25803.25636151,22708.19294607,22774.16436404,18380.96927242
2024-12-17,22366,24588.55492841,26503.00819992,24755.48427298,23076.92595279,21895.12834877,18086.86699920
2024-12-18,19825,28835.53825083,30709.29991154,29161.26129754,26936.51538889,22976.00445296,18642.00110049
2024-12-19,20105,23274.01247147,25231.03608823,26462.13946873,31341.93207579,29456.86814234,18760.57519116
2024-12-20,15951,21959.47001453,22395.45994296,22027.83606392,23155.79964749,23412.69169138,17180.01306482
2024-12-21,11043,24588.55492841,22782.08025449,22195.53276845,23772.01678793,20831.17117181,13743.39946757
2024-12-22,8964,22363.94461667,18374.50028396,21288.62821668,18419.21999213,15335.27303047,10551.17989932
2024-12-23,11315,22060.58866506,21692.09256493,24026.02593587,20181.80327402,17781.18175174,14466.89202108
2024-12-24,9441,25599.74143375,27513.04058314,24684.11907945,23804.88510468,24642.89936437,20987.56800852
2024-12-25,21560,25195.26683161,27073.18333197,24989.43604628,21946.69413244,24353.55972201,21660.86343906
2024-12-26,7741,22869.53786934,24827.02313494,22703.85047668,21101.63935846,23378.48025065,20310.66009506
2024-12-27,9703,22262.82596613,22698.46965793,19790.03796307,16904.53346603,19255.60230136,17857.88193543
2024-12-28,9243,20543.80890706,18741.95072164,16748.25814957,14617.06151864,16635.05089551,14567.62133835
2024-12-29,8936,21150.52081026,17162.46142411,15221.66874545,15818.49920504,16472.96302325,12084.41055787
2024-12-30,12316,24082.96167574,23712.15733136,24105.33811685,20618.73083955,18919.36497320,16083.55960806
2024-12-31,12845,26206.45333695,28119.06001307,28504.84064720,25895.72431946,20826.83890355,16922.54980189
2025-01-01,5399,25498.62278321,27376.19304694,26728.21848213,26856.89574634,21401.72381655,13875.17748092
2025-01-02,13721,19027.02914905,20988.90007873,22466.35887441,21378.55970914,25567.36560702,20267.22561338
2025-01-03,13674,16903.53748784,17345.29802689,18408.08149487,20620.73164952,25015.23888061,17767.95762657
2025-01-04,10491,17308.01208998,15509.84709536,15204.32336216,16127.35714763,17364.50742110,12680.22360584
2025-01-05,5935,24082.96167574,20091.55533543,17085.76127337,20011.49723088,12300.98436343,4130.94942701
2025-01-06,14965,23172.89382094,22803.12818647,21977.40107385,26249.11764606,25389.00409025,15438.82539532
2025-01-07,20035,18824.79184798,20745.82361561,21149.35110100,20389.32754794,25646.66438949,20128.64042203
2025-01-08,19085,17409.13074051,19295.93398123,19144.12207694,18550.37484738,22577.60538022,18413.32280052
2025-01-09,21382,18116.96129425,20079.87093384,21610.12017562,20002.82910974,21485.98064443,17666.40837744
2025-01-10,17442,15386.75772983,15830.24945207,15729.50434068,17439.65786201,20017.93053365,14987.99400231
2025-01-11,13366,15487.87638037,13691.78880557,13289.98908456,16648.95699499,18721.71710906,13181.56629422
2025-01-12,11082,16802.41883731,12819.32217629,12032.37791541,13179.92145812,16980.52190505,12189.41696348
2025-01-13,21733,20543.80890706,20177.04399011,21771.34822976,20127.33588757,22800.00708098,17595.20972639
2025-01-14,25049,22465.06326720,24381.94019518,23726.50699999,24008.87432944,25082.76830030,19960.02805079
2025-01-15,23666,24588.55492841,26467.16390204,23389.14015891,20956.53235760,23401.47696412,21069.91899384
2025-01-16,25126,23880.72437467,25837.05551815,24691.42545951,22380.49754349,24810.06605858,21197.52606174
2025-01-17,21633,21150.52081026,21587.43403639,21899.21988911,19295.59040499,20657.13892545,17293.39713360
2025-01-18,16226,18925.91049852,17125.89890850,17217.71056808,14770.41831325,16263.00338870,13667.15956917
2025-01-19,13497,18925.91049852,14940.39018104,16069.02270093,12658.56214809,14137.66187676,11298.90720445
2025-01-20,22704,20139.33430492,19773.03103683,19385.68602195,18248.90231542,19780.25641456,16134.14794926
2025-01-21,25346,19532.62240172,21452.84628386,20409.04493581,21073.78565702,21733.32739337,17813.20774960
2025-01-22,24297,19734.85970279,21619.00846262,21285.18770182,19252.07095999,20225.49686328,17555.12841264
2025-01-23,23056,21049.40215973,23008.96484516,22343.81417535,23715.30130344,21175.66817914,15143.76398657
2025-01-24,20395,25195.26683161,25627.56356925,26801.48093189,24035.59819248,18257.40074399,14168.01057127
2025-01-25,19210,21757.23271346,19953.98958150,22290.38973272,21225.45868982,24473.63000778,18466.31982188
2025-01-26,8954,21453.87676186,17465.47113907,17626.57888541,20423.93966995,17062.54231210,8859.42980363
2025-01-27,19425,23981.84302521,23611.15409304,23841.98641696,22406.97643077,17893.57877806,12982.03842979
2025-01-28,20379,24790.79222948,26705.01467657,26049.24381690,23357.31664801,23976.79157899,19701.19721301
2025-01-29,26064,22667.30056827,24548.10237394,24784.32095803,23494.61893978,27227.82708975,22137.98562507
2025-01-30,26648,21352.75811133,23311.97456012,25818.56577950,25434.81276375,29222.60185405,22439.31054833
2025-01-31,17963,21757.23271346,22193.45346632,20552.40532796,20140.56611969,21329.29616089,16617.06583030
2025-02-01,16720,20746.04620813,18943.95719828,18869.63090164,16692.99538679,21976.54266218,17743.14633508
2025-02-02,16586,19330.38510065,15344.40313432,15406.64602021,18337.35400459,20008.80890198,13541.62296582
2025-02-03,22888,21049.40215973,20682.06018172,19333.56876057,20382.85217351,20897.40101226,16016.31345296
2025-02-04,25622,24184.08032627,26098.99524664,25337.11820169,23353.36964583,25197.24163297,20800.29746163
2025-02-05,26382,22667.30056827,24548.10237394,25430.26297415,25357.85549973,27884.82881182,22490.05752636
2025-02-06,26090,21251.63946079,23210.97132180,24424.81555141,24363.55998080,25372.22842161,20277.12772133
2025-02-07,14753,20038.21565439,20476.39841486,20576.83485455,17321.00524939,16167.57972208,13643.79102583
2025-02-08,12721,20847.16485866,19044.96043660,17578.68462526,15861.50869740,15918.50464933,13156.88867348
2025-02-09,11596,20341.57160599,16354.43551754,15537.13770671,14310.73207730,13949.38906189,10897.84422828
2025-02-10,17993,20038.21565439,19672.02779851,19667.34789815,17016.66215169,15447.58283835,12890.42453102
2025-02-11,24450,19937.09700385,21856.85923714,21644.12292742,19105.53022584,20166.14060504,17533.23886347
2025-02-12,24469,20746.04620813,22629.04084583,23070.90580462,20262.59963205,22473.16885412,19596.73449333
2025-02-13,24552,20341.57160599,22301.94217691,24719.16106883,20261.08187742,21388.28630212,18618.69862054
2025-02-14,20800,19633.74105225,20072.38546157,24145.95060777,22273.26770063,21297.50552314,16927.11990470
2025-02-15,14378,19835.97835332,18034.92805339,19527.31880312,19523.04225335,18904.85037187,14011.18378410
2025-02-16,13703,19229.26645012,15243.39989600,17686.69100876,15011.63732550,14783.22990972,11328.82830863
2025-02-17,21263,18622.55454691,18257.98246201,21733.34518063,21369.13189319,20611.11704782,16758.35491594
2025-02-18,23915,19330.38510065,21250.83980721,24504.86408882,24863.98524739,23280.76324185,18236.85245016
2025-02-19,23925,21453.87676186,23336.06351408,25055.66751990,25335.42875972,25060.05416537,19681.87981924
2025-02-20,22515,27520.99579389,29473.17209772,26885.05328643,24987.73662342,23937.26010814,20326.22668349
2025-02-21,18228,28936.65690136,29364.68338714,27300.44872237,26754.30591311,24700.87036663,19565.63762156
2025-02-22,18819,26712.04658962,24903.14825924,23406.18123348,23425.44843040,23915.31857709,18295.89536200
2025-02-23,14408,25801.97873482,21808.61038689,20815.86971544,18340.02811236,16312.95537091,13076.63635401
2025-02-24,19032,26509.80928855,26136.23505107,24551.74370529,25221.47660883,21608.30465904,14311.15694387
2025-02-25,26633,24689.67357894,26604.01143825,27521.86128531,26589.67477977,29420.40786951,23941.46886453
2025-02-26,21984,21959.47001453,23841.07970569,23304.20144284,23454.06325493,25138.36376939,19659.77237901
2025-02-27,26300,22970.65651987,24928.02637326,27488.79628937,27226.77175609,31224.13014796,24107.96217505
2025-02-28,23454,21150.52081026,21587.43403639,23554.44630540,24633.16229200,26774.39678653,21181.75921688
2025-03-01,19734,21352.75811133,19549.97662821,20914.01192508,23860.63607192,25843.31467925,18394.44986540
2025-03-02,18379,21150.52081026,17162.46142411,18491.75020202,22367.89323031,24804.39094559,17096.98614247
2025-03-03,24647,21656.11406293,21288.07961165,23558.00408840,28686.33441254,29652.27229296,21075.37839044
2025-03-04,28010,22262.82596613,24179.93371853,26873.59881684,32029.38618996,31401.79140016,22594.95000602
2025-03-05,28416,23071.77517040,24952.11532722,26645.15527775,33047.16752207,30743.85547732,21586.07148658
2025-03-06,29196,25700.86008428,27655.11380794,30218.99788975,35799.69031568,34125.65466436,23957.04586354
2025-03-07,26438,28936.65690136,29364.68338714,31236.65788305,32066.03050085,33065.83607525,25830.96548288
2025-03-08,26493,28127.70769709,26317.19359574,29353.90208839,29751.58520171,29805.16726073,22683.44819049
2025-03-09,23802,28127.70769709,24131.68486828,27115.18706905,27812.56827612,26121.80410490,19311.14454973
2025-03-10,25149,26105.33468642,25732.22209779,27252.87487437,25381.31405294,22582.97879369,18496.58893433
2025-03-11,26947,23172.89382094,25088.96286343,28093.17989968,24265.09013517,25842.90453499,22108.31990024
2025-03-12,25972,21757.23271346,23639.07322904,26431.10757169,25251.73921685,29925.81260920,24277.54830962
2025-03-13,23776,20644.92755759,22604.95189187,23652.13287219,23935.61180268,26906.25878453,21211.53286741
2025-03-14,22336,20948.28350919,21385.42755975,23391.08528967,24127.99319196,26352.89737115,20484.10618503
2025-03-15,20094,21049.40215973,19246.96691325,23434.40965798,22805.46441957,25656.42049678,20400.75244068
2025-03-16,16381,21150.52081026,17162.46142411,20308.46212233,19759.94825492,24032.71224833,20236.14021043
2025-03-17,23802,22465.06326720,22096.10551822,24393.11934333,21509.62947860,23748.40288672,19593.61172930
2025-03-18,27369,22363.94461667,24280.93695685,28590.32005299,28595.12334728,28417.51640602,23896.89491253
2025-03-19,29044,26105.33468642,27982.21247686,31154.51068999,36856.09102356,37533.63094127,27701.28190439
2025-03-20,30696,29341.13150350,31291.23038751,33724.69543689,36582.61241691,39262.86536708,30606.80078543
2025-03-21,26111,29240.01285297,29667.69310210,31380.77096662,29420.62903054,28436.20812717,23383.26184885
2025-03-22,23395,29442.25015403,27630.23569392,27186.03861004,26660.50237450,30132.58553959,24136.92640161
2025-03-23,18258,27318.75849282,23323.65896171,22162.19146140,20490.50599536,19955.77769717,16099.64780690
2025-03-24,26048,25296.38548215,24924.19619122,26316.83117942,28642.66074007,26433.42982255,18997.25715495
2025-03-25,27802,26105.33468642,28018.05677475,27575.36124319,29626.94358518,30386.89616156,24176.69691188
2025-03-26,29256,28633.30094976,30507.29343490,31541.29697026,32702.90211771,35561.08216057,29017.99052412
2025-03-27,30077,26105.33468642,28059.12676122,28224.36580079,30383.38435508,31439.32695646,26392.90915032
2025-03-28,24616,27318.75849282,27748.63157399,30797.75434140,28309.25375746,29235.97713366,23854.64767945
2025-03-29,23986,25599.74143375,23792.11263771,27291.70370382,27844.97709952,29160.32433327,23518.88111316
2025-03-30,21734,29240.01285297,25242.72048982,28316.45797559,27284.16350305,27242.68741212,22973.80662919
2025-03-31,26923,27015.40254122,26641.25124268,29723.96861343,31935.72670431,34183.17090088,27428.37015057
2025-04-01,28164,26004.21603588,27917.05353642,30420.60549584,30772.36240548,29899.87673951,25390.41307854
2025-04-02,28943,27520.99579389,29396.25781336,32943.97981617,33478.47545519,30233.62329633,25409.99542525
2025-04-03,29578,29341.13150350,31291.23038751,34330.26607700,34497.37812586,32181.91392361,27318.49226589
2025-04-04,27374,31161.26721311,31586.75463021,35132.94060839,36677.69189265,32852.59676326,26469.00152065
2025-04-05,25428,27622.11444442,25812.17740414,30378.68339733,32079.09747532,30690.00066809,24728.30471176
2025-04-06,21149,25903.09738535,21909.61362521,26125.64341621,26909.68392028,27452.11568006,22814.30810816
2025-04-07,25735,25599.74143375,25227.20590618,29286.94058348,30953.65192505,32595.05065006,27195.27513231
2025-04-08,28365,26105.33468642,28018.05677475,31693.24159591,34908.33624244,34792.13237404,28170.65589500
2025-04-09,27116,24790.79222948,26669.17037869,29305.42225564,31072.88896749,33616.58408675,25506.96942986
2025-04-10,28081,26004.21603588,27958.12352290,31029.23867743,33924.25910311,36347.64687271,27510.84355861
2025-04-11,27632,29644.48745510,30071.70605539,33080.11978231,37968.19110289,37456.35279924,29840.82922129
2025-04-12,27077,31161.26721311,29347.29074538,32874.15878845,33719.20773243,33661.33625871,28366.91217513
2025-04-13,18953,29138.89420243,25141.71725150,26700.66517946,25114.08307045,26824.62139717,23270.52902283
2025-04-14,24656,27318.75849282,26944.26095764,28535.82628877,28981.80861773,31609.93163736,25837.98720366
2025-04-15,21451,28329.94499816,30240.12801782,28887.87590409,29356.77955122,27630.47842890,20648.41418137
2025-04-16,27165,27318.75849282,29194.25133672,33285.26100054,31855.70696825,30987.92618470,28062.90921288
2025-04-17,26185,27318.75849282,29271.16562108,32656.28454374,32919.68581394,36103.35551087,31232.04118717
2025-04-18,19205,29341.13150350,29768.69634042,33339.72045881,31684.68658488,32277.69039560,27943.78161453
2025-04-19,19013,28936.65690136,27125.21950231,30814.77367143,28139.86540053,28158.29600245,23213.21297326
2025-04-20,15116,25700.86008428,21707.60714857,23136.28608000,23914.78131735,25917.20118442,19680.01981073
2025-04-21,14806,27925.47039603,27550.28038757,27168.82603962,28115.60873805,27995.28455524,22285.78676271
2025-04-22,26388,27824.35174549,29735.11182621,31769.74050935,33870.03937861,35186.21906571,28389.58195577
2025-04-23,22505,26307.57198748,28184.21895351,27967.04749713,25381.58354871,26546.67357282,21583.69394867
2025-04-24,28944,28026.58904656,29978.18828933,31815.04993853,31608.73876110,33551.51319914,27667.82398687
2025-04-25,27004,27116.52119176,27546.62509735,28736.93865335,30232.26172694,31914.10761844,27173.25853404
2025-04-26,23590,28936.65690136,27125.21950231,28251.19129498,30785.11700866,31291.96095159,24656.26194167
2025-04-27,24248,30352.31800884,26353.75611135,27680.83127381,31546.57078860,32148.78500316,25754.07851776
2025-04-28,29955,32374.69101951,31994.42287371,34719.16323426,38548.01902214,37716.48187802,29746.27034725
2025-04-29,33604,32880.28427218,34785.27374228,38477.90534293,40503.30480566,39550.55952464,32516.87510905
2025-04-30,33783,33891.47077752,35759.46182761,38332.08006755,44193.81544838,42006.79087761,32999.56429225
2025-05-01,34938,35104.89458393,37048.41497183,39470.51153725,42187.70203078,41731.69945895,34592.49414935
2025-05-02,31642,34093.70807859,34515.84854153,35684.96341609,36226.03205154,38176.15158379,32106.68816300
2025-05-03,26695,29745.60610563,27933.24540889,29853.36269405,31519.84047646,31702.28679178,24640.04606415
2025-05-04,20569,25498.62278321,21505.60067193,24708.89423257,22810.62928304,22185.15475560,19267.84304327
2025-05-05,17892,24790.79222948,24419.17999961,27503.09799238,28857.33264206,25333.39519603,20064.12639554
2025-05-06,28201,25599.74143375,27513.04058314,30780.19685651,31978.20454942,29848.92269138,23049.79867657
2025-05-07,30337,26509.80928855,28386.22543015,30774.73364131,32336.31653928,30611.27180938,26808.43739322
2025-05-08,30941,27622.11444442,29574.17533605,32558.16937127,31712.88157269,30223.69343579,26826.35622157
2025-05-09,29017,28127.70769709,28556.65748057,31955.84060439,32931.00022757,28407.61380388,25049.18466313
2025-05-10,29278,30959.02991204,29145.28426874,33578.78235688,33603.07635094,33039.85931636,29235.28685662
2025-05-11,26003,33183.64022378,29181.84678435,32592.02493442,33929.12292753,33879.25502369,28154.79973301
2025-05-12,30663,34093.70807859,33711.47792518,34654.36233167,34756.49026303,38746.86653554,31938.12191126
2025-05-13,34095,33486.99617539,35391.29317221,38342.23206199,38886.93602285,38946.74467722,34595.70762388
2025-05-14,33726,31060.14856257,32931.37115461,36347.81116746,39401.95777404,40005.04730471,33388.75099128
2025-05-15,29940,27520.99579389,29473.17209772,30740.51969511,28341.56333858,29049.71860588,23997.03814192
2025-05-16,30017,29138.89420243,29566.68986378,31500.94733879,32573.83444181,32033.80923559,29141.40644966
2025-05-17,27628,30251.19935830,28438.26160049,31634.39201760,31840.51404242,35137.49295031,29986.94347059
2025-05-18,21888,29240.01285297,25242.72048982,27286.98788741,25182.92936060,26922.72599260,21903.73127922
2025-05-19,29321,30756.79261097,30378.37106057,32645.21896433,34332.99802151,35660.33269655,27851.20164786
2025-05-20,33420,31767.97911631,33674.23812074,37599.60544444,38942.52795166,42934.15235116,36691.27013178
2025-05-21,27816,30959.02991204,32830.36791629,34974.24662737,32796.68994375,34139.95296415,26714.33666140
2025-05-22,31012,27824.35174549,29776.18181269,32216.88818691,29934.17694170,32370.38318544,28016.46470943
2025-05-23,27585,29442.25015403,29869.69957874,33401.21527867,34721.93363194,34199.68290730,29780.40527974
2025-05-24,20911,32374.69101951,30559.32960524,29494.21627404,30386.63124423,26889.84493393,18574.46929279
2025-05-25,21620,32576.92832058,28575.82735442,30365.97271894,27144.46629136,23654.58125839,21361.65974283
2025-05-26,18419,30554.55530990,30176.36458393,31755.17318048,31081.42589566,28096.62942612,23172.90985925
2025-05-27,22770,31060.14856257,32967.21545249,31194.17805639,27981.46474562,23484.69342817,19732.80570991
2025-05-28,29725,33486.99617539,35355.44887432,36592.35987586,34254.03396479,33302.68960943,29910.91654718
2025-05-29,25522,34700.41998179,36644.40201854,36882.99244940,38891.48462585,37034.47939374,31014.61058862
2025-05-30,29232,35206.01323446,35626.88416306,35695.27873042,35690.55277937,34040.56954652,30779.24050854
2025-05-31,28670,36419.43704087,34599.45913810,35385.57602900,35587.46330609,32346.18601234,31412.76337913
2025-06-01,22164,33082.52157325,29080.84354603,31420.31727436,29353.53952565,29793.89448249,27356.77072438
2025-06-02,28822,32576.92832058,32196.42935036,35911.99433817,33416.66206323,35027.12575011,34232.40622740
2025-06-03,26683,30453.43665937,32361.19602256,32218.02160948,30690.41563974,30798.32580965,26483.61285582
2025-06-04,30150,30756.79261097,32628.36143965,34023.64377951,33121.52665822,34649.03531292,32324.76809600
2025-06-05,18813,30150.08070777,32099.25629408,30098.77364305,28613.10956728,28886.94257341,24378.37546400
2025-06-06,26190,31464.62316471,31889.76434517,33399.78470764,33200.96332489,35521.71858974,32454.52483049
2025-06-07,15916,29543.36880457,27731.23893224,26581.40572578,27375.34757169,28325.86404227,21053.89212031
2025-06-08,22115,29745.60610563,25747.73668142,27594.46198670,27395.75912507,29663.53191646,27637.27462851
2025-06-09,29251,31869.09776684,31489.40668211,33018.87666272,32729.22368676,30921.51635220,29108.03379719
2025-06-10,31591,33790.35212699,35694.30288717,36669.63322525,36608.51875012,40074.45533384,32677.38831291
2025-06-11,32437,33183.64022378,35052.43915936,35196.73413607,37403.17372559,38283.25148670,30835.98067713
2025-06-12,32301,35610.48783660,37553.43116343,37840.15958820,41344.58147291,40978.42983874,34217.25500904
2025-06-13,29089,38138.45409994,38555.97807438,38851.25529057,40191.77575591,40536.54109906,37864.46110999
2025-06-14,28025,36014.96243873,34195.44618481,34836.81142951,33392.51652299,31367.88622098,30564.61113343
2025-06-15,23639,34498.18268072,30494.88888253,32018.83080834,32049.71640579,33002.45563252,28345.77136014
2025-06-16,30829,36014.96243873,35630.53945328,37013.71950120,37808.65065590,41629.19775975,38014.93435387
2025-06-17,33908,37127.26759460,39027.40975178,41201.98759303,40819.98678403,42389.77326797,38845.97704240
2025-06-18,34720,38239.57275047,40102.60107543,42530.65529776,42552.19326969,45576.69318886,41561.96622852
2025-06-19,34878,40160.82711062,42098.57688790,44099.55050647,44513.89167849,44638.73676695,41937.74448380
2025-06-20,31319,39149.64060528,39566.01045760,41081.05852944,39643.92881385,40011.90309912,37317.69584397
2025-06-21,28318,40969.77631489,39144.60486256,41867.00951530,41967.70251825,43069.04348834,37924.25906862
2025-06-22,24922,37936.21679887,33928.99898546,35704.32403583,31928.87696904,31313.11593181,30620.44048330
2025-06-23,30429,35104.89458393,34721.51030839,38418.27785881,34011.17933114,34989.01021892,34591.42435303
2025-06-24,31502,35509.36918606,37411.35793863,37715.04516285,40329.82595479,39734.70933787,33283.27663291
2025-06-25,32343,37733.97949781,39597.58488382,40043.12689409,40295.02840932,45418.65643461,40464.45016615
2025-06-26,32023,36925.03029353,38866.47326161,40294.81866266,38364.65106897,37246.63503764,32978.97893516
2025-06-27,30277,35913.84378820,36333.90683131,37235.95530963,39909.23487658,40061.12316725,35295.46832055
2025-06-28,27565,39554.11520741,37730.55952606,37211.17269261,40069.53174982,43417.14581831,34994.26322125
2025-06-29,25605,39857.47115902,35848.06051356,36368.08341306,36796.86648668,41810.37370421,38064.42909785
2025-06-30,31531,41879.84416969,41488.72727592,43204.55849348,43548.66593552,45769.14429018,41269.40748403
2025-07-01,33737,43598.86122877,45491.61700434,47378.26743240,46037.92041257,47461.47096037,45114.92689341
2025-07-02,30748,36217.19973980,38082.53630900,39241.81872422,36764.18297389,37404.55145184,31355.16046529
2025-07-03,34415,35408.25053553,37351.42468679,42985.63451740,37671.85139358,42807.39172403,42163.65068016
2025-07-04,31137,36925.03029353,37343.93921453,41827.48404491,39129.10632009,40927.51546946,38183.82139224
2025-07-05,24863,35812.72513766,33993.43970817,34673.45041379,31476.73894902,35168.74139827,30011.09972205
2025-07-06,21352,35307.13188499,31302.91478910,30916.12001494,27530.40660436,32196.84946912,24873.56776326
2025-07-07,26704,33486.99617539,33105.45849525,34648.73579658,32459.11481044,32301.28872812,26589.25790369
2025-07-08,34553,34801.53863232,36704.33527038,40897.81957647,38269.93227360,40514.15856307,39251.74528047
2025-07-09,34211,36823.91164300,38688.55573893,41165.08561965,40298.06013880,45437.67482677,40878.58965058
2025-07-10,35172,39655.23385795,41593.56069629,43933.37622320,45000.15730149,45976.43751612,41679.53374125
2025-07-11,31746,41172.01361595,41586.07522402,43905.62427890,42463.63921249,43485.37242822,40958.55143230
2025-07-12,28433,39250.75925581,37427.54981109,38924.14290537,39545.70446853,41156.92435208,36978.16697885
2025-07-13,25475,37632.86084727,33625.98927049,33985.72728798,35265.92600028,36146.13232414,31158.14130374
2025-07-14,30945,37329.50489567,36943.58155146,38499.46555149,35530.45982748,32652.51116132,30403.07366693
2025-07-15,31511,34498.18268072,36401.32555542,38089.19567643,35185.79763184,32529.47779780,30072.99937477
2025-07-16,33188,35913.84378820,37779.52659404,39683.09059275,39068.78418450,42051.19145436,37847.90079032
2025-07-17,31942,38542.92870208,40482.52507475,41520.96403645,37960.86043901,43402.17643782,38019.74076048
2025-07-18,30134,39857.47115902,40273.03312585,41148.17988439,41049.05285634,43533.07750180,38959.69858332
2025-07-19,15480,35711.60648713,33892.43646985,31099.64588131,30855.62630685,30781.11807783,16199.02389687
2025-07-20,20385,35003.77593339,30999.90507414,29823.27959520,29205.93085491,31833.11331038,25852.39058361
2025-07-21,25226,34498.18268072,34115.49087846,33669.01464289,35335.31528970,40004.98153535,32446.29315191
2025-07-22,30406,34902.65728286,36805.33850871,35388.06450736,35483.07396786,42975.33635983,35634.31763332
2025-07-23,30546,35307.13188499,37173.50716411,38325.02296143,35244.28608094,37265.53717018,33154.70756316
2025-07-24,27712,34194.82672912,36139.38582693,34637.69230177,31988.30336751,32525.20150077,28262.37420842
2025-07-25,30055,37430.62354620,37848.95540613,38763.94824762,38398.39798260,38907.27441209,33966.24960145
2025-07-26,25990,35711.60648713,33892.43646985,34309.17027387,31905.87773319,36632.81461362,31128.18144108
2025-07-27,23024,34801.53863232,30797.89859749,33333.71379612,28299.15073853,32420.67841868,29711.72827827
2025-07-28,29840,35711.60648713,35327.52973832,38161.49044985,36092.01860322,38209.17407323,35661.48142463
2025-07-29,30910,33891.47077752,35795.30612549,36953.17061315,32723.18700904,37167.05281096,33628.04170309
2025-07-30,32188,36116.08108926,37981.53307068,38352.71069622,37709.93273685,41039.48075801,34547.00611982
2025-07-31,26454,35206.01323446,37149.41821015,35252.64050036,34615.24652448,38360.85534580,30067.55319843
2025-08-01,26290,32981.40292272,33404.81291999,34120.35012548,33223.38497261,37356.41275384,32603.74770948
2025-08-02,24544,33284.75887432,31468.35875013,34024.25018947,31677.94716622,38189.71739415,33032.28370929
2025-08-03,23555,34295.94537966,30292.88240589,29049.65916013,30711.85288943,34072.69754692,26114.80288749
2025-08-04,26149,35610.48783660,35226.52650000,34103.22940530,31229.86352137,33234.80959497,28925.20083368
2025-08-05,188,34093.70807859,35997.31260213,39619.55694131,36504.93578074,34842.98695677,33364.23916604
2025-08-06,30069,33790.35212699,35658.45858929,38815.59882379,38259.22503629,38350.12061776,34944.35300175
2025-08-07,29724,34902.65728286,36846.40849518,37490.43860121,36991.15075660,36554.67900299,31134.36558085
2025-08-08,24686,36318.31839033,36737.91978460,38430.66192523,37412.66244060,39996.32036941,33663.83909771
2025-08-09,26107,35509.36918606,33690.42999320,36446.97769055,36823.38711341,37516.76737777,31426.54288640
2025-08-10,30639,36419.43704087,32413.95041063,34297.44522586,34853.10301068,34994.47453669,30753.19850961
2025-08-11,28359,38441.81005154,38054.61717300,39942.96471407,42319.90724866,40607.23009180,34457.30600739
2025-08-12,31624,41070.89496542,42966.53604631,45194.95491981,44710.69348372,42870.81425810,38208.22755657
2025-08-13,29180,37329.50489567,39193.57193054,37536.35055826,38712.32977413,39014.51799041,32118.72736057
2025-08-14,30843,38138.45409994,40078.51212147,40084.02916480,42075.21467879,45179.22221501,38225.93512118
2025-08-15,28467,39149.64060528,39566.01045760,40213.07394529,42234.70621264,45512.65771246,38260.13756863
2025-08-16,23747,34902.65728286,33084.41056328,32747.37025082,30132.17030378,33131.41469037,27751.69632734
2025-08-17,31690,35307.13188499,31302.91478910,32551.16074322,34841.92225130,34407.19968450,28555.44009578
2025-08-18,26726,35206.01323446,34822.51354671,35149.13415809,32890.53109388,34681.96147875,29664.53804366
2025-08-19,29654,35913.84378820,37815.37089192,38041.76719430,37780.09286747,37586.13529138,31701.86170193
2025-08-20,29311,33689.23347645,35557.45535097,37179.62033966,35930.40060144,35542.87097797,29606.34603663
2025-08-21,27666,33082.52157325,35028.35020540,37372.63055592,35240.53686299,35299.26273315,30433.57701024
2025-08-22,25413,33082.52157325,33505.81615831,36826.17007380,35786.01296141,37884.04079461,32288.10830705
2025-08-23,22711,34902.65728286,33084.41056328,35532.99519530,34276.59971789,34776.49750843,28484.99811484
2025-08-24,26664,35003.77593339,30999.90507414,33497.07481184,33315.98014277,34048.67681236,28917.22152807
2025-08-25,23069,36823.91164300,36438.56535985,39705.91805245,39378.16608575,36731.19653981,32042.02649676
2025-08-26,26865,35913.84378820,37815.37089192,38970.30884246,39807.78060989,36956.43599476,29583.47097763
2025-08-27,27347,34498.18268072,36365.48125754,35996.16679424,35410.91748511,32855.51842747,28316.92083765
2025-08-28,27835,33486.99617539,35432.36315869,35236.69865094,34368.42047965,31838.69831230,29262.07892816
2025-08-29,19567,33082.52157325,33505.81615831,32223.83320900,32978.83748996,33092.03490484,26821.45596001
2025-08-30,20256,32981.40292272,31165.34903517,29641.14262516,29656.79293215,26832.14497188,22831.40995188
2025-08-31,25653,33790.35212699,29787.86621428,30175.36890909,29392.33642920,25527.50914364,22088.72250889
2025-09-01,24167,32678.04697111,32297.43258868,31492.26642124,30387.95863582,28305.13237327,27781.12840646
2025-09-02,26687,31970.21641738,33876.24459739,31888.93125115,30816.96231049,30305.49543439,30019.57930651
2025-09-03,21134,33891.47077752,35759.46182761,32781.01586659,32714.45833532,28733.09273464,25404.64754390
2025-09-04,26487,32273.57236898,34220.32429883,33550.03347646,33474.14183737,31577.01861918,28635.68093305
2025-09-05,27694,32678.04697111,33101.80320503,33431.22346582,35137.05263844,35720.94426109,32598.48579506
2025-09-06,25679,34093.70807859,32276.38465670,32558.19701200,33233.06796825,31019.55429726,28494.06246331
2025-09-07,27351,36318.31839033,32312.94717231,32681.65242973,33845.44059518,32682.31019268,28972.38742651
2025-09-08,41193,33284.75887432,32903.45201861,33980.73258077,32595.75058890,31540.29698639,30816.24266558
2025-09-09,45823,31869.09776684,33775.24135906,34471.76155975,35869.39735646,35124.19993179,32866.20245388
2025-09-10,37537,31869.09776684,33739.39706118,32318.17561354,30559.91883125,30984.54405318,30736.35080780
2025-09-11,42067,30453.43665937,32402.26600904,31837.55607890,34105.47302824,31312.14263374,27625.72751791
2025-09-12,27294,29846.72475617,30273.71253203,30175.25622150,31677.23404869,29848.91154992,27439.80446759
2025-09-13,22165,30048.96205724,28236.25512385,27898.16422525,28127.28868143,27057.95922821,24805.97262858
2025-09-14,15252,29644.48745510,25646.73344310,23415.08681413,25475.18270730,24437.15105913,21079.25280411
2025-09-15,26726,32273.57236898,31893.41963539,33184.11319015,30105.50670105,23207.64692352,24487.57920267
2025-09-16,31641,31262.38586364,33169.22192914,34809.29172072,33154.74873765,30423.56480149,29163.04431581
2025-09-17,28584,32273.57236898,34143.41001447,31797.09874884,30390.27997521,30047.63548113,28432.32876992
2025-09-18,31688,35206.01323446,37149.41821015,34869.11242829,32809.94797557,33684.00196480,31908.96251891
2025-09-19,31073,35913.84378820,36333.90683131,35499.98614133,40562.35431868,38983.05274966,32581.19679384
2025-09-20,24231,33082.52157325,31266.35227349,29884.30863705,30405.97221963,26950.16684064,23839.11411975
2025-09-21,21817,29037.77555190,25040.71401317,27951.24007983,24941.45824663,21500.32492964,21116.32096285
2025-09-22,28756,28228.82634763,27853.29010254,31168.40553186,31697.48176160,30149.78375323,27275.82967704
2025-09-23,31289,28026.58904656,29937.11830285,32175.32978111,32916.02484432,32944.41775465,29204.15924578
2025-09-24,31834,29644.48745510,31517.32581811,33831.65727314,33161.21819864,32174.13751799,30605.54023848
2025-09-25,32476,29947.84340670,31897.24981744,35607.59095631,35412.38934002,32968.47748821,29890.15023631
2025-09-26,27708,28835.53825083,29263.68014882,30791.63499113,28951.28971775,30210.25194639,27253.38373881
2025-09-27,25523,29947.84340670,28135.25188553,29148.73912562,28641.28736631,28682.00330130,25870.35976032
2025-09-28,18199,29138.89420243,25141.71725150,22582.78482674,23252.84425939,25263.28977516,22879.66677866
2025-09-29,29911,28734.41960030,28358.30629414,27882.82716653,32692.97407632,33484.23661525,28793.44582556
2025-09-30,34373,29442.25015403,31351.16363935,31744.37322691,36085.89975005,37399.44073801,31854.64924271
2025-10-01,32287,29543.36880457,31416.32257979,30479.89530871,33071.64073334,34247.72864462,29741.07799464
2025-10-02,32413,30756.79261097,32705.27572401,31275.17008234,32661.99355034,32326.52365165,29387.76782781
2025-10-03,20567,32273.57236898,32697.79025174,29814.23428980,28121.97497082,25508.39797240,24246.09068099
2025-10-04,21913,29543.36880457,27731.23893224,29003.68828620,29080.23159180,21768.65108088,19531.73154943
2025-10-05,20374,29341.13150350,25343.72372814,27812.75353135,26854.09489835,23686.76290807,21037.69093674
2025-10-06,31434,30655.67396044,30277.36782225,30363.29846408,34529.45494099,33446.91595221,27688.50537791
2025-10-07,33204,30150.08070777,32058.18630760,31549.08063782,30559.22798655,31757.98817034,29623.64467372
2025-10-08,33297,30554.55530990,32426.35496300,31296.70038734,30115.55618424,33164.28705480,30922.71239499
2025-10-09,33769,28835.53825083,30786.21419590,31116.05290520,29777.45647607,30693.79467759,28942.93613426
2025-10-10,29719,30453.43665937,30879.73196196,30443.29670064,26209.00637755,29212.73379666,28575.48524475
2025-10-11,26603,29138.89420243,27327.22597896,27647.49616657,28437.22407867,30042.84464903,26184.68919217
2025-10-12,22172,28026.58904656,24030.68162996,23319.33996854,25829.56815318,26167.42189933,21719.86962624
2025-10-13,29858,30453.43665937,30075.36134561,28423.59690405,26129.58751746,28487.72270408,27238.59318404
2025-10-14,31942,28532.18229923,30442.13449446,28909.93710379,26175.80846743,29377.54396733,28429.90753005
2025-10-15,32087,28228.82634763,30103.28048161,29539.16283452,26073.10563845,29820.85884973,29252.07997046
2025-10-16,29494,29240.01285297,31190.22714919,30857.38998455,28995.90717365,32713.97784897,30737.02671456
2025-10-17,28042,29644.48745510,30071.70605539,30940.43685394,27102.11069218,29595.70709444,28449.72418397
2025-10-18,24473,29138.89420243,27327.22597896,29524.76515090,26395.10339741,25855.96567546,24234.51007366
2025-10-19,14381,29745.60610563,25747.73668142,23940.85245807,21365.90258509,21871.90532181,21108.15812013
2025-10-20,18824,29442.25015403,29065.32896239,25446.92320905,23298.39860005,24128.02837076,24290.28342495
2025-10-21,31017,29138.89420243,31048.15392439,29218.34895893,28815.05983302,29562.19365129,27523.14253966
2025-10-22,29925,27622.11444442,29497.26105168,28221.46657920,29811.28618111,30617.01857065,27433.75527513
2025-10-23,23107,26206.45333695,28160.12999955,27175.64778046,26049.61855654,24723.80632725,23388.40407612
2025-10-24,26825,24993.02953055,25425.55709260,26698.67698018,27602.18816615,25240.07223184,22673.06417771
2025-10-25,22256,25498.62278321,23691.10939939,24807.92632354,23296.89998137,23460.18670599,21691.08884250
2025-10-26,18162,23981.84302521,19990.55209710,20516.39047812,20056.67504671,20429.63783116,19201.88892285
2025-10-27,27260,27824.35174549,27449.27714925,29206.64277213,25860.96779526,23485.53586066,22894.54572031
2025-10-28,30494,28936.65690136,30846.14744774,31638.75600765,28872.20412655,26374.41154385,25753.29669330
2025-10-29,23640,27217.63984229,29093.24809840,27127.68840362,25490.77217088,28027.50417181,26885.09919214
2025-10-30,29854,25599.74143375,27554.11056962,26847.05023731,28485.36278116,28081.80344462,25434.85986865
2025-10-31,21079,30655.67396044,31081.73843860,28850.50286006,26309.19273144,25471.29635019,24498.79902580
2025-11-01,20047,29037.77555190,27226.22274064,26677.64538656,26158.19629030,23630.37775949,21751.46038292
2025-11-02,18059,25397.50413268,21404.59743360,21236.01814012,21856.27441459,21223.71926418,18413.98553457
2025-11-03,25501,29442.25015403,29065.32896239,27667.34888943,27571.03942934,25065.99368973,22561.65533882
2025-11-04,30018,30857.91126151,32765.20897585,31878.61593681,28021.88002382,27520.32009121,27283.44105501
2025-11-05,30248,31869.09776684,33739.39706118,34175.25890986,30702.57091021,30667.63867966,28930.27052692
2025-11-06,29943,31666.86046578,33614.30486890,32393.82272517,29972.10975460,32016.13426062,29946.93309285
2025-11-07,25429,30150.08070777,30576.72224699,27937.45812066,25407.28713895,26261.54112777,25726.93146188
2025-11-08,23184,28026.58904656,26216.19035742,24589.14196371,23678.82946769,25386.12377192,24396.70769961
2025-11-09,20140,26813.16524015,22818.64277010,21027.10415396,22298.03449746,21828.59119228,19544.15752251
2025-11-10,23649,28228.82634763,27853.29010254,25052.14206680,23117.22785777,23579.88215980,22956.53796091
2025-11-11,30151,28734.41960030,30644.14097110,28851.25555147,27963.02813684,27410.77433690,25711.73197938
2025-11-12,31474,30756.79261097,32628.36143965,31863.77516313,29694.54500546,29954.50421173,28148.98041532
2025-11-13,28334,30756.79261097,32705.27572401,31073.31320231,29344.84303792,29785.50967612,28389.04739459
2025-11-14,18697,29644.48745510,30071.70605539,25813.27210104,22578.20812968,23291.44334121,24264.70217496
2025-11-15,21504,28228.82634763,26418.19683406,22976.16243513,20642.36237897,22504.71690949,22711.29626304
2025-11-16,17920,25801.97873482,21808.61038689,22612.39594775,18816.21408318,20108.51127508,19717.06953588
2025-11-17,26156,22363.94461667,21995.10227990,23968.28213941,22272.30215463,22137.77151285,20808.72218672
2025-11-18,27927,19835.97835332,21755.85599882,21703.74223558,22715.41191889,22973.48890286,21201.85250511
2025-11-19,22065,19937.09700385,21821.01493926,22457.83311773,20552.18155740,19571.29880050,19414.72112700
2025-11-20,25710,17914.72399318,19877.86445719,23202.91401621,21858.05162030,22842.90934008,21002.74160237
2025-11-21,23129,18723.67319745,19163.35631668,20241.67302046,22423.38450522,23623.23925321,20289.51563757
2025-11-22,11411,21757.23271346,19953.98958150,19565.32185224,18951.09470515,18331.69761206,17197.64985700
2025-11-23,15772,24184.08032627,20192.55857375,19811.76690969,18905.92674944,17043.94436684,15787.80907039
2025-11-24,23402,22363.94461667,21995.10227990,21687.29939501,19249.32845445,20174.61709015,20000.53265150
2025-11-25,28109,21757.23271346,23674.91752693,24971.45536526,22928.89612170,23918.33742175,23081.53719635
2025-11-26,27139,20038.21565439,21922.01817758,21954.12867349,24846.50793420,24567.38111780,21208.04694877
2025-11-27,27580,28127.70769709,30079.19152765,27576.99321364,25713.61708106,26575.58972474,25643.86280344
2025-11-28,25760,27015.40254122,27445.62185903,26677.06072114,24566.00189073,22557.42683185,21615.45122766
2025-11-29,17020,25397.50413268,23590.10616107,22707.67701533,21647.53354712,21233.09596331,19418.00332938
2025-11-30,17534,21656.11406293,17667.47761571,18698.29586129,18374.07881632,19465.13764127,17059.27711812
2025-12-01,20259,26307.57198748,25934.22857443,24307.63993755,22793.86541575,19122.58299393,14387.89253747
2025-12-02,26622,25094.14818108,27008.02439153,25769.45745240,24897.59962347,25398.38675121,20186.84531377
2025-12-03,27235,23071.77517040,24952.11532722,23455.81657320,24701.54613296,26599.10124142,20993.99705805
2025-12-04,21863,22970.65651987,24928.02637326,23269.98749663,21856.96332452,21583.83247443,17480.81498095
2025-12-05,21486,21554.99541240,21991.44698968,20631.27256828,23253.26048531,19486.49716395,13484.32319744
2025-12-06,18132,26813.16524015,25004.15149757,24436.58907750,22374.35215830,20391.38991777,15959.63536722
2025-12-07,12797,27015.40254122,23020.64924675,20928.05122564,21599.62262063,17829.49789866,11635.09808841
2025-12-08,23920,28127.70769709,27752.28686422,25858.63183109,24855.63076656,24316.87879201,18876.34046593
2025-12-09,25934,29037.77555190,30947.15068607,29782.61046718,26883.36844533,23664.24851678,18266.82232798
2025-12-10,28750,26914.28389069,28790.23838343,28840.65861637,27890.71782212,25876.21693781,20009.44781994
2025-12-11,28297,25700.86008428,27655.11380794,26545.20267311,25963.33187568,25993.94788838,20796.74242933
2025-12-12,23850,26206.45333695,26637.59595246,24953.77519405,23776.26691839,24923.05122978,19920.48504094
2025-12-13,20912,22566.18191773,20762.01548807,19915.98059509,21529.25337828,22543.66193085,16380.74748998
2025-12-14,16474,24689.67357894,20697.57476535,19897.19844095,18857.51084716,18553.38347146,13611.36497508
2025-12-15,23020,26813.16524015,26439.24476604,25584.02706101,21694.56765712,21745.81429851,18498.54192811
2025-12-16,23408,25700.86008428,27614.04382146,26158.61205955,24665.89221849,26347.24448970,21535.58183430
2025-12-17,23344,22262.82596613,24144.08942065,23105.15783035,26000.65508617,23659.59687011,16746.73916513
2025-12-18,15833,27116.52119176,29069.15914444,26517.95987898,24452.90126618,18446.53972001,12127.60440582
2025-12-19,20159,24891.91088001,25324.55385428,25446.22656811,24242.57595805,24132.44876002,18743.34248319
2025-12-20,14975,23172.89382094,21368.03491800,19861.05006617,19738.09470588,19989.05543728,15683.34778650
2025-12-21,9502,25700.86008428,21707.60714857,18877.10591125,16482.90501712,14702.36381622,11535.36819170
2025-12-22,15832,25801.97873482,25429.21238282,23011.06712608,20915.10790125,21202.93444962,18020.01644060
2025-12-23,13204,23678.48707361,25593.97905503,25776.51455852,23482.20579065,20870.21919675,16759.20870000
2025-12-24,8601,21453.87676186,23336.06351408,26468.66568015,23054.72716481,19419.18787108,15604.11312815
2025-12-25,15085,20240.45295546,22200.93893858,26171.59284923,23263.78444784,19647.27361565,15152.18036488
2025-12-26,6557,21049.40215973,21486.43079807,22604.78121338,20257.04835377,19558.80199104,15577.98265349
2025-12-27,8895,21656.11406293,19852.98634317,19887.35510445,18971.15651146,18472.62622055,14033.30610944
2025-12-28,8764,23172.89382094,19182.52619053,20730.93099937,16309.12365421,15918.86852457,12707.49349933
2025-12-29,11285,21959.47001453,21591.08932661,23177.28928388,20019.56319327,20755.24180294,16740.35462908
2025-12-30,12203,21049.40215973,22967.89485868,24197.83493019,22320.81112231,23517.56764700,19234.55645495
2025-12-31,11358,17712.48669211,19598.94369619,19449.72066454,19714.40178360,20362.77079622,16522.00751197
